A,Value
0.9,-0.560228343656811
0.9,-0.560228343656646
0.9,-0.560228343656957
0.9,-0.560228343656806
0.9,-0.560228343656858
0.9,-0.560228343656674
0.9,-0.560228343656972
0.9,-0.560228343656808
0.9,-0.560228343656842
0.9,-0.560228343656677
0.9,-0.560228343656539
0.9,-0.560228343656894
0.9,-0.560228343656711
0.9,-0.560228343656999
0.9,-0.560228343656858
0.9,-0.560228343657155
0.9,-0.560228343656975
0.9,-0.560228343656793
0.9,-0.560228343656653
0.9,-0.560228343656482
0.9,-0.560228343656772
0.9,-0.560228343656586
0.9,-0.560228343656917
0.9,-0.560228343656742
0.9,-0.56022834365703
0.9,-0.560228343656872
0.9,-0.56022834365718
0.9,-0.560228343657
0.9,-0.560228343656802
0.9,-0.560228343656686
0.9,-0.56022834365651
0.9,-0.560228343656797
0.9,-0.560228343656628
0.9,-0.560228343656947
0.9,-0.560228343656757
0.9,-0.560228343657067
0.9,-0.560228343656909
0.9,-0.560228343657176
0.9,-0.560228343657018
0.9,-0.560228343656855
0.9,-0.560228343656735
0.9,-0.560228343656564
0.9,-0.560228343656838
0.9,-0.560228343656659
0.9,-0.560228343656986
0.9,-0.560228343656785
0.9,-0.560228343657066
0.9,-0.560228343656928
0.9,-0.560228343656757
0.9,-0.56022834365704
0.9,-0.560228343656867
0.9,-0.56022834365676
0.9,-0.560228343656605
0.9,-0.560228343656871
0.9,-0.560228343656678
0.9,-0.560228343657014
0.9,-0.560228343656808
0.9,-0.560228343657098
0.9,-0.56022834365695
0.9,-0.560228343656807
0.9,-0.560228343657108
0.9,-0.560228343656909
0.9,-0.560228343656779
0.9,-0.560228343656624
0.9,-0.560228343656993
0.9,-0.560228343656803
0.9,-0.560228343657109
0.9,-0.560228343656985
0.9,-0.560228343656742
0.9,-0.560228343657075
0.9,-0.560228343656943
0.9,-0.56022834365726
0.9,-0.560228343657045
0.9,-0.560228343656913
0.9,-0.560228343656798
0.9,-0.560228343656997
0.9,-0.560228343657292
0.9,-0.560228343656714
0.9,-0.560228343657046
0.9,-0.560228343657213
0.9,-0.560228343656703
0.9,-0.560228343656958
0.9,-0.560228343657247
0.9,-0.560228343657089
0.9,-0.56022834365693
0.9,-0.560228343656782
0.9,-0.56022834365704
0.9,-0.56022834365732
0.9,-0.560228343656742
0.9,-0.560228343657134
0.9,-0.560228343657259
0.9,-0.56022834365672
0.9,-0.560228343656986
0.9,-0.560228343657256
0.9,-0.560228343657112
0.9,-0.560228343656961
0.9,-0.560228343656824
0.9,-0.560228343657107
0.9,-0.560228343656462
0.9,-0.56022834365677
0.9,-0.560228343657106
0.905042016806723,-0.589154856481481
0.905042016806723,-0.589154856481319
0.905042016806723,-0.589154856481626
0.905042016806723,-0.589154856481479
0.905042016806723,-0.58915485648153
0.905042016806723,-0.589154856481334
0.905042016806723,-0.589154856481648
0.905042016806723,-0.589154856481481
0.905042016806723,-0.589154856481512
0.905042016806723,-0.589154856481336
0.905042016806723,-0.589154856481208
0.905042016806723,-0.589154856481555
0.905042016806723,-0.589154856481379
0.905042016806723,-0.589154856481666
0.905042016806723,-0.58915485648153
0.905042016806723,-0.589154856481819
0.905042016806723,-0.589154856481644
0.905042016806723,-0.589154856481458
0.905042016806723,-0.589154856481326
0.905042016806723,-0.589154856481165
0.905042016806723,-0.589154856481439
0.905042016806723,-0.589154856481251
0.905042016806723,-0.589154856481584
0.905042016806723,-0.589154856481415
0.905042016806723,-0.589154856481706
0.905042016806723,-0.589154856481551
0.905042016806723,-0.589154856481846
0.905042016806723,-0.589154856481675
0.905042016806723,-0.589154856481481
0.905042016806723,-0.589154856481354
0.905042016806723,-0.589154856481183
0.905042016806723,-0.589154856481462
0.905042016806723,-0.589154856481302
0.905042016806723,-0.589154856481618
0.905042016806723,-0.589154856481424
0.905042016806723,-0.589154856481736
0.905042016806723,-0.589154856481584
0.905042016806723,-0.589154856481845
0.905042016806723,-0.589154856481683
0.905042016806723,-0.589154856481519
0.905042016806723,-0.589154856481398
0.905042016806723,-0.589154856481226
0.905042016806723,-0.589154856481513
0.905042016806723,-0.589154856481328
0.905042016806723,-0.589154856481654
0.905042016806723,-0.589154856481459
0.905042016806723,-0.589154856481732
0.905042016806723,-0.589154856481599
0.905042016806723,-0.589154856481427
0.905042016806723,-0.589154856481715
0.905042016806723,-0.589154856481546
0.905042016806723,-0.589154856481427
0.905042016806723,-0.589154856481266
0.905042016806723,-0.589154856481547
0.905042016806723,-0.589154856481349
0.905042016806723,-0.58915485648168
0.905042016806723,-0.589154856481478
0.905042016806723,-0.589154856481763
0.905042016806723,-0.589154856481615
0.905042016806723,-0.589154856481469
0.905042016806723,-0.589154856481787
0.905042016806723,-0.589154856481576
0.905042016806723,-0.589154856481457
0.905042016806723,-0.589154856481295
0.905042016806723,-0.589154856481652
0.905042016806723,-0.589154856481468
0.905042016806723,-0.589154856481777
0.905042016806723,-0.589154856481657
0.905042016806723,-0.589154856481404
0.905042016806723,-0.589154856481745
0.905042016806723,-0.58915485648161
0.905042016806723,-0.58915485648193
0.905042016806723,-0.589154856481709
0.905042016806723,-0.589154856481575
0.905042016806723,-0.589154856481478
0.905042016806723,-0.589154856481666
0.905042016806723,-0.589154856481957
0.905042016806723,-0.589154856481383
0.905042016806723,-0.589154856481722
0.905042016806723,-0.589154856481887
0.905042016806723,-0.589154856481375
0.905042016806723,-0.589154856481636
0.905042016806723,-0.589154856481914
0.905042016806723,-0.589154856481754
0.905042016806723,-0.589154856481602
0.905042016806723,-0.589154856481451
0.905042016806723,-0.589154856481701
0.905042016806723,-0.589154856481985
0.905042016806723,-0.58915485648141
0.905042016806723,-0.589154856481802
0.905042016806723,-0.589154856481931
0.905042016806723,-0.589154856481394
0.905042016806723,-0.589154856481668
0.905042016806723,-0.589154856481921
0.905042016806723,-0.589154856481779
0.905042016806723,-0.589154856481624
0.905042016806723,-0.589154856481497
0.905042016806723,-0.589154856481771
0.905042016806723,-0.589154856481128
0.905042016806723,-0.589154856481438
0.905042016806723,-0.589154856481779
0.910084033613445,-0.617581225643694
0.910084033613445,-0.617581225643526
0.910084033613445,-0.617581225643841
0.910084033613445,-0.617581225643695
0.910084033613445,-0.617581225643754
0.910084033613445,-0.617581225643552
0.910084033613445,-0.617581225643849
0.910084033613445,-0.617581225643696
0.910084033613445,-0.617581225643724
0.910084033613445,-0.617581225643557
0.910084033613445,-0.617581225643419
0.910084033613445,-0.617581225643769
0.910084033613445,-0.617581225643608
0.910084033613445,-0.617581225643879
0.910084033613445,-0.617581225643742
0.910084033613445,-0.617581225644041
0.910084033613445,-0.617581225643864
0.910084033613445,-0.617581225643667
0.910084033613445,-0.617581225643539
0.910084033613445,-0.617581225643378
0.910084033613445,-0.617581225643661
0.910084033613445,-0.617581225643469
0.910084033613445,-0.617581225643804
0.910084033613445,-0.617581225643631
0.910084033613445,-0.617581225643913
0.910084033613445,-0.617581225643755
0.910084033613445,-0.617581225644055
0.910084033613445,-0.617581225643886
0.910084033613445,-0.617581225643691
0.910084033613445,-0.617581225643567
0.910084033613445,-0.617581225643387
0.910084033613445,-0.617581225643681
0.910084033613445,-0.617581225643507
0.910084033613445,-0.617581225643833
0.910084033613445,-0.617581225643648
0.910084033613445,-0.617581225643939
0.910084033613445,-0.617581225643809
0.910084033613445,-0.617581225644071
0.910084033613445,-0.617581225643901
0.910084033613445,-0.61758122564374
0.910084033613445,-0.617581225643611
0.910084033613445,-0.617581225643437
0.910084033613445,-0.617581225643721
0.910084033613445,-0.617581225643537
0.910084033613445,-0.617581225643876
0.910084033613445,-0.617581225643673
0.910084033613445,-0.617581225643958
0.910084033613445,-0.617581225643812
0.910084033613445,-0.617581225643641
0.910084033613445,-0.617581225643929
0.910084033613445,-0.617581225643757
0.910084033613445,-0.617581225643643
0.910084033613445,-0.617581225643482
0.910084033613445,-0.617581225643757
0.910084033613445,-0.617581225643556
0.910084033613445,-0.6175812256439
0.910084033613445,-0.617581225643692
0.910084033613445,-0.617581225643978
0.910084033613445,-0.617581225643832
0.910084033613445,-0.617581225643685
0.910084033613445,-0.617581225643999
0.910084033613445,-0.617581225643794
0.910084033613445,-0.617581225643671
0.910084033613445,-0.617581225643513
0.910084033613445,-0.617581225643868
0.910084033613445,-0.617581225643676
0.910084033613445,-0.617581225643986
0.910084033613445,-0.617581225643876
0.910084033613445,-0.617581225643615
0.910084033613445,-0.617581225643941
0.910084033613445,-0.617581225643825
0.910084033613445,-0.617581225644146
0.910084033613445,-0.617581225643915
0.910084033613445,-0.617581225643788
0.910084033613445,-0.617581225643687
0.910084033613445,-0.61758122564388
0.910084033613445,-0.617581225644164
0.910084033613445,-0.617581225643585
0.910084033613445,-0.617581225643932
0.910084033613445,-0.617581225644087
0.910084033613445,-0.617581225643592
0.910084033613445,-0.617581225643845
0.910084033613445,-0.617581225644139
0.910084033613445,-0.617581225643967
0.910084033613445,-0.61758122564382
0.910084033613445,-0.617581225643655
0.910084033613445,-0.617581225643915
0.910084033613445,-0.617581225644209
0.910084033613445,-0.617581225643622
0.910084033613445,-0.617581225644021
0.910084033613445,-0.617581225644147
0.910084033613445,-0.617581225643606
0.910084033613445,-0.617581225643871
0.910084033613445,-0.617581225644134
0.910084033613445,-0.617581225643987
0.910084033613445,-0.617581225643844
0.910084033613445,-0.617581225643704
0.910084033613445,-0.617581225643988
0.910084033613445,-0.617581225643333
0.910084033613445,-0.617581225643642
0.910084033613445,-0.617581225643985
0.915126050420168,-0.645521381302859
0.915126050420168,-0.645521381302693
0.915126050420168,-0.645521381302997
0.915126050420168,-0.645521381302851
0.915126050420168,-0.645521381302915
0.915126050420168,-0.645521381302717
0.915126050420168,-0.645521381303012
0.915126050420168,-0.645521381302858
0.915126050420168,-0.645521381302886
0.915126050420168,-0.645521381302719
0.915126050420168,-0.645521381302573
0.915126050420168,-0.645521381302924
0.915126050420168,-0.645521381302761
0.915126050420168,-0.645521381303042
0.915126050420168,-0.645521381302899
0.915126050420168,-0.645521381303208
0.915126050420168,-0.645521381303031
0.915126050420168,-0.645521381302821
0.915126050420168,-0.645521381302694
0.915126050420168,-0.645521381302534
0.915126050420168,-0.645521381302818
0.915126050420168,-0.645521381302626
0.915126050420168,-0.645521381302962
0.915126050420168,-0.645521381302786
0.915126050420168,-0.645521381303075
0.915126050420168,-0.645521381302933
0.915126050420168,-0.645521381303221
0.915126050420168,-0.645521381303045
0.915126050420168,-0.645521381302847
0.915126050420168,-0.64552138130273
0.915126050420168,-0.645521381302561
0.915126050420168,-0.645521381302832
0.915126050420168,-0.645521381302676
0.915126050420168,-0.645521381302989
0.915126050420168,-0.645521381302803
0.915126050420168,-0.645521381303109
0.915126050420168,-0.645521381302959
0.915126050420168,-0.645521381303241
0.915126050420168,-0.645521381303061
0.915126050420168,-0.6455213813029
0.915126050420168,-0.645521381302774
0.915126050420168,-0.645521381302601
0.915126050420168,-0.645521381302884
0.915126050420168,-0.645521381302697
0.915126050420168,-0.645521381303038
0.915126050420168,-0.645521381302828
0.915126050420168,-0.645521381303102
0.915126050420168,-0.645521381302967
0.915126050420168,-0.64552138130281
0.915126050420168,-0.645521381303087
0.915126050420168,-0.645521381302918
0.915126050420168,-0.645521381302802
0.915126050420168,-0.645521381302653
0.915126050420168,-0.645521381302909
0.915126050420168,-0.645521381302721
0.915126050420168,-0.645521381303058
0.915126050420168,-0.645521381302859
0.915126050420168,-0.645521381303137
0.915126050420168,-0.645521381302984
0.915126050420168,-0.645521381302848
0.915126050420168,-0.645521381303154
0.915126050420168,-0.645521381302952
0.915126050420168,-0.645521381302838
0.915126050420168,-0.645521381302675
0.915126050420168,-0.64552138130302
0.915126050420168,-0.645521381302841
0.915126050420168,-0.645521381303139
0.915126050420168,-0.645521381303016
0.915126050420168,-0.645521381302771
0.915126050420168,-0.645521381303102
0.915126050420168,-0.645521381302971
0.915126050420168,-0.645521381303307
0.915126050420168,-0.645521381303086
0.915126050420168,-0.645521381302951
0.915126050420168,-0.645521381302857
0.915126050420168,-0.645521381303033
0.915126050420168,-0.645521381303328
0.915126050420168,-0.645521381302758
0.915126050420168,-0.645521381303099
0.915126050420168,-0.645521381303261
0.915126050420168,-0.645521381302755
0.915126050420168,-0.645521381303007
0.915126050420168,-0.645521381303301
0.915126050420168,-0.645521381303127
0.915126050420168,-0.645521381302972
0.915126050420168,-0.645521381302828
0.915126050420168,-0.645521381303078
0.915126050420168,-0.645521381303358
0.915126050420168,-0.645521381302781
0.915126050420168,-0.645521381303187
0.915126050420168,-0.645521381303317
0.915126050420168,-0.645521381302761
0.915126050420168,-0.645521381303029
0.915126050420168,-0.645521381303292
0.915126050420168,-0.64552138130315
0.915126050420168,-0.645521381302996
0.915126050420168,-0.645521381302865
0.915126050420168,-0.645521381303152
0.915126050420168,-0.645521381302506
0.915126050420168,-0.645521381302804
0.915126050420168,-0.645521381303145
0.920168067226891,-0.67298871235367
0.920168067226891,-0.672988712353509
0.920168067226891,-0.672988712353814
0.920168067226891,-0.672988712353671
0.920168067226891,-0.672988712353719
0.920168067226891,-0.672988712353526
0.920168067226891,-0.672988712353829
0.920168067226891,-0.672988712353667
0.920168067226891,-0.672988712353695
0.920168067226891,-0.67298871235351
0.920168067226891,-0.672988712353378
0.920168067226891,-0.672988712353744
0.920168067226891,-0.672988712353567
0.920168067226891,-0.672988712353848
0.920168067226891,-0.672988712353717
0.920168067226891,-0.672988712354024
0.920168067226891,-0.672988712353837
0.920168067226891,-0.672988712353642
0.920168067226891,-0.672988712353501
0.920168067226891,-0.672988712353343
0.920168067226891,-0.672988712353634
0.920168067226891,-0.672988712353431
0.920168067226891,-0.672988712353774
0.920168067226891,-0.672988712353609
0.920168067226891,-0.672988712353884
0.920168067226891,-0.672988712353735
0.920168067226891,-0.672988712354033
0.920168067226891,-0.672988712353866
0.920168067226891,-0.672988712353662
0.920168067226891,-0.672988712353523
0.920168067226891,-0.672988712353376
0.920168067226891,-0.67298871235365
0.920168067226891,-0.672988712353488
0.920168067226891,-0.672988712353806
0.920168067226891,-0.672988712353615
0.920168067226891,-0.672988712353916
0.920168067226891,-0.672988712353777
0.920168067226891,-0.672988712354041
0.920168067226891,-0.672988712353867
0.920168067226891,-0.672988712353701
0.920168067226891,-0.672988712353584
0.920168067226891,-0.672988712353406
0.920168067226891,-0.672988712353695
0.920168067226891,-0.672988712353508
0.920168067226891,-0.672988712353855
0.920168067226891,-0.672988712353649
0.920168067226891,-0.672988712353916
0.920168067226891,-0.672988712353775
0.920168067226891,-0.672988712353622
0.920168067226891,-0.672988712353902
0.920168067226891,-0.672988712353725
0.920168067226891,-0.672988712353616
0.920168067226891,-0.67298871235346
0.920168067226891,-0.672988712353735
0.920168067226891,-0.672988712353535
0.920168067226891,-0.672988712353868
0.920168067226891,-0.67298871235367
0.920168067226891,-0.67298871235395
0.920168067226891,-0.672988712353801
0.920168067226891,-0.672988712353655
0.920168067226891,-0.672988712353972
0.920168067226891,-0.672988712353769
0.920168067226891,-0.672988712353636
0.920168067226891,-0.672988712353481
0.920168067226891,-0.672988712353837
0.920168067226891,-0.672988712353649
0.920168067226891,-0.672988712353951
0.920168067226891,-0.672988712353844
0.920168067226891,-0.672988712353586
0.920168067226891,-0.67298871235391
0.920168067226891,-0.672988712353796
0.920168067226891,-0.672988712354129
0.920168067226891,-0.672988712353896
0.920168067226891,-0.672988712353772
0.920168067226891,-0.672988712353675
0.920168067226891,-0.67298871235385
0.920168067226891,-0.672988712354132
0.920168067226891,-0.672988712353552
0.920168067226891,-0.672988712353902
0.920168067226891,-0.672988712354075
0.920168067226891,-0.672988712353556
0.920168067226891,-0.672988712353826
0.920168067226891,-0.672988712354113
0.920168067226891,-0.67298871235394
0.920168067226891,-0.672988712353781
0.920168067226891,-0.672988712353644
0.920168067226891,-0.6729887123539
0.920168067226891,-0.672988712354167
0.920168067226891,-0.672988712353589
0.920168067226891,-0.672988712354006
0.920168067226891,-0.672988712354136
0.920168067226891,-0.672988712353571
0.920168067226891,-0.672988712353849
0.920168067226891,-0.672988712354106
0.920168067226891,-0.672988712353959
0.920168067226891,-0.672988712353801
0.920168067226891,-0.672988712353685
0.920168067226891,-0.672988712353982
0.920168067226891,-0.672988712353322
0.920168067226891,-0.672988712353615
0.920168067226891,-0.672988712353977
0.925210084033613,-0.699996096813518
0.925210084033613,-0.699996096813333
0.925210084033613,-0.699996096813662
0.925210084033613,-0.699996096813517
0.925210084033613,-0.699996096813578
0.925210084033613,-0.699996096813375
0.925210084033613,-0.699996096813683
0.925210084033613,-0.699996096813524
0.925210084033613,-0.699996096813559
0.925210084033613,-0.699996096813385
0.925210084033613,-0.699996096813233
0.925210084033613,-0.699996096813613
0.925210084033613,-0.69999609681345
0.925210084033613,-0.699996096813721
0.925210084033613,-0.699996096813577
0.925210084033613,-0.69999609681389
0.925210084033613,-0.699996096813708
0.925210084033613,-0.699996096813507
0.925210084033613,-0.699996096813375
0.925210084033613,-0.699996096813225
0.925210084033613,-0.699996096813496
0.925210084033613,-0.699996096813294
0.925210084033613,-0.69999609681365
0.925210084033613,-0.699996096813479
0.925210084033613,-0.699996096813763
0.925210084033613,-0.699996096813593
0.925210084033613,-0.6999960968139
0.925210084033613,-0.699996096813726
0.925210084033613,-0.699996096813524
0.925210084033613,-0.6999960968134
0.925210084033613,-0.699996096813246
0.925210084033613,-0.69999609681351
0.925210084033613,-0.699996096813352
0.925210084033613,-0.699996096813681
0.925210084033613,-0.699996096813501
0.925210084033613,-0.699996096813788
0.925210084033613,-0.699996096813633
0.925210084033613,-0.699996096813911
0.925210084033613,-0.699996096813726
0.925210084033613,-0.699996096813575
0.925210084033613,-0.699996096813457
0.925210084033613,-0.69999609681329
0.925210084033613,-0.699996096813565
0.925210084033613,-0.699996096813382
0.925210084033613,-0.699996096813724
0.925210084033613,-0.69999609681354
0.925210084033613,-0.699996096813787
0.925210084033613,-0.699996096813642
0.925210084033613,-0.699996096813484
0.925210084033613,-0.699996096813753
0.925210084033613,-0.699996096813598
0.925210084033613,-0.699996096813484
0.925210084033613,-0.699996096813331
0.925210084033613,-0.699996096813596
0.925210084033613,-0.6999960968134
0.925210084033613,-0.699996096813726
0.925210084033613,-0.699996096813545
0.925210084033613,-0.69999609681382
0.925210084033613,-0.699996096813653
0.925210084033613,-0.699996096813519
0.925210084033613,-0.699996096813832
0.925210084033613,-0.699996096813639
0.925210084033613,-0.699996096813512
0.925210084033613,-0.699996096813362
0.925210084033613,-0.69999609681369
0.925210084033613,-0.699996096813524
0.925210084033613,-0.699996096813845
0.925210084033613,-0.699996096813716
0.925210084033613,-0.699996096813448
0.925210084033613,-0.699996096813767
0.925210084033613,-0.699996096813639
0.925210084033613,-0.699996096813976
0.925210084033613,-0.699996096813773
0.925210084033613,-0.699996096813621
0.925210084033613,-0.699996096813564
0.925210084033613,-0.699996096813715
0.925210084033613,-0.699996096813986
0.925210084033613,-0.699996096813433
0.925210084033613,-0.699996096813802
0.925210084033613,-0.69999609681396
0.925210084033613,-0.699996096813432
0.925210084033613,-0.699996096813676
0.925210084033613,-0.699996096813945
0.925210084033613,-0.699996096813787
0.925210084033613,-0.699996096813665
0.925210084033613,-0.699996096813533
0.925210084033613,-0.69999609681375
0.925210084033613,-0.699996096814019
0.925210084033613,-0.699996096813456
0.925210084033613,-0.699996096813884
0.925210084033613,-0.699996096814012
0.925210084033613,-0.699996096813442
0.925210084033613,-0.699996096813706
0.925210084033613,-0.69999609681395
0.925210084033613,-0.699996096813831
0.925210084033613,-0.69999609681369
0.925210084033613,-0.69999609681358
0.925210084033613,-0.699996096813824
0.925210084033613,-0.699996096813182
0.925210084033613,-0.699996096813476
0.925210084033613,-0.699996096813848
0.930252100840336,-0.726555928111645
0.930252100840336,-0.726555928111468
0.930252100840336,-0.726555928111784
0.930252100840336,-0.726555928111641
0.930252100840336,-0.726555928111709
0.930252100840336,-0.726555928111499
0.930252100840336,-0.7265559281118
0.930252100840336,-0.726555928111651
0.930252100840336,-0.726555928111679
0.930252100840336,-0.726555928111507
0.930252100840336,-0.726555928111368
0.930252100840336,-0.72655592811174
0.930252100840336,-0.726555928111583
0.930252100840336,-0.726555928111853
0.930252100840336,-0.726555928111715
0.930252100840336,-0.726555928112019
0.930252100840336,-0.726555928111851
0.930252100840336,-0.726555928111642
0.930252100840336,-0.7265559281115
0.930252100840336,-0.726555928111372
0.930252100840336,-0.726555928111631
0.930252100840336,-0.726555928111426
0.930252100840336,-0.726555928111773
0.930252100840336,-0.726555928111615
0.930252100840336,-0.726555928111892
0.930252100840336,-0.726555928111719
0.930252100840336,-0.726555928112037
0.930252100840336,-0.726555928111862
0.930252100840336,-0.726555928111659
0.930252100840336,-0.726555928111543
0.930252100840336,-0.726555928111379
0.930252100840336,-0.72655592811165
0.930252100840336,-0.726555928111479
0.930252100840336,-0.726555928111809
0.930252100840336,-0.726555928111634
0.930252100840336,-0.726555928111914
0.930252100840336,-0.726555928111766
0.930252100840336,-0.726555928112046
0.930252100840336,-0.726555928111877
0.930252100840336,-0.726555928111706
0.930252100840336,-0.726555928111582
0.930252100840336,-0.726555928111424
0.930252100840336,-0.7265559281117
0.930252100840336,-0.726555928111519
0.930252100840336,-0.726555928111849
0.930252100840336,-0.726555928111662
0.930252100840336,-0.726555928111915
0.930252100840336,-0.726555928111752
0.930252100840336,-0.726555928111592
0.930252100840336,-0.7265559281119
0.930252100840336,-0.726555928111734
0.930252100840336,-0.726555928111617
0.930252100840336,-0.726555928111487
0.930252100840336,-0.726555928111749
0.930252100840336,-0.726555928111543
0.930252100840336,-0.726555928111849
0.930252100840336,-0.72655592811167
0.930252100840336,-0.726555928111932
0.930252100840336,-0.726555928111797
0.930252100840336,-0.726555928111641
0.930252100840336,-0.726555928111959
0.930252100840336,-0.726555928111781
0.930252100840336,-0.726555928111649
0.930252100840336,-0.726555928111505
0.930252100840336,-0.726555928111836
0.930252100840336,-0.726555928111652
0.930252100840336,-0.726555928111967
0.930252100840336,-0.726555928111849
0.930252100840336,-0.726555928111584
0.930252100840336,-0.726555928111901
0.930252100840336,-0.726555928111779
0.930252100840336,-0.726555928112096
0.930252100840336,-0.726555928111891
0.930252100840336,-0.726555928111748
0.930252100840336,-0.726555928111678
0.930252100840336,-0.726555928111853
0.930252100840336,-0.72655592811212
0.930252100840336,-0.726555928111541
0.930252100840336,-0.726555928111924
0.930252100840336,-0.726555928112093
0.930252100840336,-0.726555928111556
0.930252100840336,-0.72655592811181
0.930252100840336,-0.726555928112084
0.930252100840336,-0.726555928111916
0.930252100840336,-0.726555928111788
0.930252100840336,-0.726555928111671
0.930252100840336,-0.726555928111889
0.930252100840336,-0.726555928112156
0.930252100840336,-0.726555928111585
0.930252100840336,-0.726555928112015
0.930252100840336,-0.726555928112155
0.930252100840336,-0.726555928111579
0.930252100840336,-0.726555928111843
0.930252100840336,-0.726555928112069
0.930252100840336,-0.726555928111956
0.930252100840336,-0.72655592811181
0.930252100840336,-0.72655592811171
0.930252100840336,-0.726555928111961
0.930252100840336,-0.726555928111313
0.930252100840336,-0.72655592811161
0.930252100840336,-0.72655592811197
0.935294117647059,-0.752680148143548
0.935294117647059,-0.752680148143367
0.935294117647059,-0.752680148143688
0.935294117647059,-0.752680148143547
0.935294117647059,-0.75268014814359
0.935294117647059,-0.752680148143397
0.935294117647059,-0.752680148143702
0.935294117647059,-0.75268014814355
0.935294117647059,-0.752680148143587
0.935294117647059,-0.752680148143411
0.935294117647059,-0.752680148143262
0.935294117647059,-0.752680148143638
0.935294117647059,-0.752680148143483
0.935294117647059,-0.752680148143754
0.935294117647059,-0.752680148143601
0.935294117647059,-0.752680148143917
0.935294117647059,-0.752680148143739
0.935294117647059,-0.752680148143535
0.935294117647059,-0.752680148143392
0.935294117647059,-0.752680148143257
0.935294117647059,-0.752680148143523
0.935294117647059,-0.752680148143317
0.935294117647059,-0.752680148143678
0.935294117647059,-0.752680148143519
0.935294117647059,-0.752680148143803
0.935294117647059,-0.75268014814363
0.935294117647059,-0.752680148143933
0.935294117647059,-0.752680148143769
0.935294117647059,-0.752680148143563
0.935294117647059,-0.752680148143435
0.935294117647059,-0.752680148143285
0.935294117647059,-0.75268014814354
0.935294117647059,-0.752680148143377
0.935294117647059,-0.752680148143708
0.935294117647059,-0.752680148143529
0.935294117647059,-0.752680148143817
0.935294117647059,-0.752680148143657
0.935294117647059,-0.752680148143938
0.935294117647059,-0.75268014814377
0.935294117647059,-0.752680148143606
0.935294117647059,-0.752680148143488
0.935294117647059,-0.752680148143326
0.935294117647059,-0.752680148143603
0.935294117647059,-0.752680148143413
0.935294117647059,-0.752680148143754
0.935294117647059,-0.75268014814356
0.935294117647059,-0.752680148143805
0.935294117647059,-0.752680148143667
0.935294117647059,-0.752680148143501
0.935294117647059,-0.752680148143794
0.935294117647059,-0.752680148143617
0.935294117647059,-0.752680148143517
0.935294117647059,-0.752680148143383
0.935294117647059,-0.752680148143644
0.935294117647059,-0.752680148143432
0.935294117647059,-0.752680148143747
0.935294117647059,-0.752680148143576
0.935294117647059,-0.752680148143829
0.935294117647059,-0.752680148143672
0.935294117647059,-0.75268014814354
0.935294117647059,-0.752680148143853
0.935294117647059,-0.752680148143666
0.935294117647059,-0.752680148143539
0.935294117647059,-0.752680148143409
0.935294117647059,-0.752680148143709
0.935294117647059,-0.752680148143534
0.935294117647059,-0.752680148143867
0.935294117647059,-0.752680148143761
0.935294117647059,-0.752680148143494
0.935294117647059,-0.752680148143804
0.935294117647059,-0.75268014814367
0.935294117647059,-0.752680148143997
0.935294117647059,-0.752680148143799
0.935294117647059,-0.752680148143653
0.935294117647059,-0.752680148143587
0.935294117647059,-0.752680148143754
0.935294117647059,-0.752680148144004
0.935294117647059,-0.752680148143446
0.935294117647059,-0.752680148143817
0.935294117647059,-0.752680148143995
0.935294117647059,-0.752680148143457
0.935294117647059,-0.752680148143727
0.935294117647059,-0.75268014814398
0.935294117647059,-0.752680148143812
0.935294117647059,-0.752680148143686
0.935294117647059,-0.75268014814358
0.935294117647059,-0.752680148143809
0.935294117647059,-0.752680148144051
0.935294117647059,-0.752680148143471
0.935294117647059,-0.752680148143915
0.935294117647059,-0.752680148144059
0.935294117647059,-0.752680148143471
0.935294117647059,-0.752680148143744
0.935294117647059,-0.752680148143989
0.935294117647059,-0.752680148143863
0.935294117647059,-0.75268014814371
0.935294117647059,-0.752680148143605
0.935294117647059,-0.752680148143867
0.935294117647059,-0.752680148143203
0.935294117647059,-0.752680148143504
0.935294117647059,-0.752680148143889
0.940336134453782,-0.778380259937387
0.940336134453782,-0.778380259937205
0.940336134453782,-0.77838025993753
0.940336134453782,-0.778380259937381
0.940336134453782,-0.77838025993743
0.940336134453782,-0.77838025993722
0.940336134453782,-0.778380259937523
0.940336134453782,-0.778380259937379
0.940336134453782,-0.778380259937413
0.940336134453782,-0.778380259937236
0.940336134453782,-0.778380259937084
0.940336134453782,-0.778380259937465
0.940336134453782,-0.778380259937327
0.940336134453782,-0.778380259937587
0.940336134453782,-0.778380259937436
0.940336134453782,-0.778380259937754
0.940336134453782,-0.778380259937591
0.940336134453782,-0.778380259937382
0.940336134453782,-0.778380259937237
0.940336134453782,-0.778380259937086
0.940336134453782,-0.778380259937355
0.940336134453782,-0.778380259937161
0.940336134453782,-0.778380259937517
0.940336134453782,-0.778380259937357
0.940336134453782,-0.778380259937629
0.940336134453782,-0.778380259937456
0.940336134453782,-0.778380259937768
0.940336134453782,-0.778380259937594
0.940336134453782,-0.778380259937391
0.940336134453782,-0.77838025993726
0.940336134453782,-0.778380259937112
0.940336134453782,-0.778380259937373
0.940336134453782,-0.778380259937204
0.940336134453782,-0.778380259937535
0.940336134453782,-0.778380259937359
0.940336134453782,-0.778380259937652
0.940336134453782,-0.778380259937491
0.940336134453782,-0.778380259937776
0.940336134453782,-0.778380259937593
0.940336134453782,-0.778380259937436
0.940336134453782,-0.778380259937316
0.940336134453782,-0.778380259937152
0.940336134453782,-0.778380259937427
0.940336134453782,-0.778380259937249
0.940336134453782,-0.778380259937579
0.940336134453782,-0.778380259937393
0.940336134453782,-0.778380259937643
0.940336134453782,-0.778380259937495
0.940336134453782,-0.778380259937324
0.940336134453782,-0.778380259937625
0.940336134453782,-0.778380259937443
0.940336134453782,-0.77838025993734
0.940336134453782,-0.778380259937222
0.940336134453782,-0.778380259937485
0.940336134453782,-0.778380259937272
0.940336134453782,-0.778380259937586
0.940336134453782,-0.778380259937414
0.940336134453782,-0.778380259937662
0.940336134453782,-0.778380259937511
0.940336134453782,-0.778380259937369
0.940336134453782,-0.778380259937685
0.940336134453782,-0.778380259937506
0.940336134453782,-0.778380259937373
0.940336134453782,-0.778380259937242
0.940336134453782,-0.778380259937546
0.940336134453782,-0.778380259937377
0.940336134453782,-0.77838025993768
0.940336134453782,-0.778380259937574
0.940336134453782,-0.77838025993732
0.940336134453782,-0.778380259937625
0.940336134453782,-0.778380259937499
0.940336134453782,-0.778380259937834
0.940336134453782,-0.77838025993763
0.940336134453782,-0.778380259937476
0.940336134453782,-0.778380259937431
0.940336134453782,-0.778380259937579
0.940336134453782,-0.778380259937827
0.940336134453782,-0.778380259937272
0.940336134453782,-0.778380259937653
0.940336134453782,-0.778380259937812
0.940336134453782,-0.778380259937272
0.940336134453782,-0.778380259937546
0.940336134453782,-0.778380259937813
0.940336134453782,-0.778380259937657
0.940336134453782,-0.77838025993752
0.940336134453782,-0.778380259937405
0.940336134453782,-0.778380259937624
0.940336134453782,-0.778380259937885
0.940336134453782,-0.778380259937313
0.940336134453782,-0.77838025993776
0.940336134453782,-0.778380259937909
0.940336134453782,-0.778380259937309
0.940336134453782,-0.778380259937573
0.940336134453782,-0.778380259937813
0.940336134453782,-0.77838025993768
0.940336134453782,-0.778380259937547
0.940336134453782,-0.778380259937446
0.940336134453782,-0.778380259937703
0.940336134453782,-0.778380259937035
0.940336134453782,-0.778380259937332
0.940336134453782,-0.778380259937719
0.945378151260504,-0.803667355705095
0.945378151260504,-0.803667355704881
0.945378151260504,-0.803667355705185
0.945378151260504,-0.803667355705048
0.945378151260504,-0.8036673557051
0.945378151260504,-0.803667355704905
0.945378151260504,-0.803667355705209
0.945378151260504,-0.803667355705064
0.945378151260504,-0.803667355705115
0.945378151260504,-0.803667355704961
0.945378151260504,-0.803667355704808
0.945378151260504,-0.803667355705155
0.945378151260504,-0.803667355705034
0.945378151260504,-0.803667355705298
0.945378151260504,-0.803667355705134
0.945378151260504,-0.803667355705437
0.945378151260504,-0.803667355705287
0.945378151260504,-0.803667355705075
0.945378151260504,-0.803667355704934
0.945378151260504,-0.803667355704772
0.945378151260504,-0.803667355705035
0.945378151260504,-0.803667355704848
0.945378151260504,-0.803667355705196
0.945378151260504,-0.803667355705056
0.945378151260504,-0.803667355705322
0.945378151260504,-0.803667355705144
0.945378151260504,-0.803667355705461
0.945378151260504,-0.803667355705298
0.945378151260504,-0.803667355705088
0.945378151260504,-0.80366735570496
0.945378151260504,-0.803667355704793
0.945378151260504,-0.803667355705055
0.945378151260504,-0.80366735570491
0.945378151260504,-0.803667355705241
0.945378151260504,-0.80366735570507
0.945378151260504,-0.803667355705348
0.945378151260504,-0.803667355705185
0.945378151260504,-0.803667355705477
0.945378151260504,-0.803667355705309
0.945378151260504,-0.803667355705125
0.945378151260504,-0.803667355704999
0.945378151260504,-0.803667355704852
0.945378151260504,-0.803667355705112
0.945378151260504,-0.803667355704945
0.945378151260504,-0.803667355705275
0.945378151260504,-0.803667355705107
0.945378151260504,-0.803667355705343
0.945378151260504,-0.803667355705179
0.945378151260504,-0.803667355705037
0.945378151260504,-0.803667355705339
0.945378151260504,-0.80366735570516
0.945378151260504,-0.803667355705037
0.945378151260504,-0.803667355704905
0.945378151260504,-0.803667355705145
0.945378151260504,-0.803667355704963
0.945378151260504,-0.803667355705312
0.945378151260504,-0.803667355705121
0.945378151260504,-0.803667355705379
0.945378151260504,-0.803667355705231
0.945378151260504,-0.803667355705079
0.945378151260504,-0.803667355705361
0.945378151260504,-0.803667355705174
0.945378151260504,-0.80366735570505
0.945378151260504,-0.803667355704928
0.945378151260504,-0.803667355705198
0.945378151260504,-0.803667355705048
0.945378151260504,-0.803667355705385
0.945378151260504,-0.803667355705287
0.945378151260504,-0.803667355705051
0.945378151260504,-0.803667355705345
0.945378151260504,-0.803667355705208
0.945378151260504,-0.8036673557055
0.945378151260504,-0.803667355705328
0.945378151260504,-0.803667355705143
0.945378151260504,-0.803667355705102
0.945378151260504,-0.803667355705314
0.945378151260504,-0.803667355705521
0.945378151260504,-0.803667355704959
0.945378151260504,-0.803667355705329
0.945378151260504,-0.803667355705549
0.945378151260504,-0.803667355704979
0.945378151260504,-0.803667355705248
0.945378151260504,-0.803667355705512
0.945378151260504,-0.803667355705334
0.945378151260504,-0.803667355705174
0.945378151260504,-0.803667355705078
0.945378151260504,-0.803667355705352
0.945378151260504,-0.803667355705558
0.945378151260504,-0.803667355705011
0.945378151260504,-0.803667355705446
0.945378151260504,-0.803667355705621
0.945378151260504,-0.803667355704995
0.945378151260504,-0.803667355705278
0.945378151260504,-0.803667355705509
0.945378151260504,-0.803667355705358
0.945378151260504,-0.803667355705203
0.945378151260504,-0.803667355705135
0.945378151260504,-0.803667355705426
0.945378151260504,-0.803667355704739
0.945378151260504,-0.803667355705035
0.945378151260504,-0.803667355705399
0.950420168067227,-0.828552140623893
0.950420168067227,-0.828552140623707
0.950420168067227,-0.82855214062397
0.950420168067227,-0.828552140623836
0.950420168067227,-0.828552140623863
0.950420168067227,-0.828552140623652
0.950420168067227,-0.828552140623959
0.950420168067227,-0.82855214062384
0.950420168067227,-0.828552140623883
0.950420168067227,-0.828552140623778
0.950420168067227,-0.828552140623577
0.950420168067227,-0.828552140623927
0.950420168067227,-0.828552140623783
0.950420168067227,-0.828552140624092
0.950420168067227,-0.828552140623905
0.950420168067227,-0.828552140624227
0.950420168067227,-0.828552140624105
0.950420168067227,-0.828552140623886
0.950420168067227,-0.828552140623741
0.950420168067227,-0.828552140623554
0.950420168067227,-0.828552140623853
0.950420168067227,-0.828552140623616
0.950420168067227,-0.828552140623969
0.950420168067227,-0.828552140623823
0.950420168067227,-0.828552140624104
0.950420168067227,-0.82855214062393
0.950420168067227,-0.828552140624255
0.950420168067227,-0.828552140624125
0.950420168067227,-0.828552140623912
0.950420168067227,-0.828552140623778
0.950420168067227,-0.828552140623585
0.950420168067227,-0.828552140623875
0.950420168067227,-0.828552140623682
0.950420168067227,-0.828552140623995
0.950420168067227,-0.828552140623846
0.950420168067227,-0.828552140624143
0.950420168067227,-0.828552140623965
0.950420168067227,-0.828552140624269
0.950420168067227,-0.828552140624129
0.950420168067227,-0.828552140623934
0.950420168067227,-0.828552140623802
0.950420168067227,-0.828552140623604
0.950420168067227,-0.828552140623924
0.950420168067227,-0.828552140623722
0.950420168067227,-0.828552140624046
0.950420168067227,-0.828552140623878
0.950420168067227,-0.828552140624145
0.950420168067227,-0.828552140623983
0.950420168067227,-0.828552140623834
0.950420168067227,-0.828552140624153
0.950420168067227,-0.828552140623955
0.950420168067227,-0.828552140623825
0.950420168067227,-0.828552140623656
0.950420168067227,-0.828552140623946
0.950420168067227,-0.82855214062375
0.950420168067227,-0.828552140624077
0.950420168067227,-0.828552140623894
0.950420168067227,-0.82855214062417
0.950420168067227,-0.828552140624014
0.950420168067227,-0.828552140623857
0.950420168067227,-0.82855214062417
0.950420168067227,-0.828552140623979
0.950420168067227,-0.828552140623855
0.950420168067227,-0.828552140623683
0.950420168067227,-0.828552140624009
0.950420168067227,-0.828552140623859
0.950420168067227,-0.828552140624175
0.950420168067227,-0.828552140624063
0.950420168067227,-0.828552140623852
0.950420168067227,-0.828552140624165
0.950420168067227,-0.828552140623956
0.950420168067227,-0.828552140624325
0.950420168067227,-0.828552140624114
0.950420168067227,-0.828552140623972
0.950420168067227,-0.828552140623854
0.950420168067227,-0.828552140624085
0.950420168067227,-0.828552140624324
0.950420168067227,-0.828552140623743
0.950420168067227,-0.828552140624074
0.950420168067227,-0.828552140624327
0.950420168067227,-0.828552140623774
0.950420168067227,-0.828552140623996
0.950420168067227,-0.828552140624314
0.950420168067227,-0.82855214062413
0.950420168067227,-0.828552140624008
0.950420168067227,-0.828552140623857
0.950420168067227,-0.828552140624106
0.950420168067227,-0.828552140624359
0.950420168067227,-0.828552140623777
0.950420168067227,-0.828552140624175
0.950420168067227,-0.828552140624369
0.950420168067227,-0.828552140623803
0.950420168067227,-0.828552140624036
0.950420168067227,-0.828552140624342
0.950420168067227,-0.828552140624152
0.950420168067227,-0.828552140624036
0.950420168067227,-0.828552140623906
0.950420168067227,-0.828552140624198
0.950420168067227,-0.828552140623532
0.950420168067227,-0.828552140623815
0.950420168067227,-0.828552140624248
0.95546218487395,-0.853044946226613
0.95546218487395,-0.853044946226414
0.95546218487395,-0.85304494622669
0.95546218487395,-0.853044946226556
0.95546218487395,-0.853044946226578
0.95546218487395,-0.853044946226362
0.95546218487395,-0.853044946226667
0.95546218487395,-0.853044946226565
0.95546218487395,-0.853044946226602
0.95546218487395,-0.853044946226491
0.95546218487395,-0.85304494622628
0.95546218487395,-0.853044946226635
0.95546218487395,-0.853044946226498
0.95546218487395,-0.853044946226798
0.95546218487395,-0.853044946226604
0.95546218487395,-0.853044946226937
0.95546218487395,-0.85304494622681
0.95546218487395,-0.853044946226606
0.95546218487395,-0.853044946226451
0.95546218487395,-0.853044946226269
0.95546218487395,-0.853044946226564
0.95546218487395,-0.853044946226337
0.95546218487395,-0.853044946226668
0.95546218487395,-0.853044946226523
0.95546218487395,-0.853044946226811
0.95546218487395,-0.853044946226639
0.95546218487395,-0.853044946226977
0.95546218487395,-0.853044946226837
0.95546218487395,-0.85304494622662
0.95546218487395,-0.85304494622649
0.95546218487395,-0.853044946226288
0.95546218487395,-0.853044946226577
0.95546218487395,-0.853044946226399
0.95546218487395,-0.853044946226718
0.95546218487395,-0.853044946226548
0.95546218487395,-0.85304494622684
0.95546218487395,-0.853044946226665
0.95546218487395,-0.853044946226969
0.95546218487395,-0.85304494622684
0.95546218487395,-0.853044946226651
0.95546218487395,-0.853044946226515
0.95546218487395,-0.853044946226321
0.95546218487395,-0.853044946226626
0.95546218487395,-0.853044946226441
0.95546218487395,-0.853044946226767
0.95546218487395,-0.853044946226587
0.95546218487395,-0.853044946226854
0.95546218487395,-0.853044946226682
0.95546218487395,-0.853044946226528
0.95546218487395,-0.85304494622686
0.95546218487395,-0.853044946226676
0.95546218487395,-0.853044946226543
0.95546218487395,-0.853044946226381
0.95546218487395,-0.853044946226666
0.95546218487395,-0.853044946226468
0.95546218487395,-0.853044946226781
0.95546218487395,-0.8530449462266
0.95546218487395,-0.853044946226876
0.95546218487395,-0.853044946226728
0.95546218487395,-0.853044946226571
0.95546218487395,-0.853044946226885
0.95546218487395,-0.85304494622668
0.95546218487395,-0.853044946226565
0.95546218487395,-0.853044946226389
0.95546218487395,-0.853044946226707
0.95546218487395,-0.853044946226574
0.95546218487395,-0.85304494622688
0.95546218487395,-0.853044946226775
0.95546218487395,-0.853044946226553
0.95546218487395,-0.853044946226867
0.95546218487395,-0.853044946226651
0.95546218487395,-0.853044946227023
0.95546218487395,-0.853044946226808
0.95546218487395,-0.853044946226677
0.95546218487395,-0.853044946226555
0.95546218487395,-0.853044946226776
0.95546218487395,-0.853044946227023
0.95546218487395,-0.853044946226441
0.95546218487395,-0.853044946226765
0.95546218487395,-0.853044946227024
0.95546218487395,-0.85304494622648
0.95546218487395,-0.853044946226718
0.95546218487395,-0.853044946227025
0.95546218487395,-0.853044946226837
0.95546218487395,-0.853044946226724
0.95546218487395,-0.85304494622658
0.95546218487395,-0.853044946226831
0.95546218487395,-0.85304494622708
0.95546218487395,-0.853044946226486
0.95546218487395,-0.853044946226885
0.95546218487395,-0.853044946227087
0.95546218487395,-0.853044946226517
0.95546218487395,-0.85304494622674
0.95546218487395,-0.85304494622704
0.95546218487395,-0.853044946226872
0.95546218487395,-0.853044946226736
0.95546218487395,-0.853044946226621
0.95546218487395,-0.853044946226913
0.95546218487395,-0.853044946226231
0.95546218487395,-0.853044946226517
0.95546218487395,-0.853044946226941
0.960504201680672,-0.877155747574994
0.960504201680672,-0.877155747574773
0.960504201680672,-0.877155747575072
0.960504201680672,-0.877155747574921
0.960504201680672,-0.877155747574952
0.960504201680672,-0.877155747574744
0.960504201680672,-0.87715574757503
0.960504201680672,-0.877155747574913
0.960504201680672,-0.877155747574972
0.960504201680672,-0.877155747574825
0.960504201680672,-0.877155747574623
0.960504201680672,-0.87715574757499
0.960504201680672,-0.877155747574859
0.960504201680672,-0.877155747575148
0.960504201680672,-0.877155747574959
0.960504201680672,-0.877155747575292
0.960504201680672,-0.877155747575146
0.960504201680672,-0.877155747574921
0.960504201680672,-0.877155747574776
0.960504201680672,-0.87715574757461
0.960504201680672,-0.877155747574903
0.960504201680672,-0.877155747574681
0.960504201680672,-0.877155747575039
0.960504201680672,-0.87715574757491
0.960504201680672,-0.877155747575201
0.960504201680672,-0.877155747574994
0.960504201680672,-0.877155747575337
0.960504201680672,-0.877155747575189
0.960504201680672,-0.877155747574943
0.960504201680672,-0.877155747574824
0.960504201680672,-0.877155747574642
0.960504201680672,-0.877155747574928
0.960504201680672,-0.877155747574745
0.960504201680672,-0.877155747575071
0.960504201680672,-0.877155747574915
0.960504201680672,-0.877155747575196
0.960504201680672,-0.877155747575007
0.960504201680672,-0.877155747575335
0.960504201680672,-0.877155747575185
0.960504201680672,-0.877155747574964
0.960504201680672,-0.877155747574856
0.960504201680672,-0.877155747574674
0.960504201680672,-0.877155747574989
0.960504201680672,-0.877155747574768
0.960504201680672,-0.877155747575117
0.960504201680672,-0.877155747574952
0.960504201680672,-0.877155747575207
0.960504201680672,-0.877155747575023
0.960504201680672,-0.87715574757489
0.960504201680672,-0.877155747575226
0.960504201680672,-0.877155747575005
0.960504201680672,-0.877155747574893
0.960504201680672,-0.877155747574715
0.960504201680672,-0.877155747575013
0.960504201680672,-0.877155747574797
0.960504201680672,-0.87715574757514
0.960504201680672,-0.87715574757497
0.960504201680672,-0.877155747575244
0.960504201680672,-0.877155747575073
0.960504201680672,-0.877155747574928
0.960504201680672,-0.877155747575252
0.960504201680672,-0.877155747575018
0.960504201680672,-0.87715574757491
0.960504201680672,-0.877155747574731
0.960504201680672,-0.877155747575077
0.960504201680672,-0.877155747574877
0.960504201680672,-0.87715574757524
0.960504201680672,-0.877155747575147
0.960504201680672,-0.877155747574939
0.960504201680672,-0.87715574757521
0.960504201680672,-0.877155747575014
0.960504201680672,-0.877155747575403
0.960504201680672,-0.877155747575134
0.960504201680672,-0.877155747575005
0.960504201680672,-0.877155747574875
0.960504201680672,-0.877155747575112
0.960504201680672,-0.87715574757534
0.960504201680672,-0.877155747574805
0.960504201680672,-0.87715574757516
0.960504201680672,-0.877155747575405
0.960504201680672,-0.87715574757483
0.960504201680672,-0.877155747575085
0.960504201680672,-0.877155747575395
0.960504201680672,-0.877155747575174
0.960504201680672,-0.877155747575039
0.960504201680672,-0.877155747574883
0.960504201680672,-0.877155747575141
0.960504201680672,-0.877155747575381
0.960504201680672,-0.877155747574839
0.960504201680672,-0.877155747575268
0.960504201680672,-0.877155747575439
0.960504201680672,-0.877155747574858
0.960504201680672,-0.877155747575121
0.960504201680672,-0.877155747575423
0.960504201680672,-0.877155747575225
0.960504201680672,-0.877155747575077
0.960504201680672,-0.877155747574939
0.960504201680672,-0.877155747575221
0.960504201680672,-0.877155747574554
0.960504201680672,-0.877155747574885
0.960504201680672,-0.877155747575324
0.965546218487395,-0.900894186091516
0.965546218487395,-0.900894186091319
0.965546218487395,-0.90089418609159
0.965546218487395,-0.900894186091444
0.965546218487395,-0.900894186091499
0.965546218487395,-0.900894186091276
0.965546218487395,-0.900894186091571
0.965546218487395,-0.90089418609145
0.965546218487395,-0.900894186091509
0.965546218487395,-0.900894186091354
0.965546218487395,-0.900894186091167
0.965546218487395,-0.900894186091518
0.965546218487395,-0.900894186091382
0.965546218487395,-0.900894186091676
0.965546218487395,-0.900894186091467
0.965546218487395,-0.900894186091804
0.965546218487395,-0.900894186091657
0.965546218487395,-0.90089418609147
0.965546218487395,-0.900894186091306
0.965546218487395,-0.900894186091161
0.965546218487395,-0.900894186091445
0.965546218487395,-0.900894186091223
0.965546218487395,-0.900894186091551
0.965546218487395,-0.900894186091434
0.965546218487395,-0.90089418609174
0.965546218487395,-0.900894186091521
0.965546218487395,-0.900894186091877
0.965546218487395,-0.900894186091715
0.965546218487395,-0.900894186091484
0.965546218487395,-0.900894186091359
0.965546218487395,-0.900894186091191
0.965546218487395,-0.900894186091459
0.965546218487395,-0.900894186091267
0.965546218487395,-0.900894186091608
0.965546218487395,-0.900894186091445
0.965546218487395,-0.900894186091743
0.965546218487395,-0.900894186091542
0.965546218487395,-0.900894186091873
0.965546218487395,-0.900894186091708
0.965546218487395,-0.900894186091517
0.965546218487395,-0.900894186091378
0.965546218487395,-0.900894186091205
0.965546218487395,-0.900894186091497
0.965546218487395,-0.900894186091298
0.965546218487395,-0.900894186091635
0.965546218487395,-0.900894186091476
0.965546218487395,-0.900894186091744
0.965546218487395,-0.900894186091541
0.965546218487395,-0.900894186091422
0.965546218487395,-0.900894186091733
0.965546218487395,-0.900894186091525
0.965546218487395,-0.900894186091389
0.965546218487395,-0.900894186091258
0.965546218487395,-0.900894186091538
0.965546218487395,-0.900894186091333
0.965546218487395,-0.900894186091664
0.965546218487395,-0.900894186091506
0.965546218487395,-0.900894186091774
0.965546218487395,-0.900894186091599
0.965546218487395,-0.900894186091469
0.965546218487395,-0.900894186091783
0.965546218487395,-0.900894186091568
0.965546218487395,-0.900894186091419
0.965546218487395,-0.90089418609128
0.965546218487395,-0.900894186091587
0.965546218487395,-0.9008941860914
0.965546218487395,-0.900894186091773
0.965546218487395,-0.900894186091664
0.965546218487395,-0.900894186091498
0.965546218487395,-0.900894186091767
0.965546218487395,-0.900894186091553
0.965546218487395,-0.900894186091904
0.965546218487395,-0.900894186091654
0.965546218487395,-0.900894186091517
0.965546218487395,-0.900894186091397
0.965546218487395,-0.900894186091662
0.965546218487395,-0.900894186091894
0.965546218487395,-0.90089418609133
0.965546218487395,-0.90089418609163
0.965546218487395,-0.90089418609191
0.965546218487395,-0.900894186091345
0.965546218487395,-0.900894186091644
0.965546218487395,-0.900894186091978
0.965546218487395,-0.900894186091749
0.965546218487395,-0.900894186091579
0.965546218487395,-0.900894186091402
0.965546218487395,-0.900894186091698
0.965546218487395,-0.900894186091949
0.965546218487395,-0.900894186091377
0.965546218487395,-0.900894186091759
0.965546218487395,-0.900894186091974
0.965546218487395,-0.900894186091384
0.965546218487395,-0.900894186091684
0.965546218487395,-0.900894186092005
0.965546218487395,-0.900894186091797
0.965546218487395,-0.900894186091624
0.965546218487395,-0.900894186091446
0.965546218487395,-0.900894186091794
0.965546218487395,-0.900894186091128
0.965546218487395,-0.900894186091446
0.965546218487395,-0.900894186091849
0.970588235294118,-0.924269579985035
0.970588235294118,-0.924269579984846
0.970588235294118,-0.924269579985129
0.970588235294118,-0.924269579984987
0.970588235294118,-0.924269579985035
0.970588235294118,-0.924269579984809
0.970588235294118,-0.924269579985099
0.970588235294118,-0.924269579984982
0.970588235294118,-0.92426957998503
0.970588235294118,-0.924269579984876
0.970588235294118,-0.92426957998469
0.970588235294118,-0.924269579985014
0.970588235294118,-0.924269579984889
0.970588235294118,-0.924269579985197
0.970588235294118,-0.92426957998499
0.970588235294118,-0.924269579985329
0.970588235294118,-0.924269579985189
0.970588235294118,-0.924269579984985
0.970588235294118,-0.924269579984822
0.970588235294118,-0.924269579984673
0.970588235294118,-0.924269579984952
0.970588235294118,-0.924269579984744
0.970588235294118,-0.92426957998507
0.970588235294118,-0.924269579984922
0.970588235294118,-0.924269579985224
0.970588235294118,-0.924269579985041
0.970588235294118,-0.92426957998539
0.970588235294118,-0.924269579985219
0.970588235294118,-0.924269579984997
0.970588235294118,-0.924269579984857
0.970588235294118,-0.924269579984693
0.970588235294118,-0.924269579984959
0.970588235294118,-0.924269579984798
0.970588235294118,-0.924269579985108
0.970588235294118,-0.924269579984936
0.970588235294118,-0.924269579985237
0.970588235294118,-0.924269579985056
0.970588235294118,-0.924269579985385
0.970588235294118,-0.924269579985212
0.970588235294118,-0.924269579985019
0.970588235294118,-0.924269579984875
0.970588235294118,-0.924269579984701
0.970588235294118,-0.924269579985022
0.970588235294118,-0.924269579984819
0.970588235294118,-0.924269579985141
0.970588235294118,-0.924269579984981
0.970588235294118,-0.924269579985266
0.970588235294118,-0.924269579985081
0.970588235294118,-0.924269579984964
0.970588235294118,-0.924269579985256
0.970588235294118,-0.924269579985045
0.970588235294118,-0.924269579984895
0.970588235294118,-0.924269579984757
0.970588235294118,-0.924269579985031
0.970588235294118,-0.924269579984835
0.970588235294118,-0.924269579985157
0.970588235294118,-0.924269579985007
0.970588235294118,-0.924269579985292
0.970588235294118,-0.924269579985117
0.970588235294118,-0.924269579984986
0.970588235294118,-0.924269579985278
0.970588235294118,-0.924269579985053
0.970588235294118,-0.924269579984923
0.970588235294118,-0.924269579984769
0.970588235294118,-0.924269579985072
0.970588235294118,-0.924269579984892
0.970588235294118,-0.924269579985251
0.970588235294118,-0.924269579985148
0.970588235294118,-0.924269579984974
0.970588235294118,-0.924269579985268
0.970588235294118,-0.924269579985059
0.970588235294118,-0.924269579985407
0.970588235294118,-0.92426957998515
0.970588235294118,-0.924269579985031
0.970588235294118,-0.924269579984902
0.970588235294118,-0.924269579985166
0.970588235294118,-0.924269579985401
0.970588235294118,-0.924269579984852
0.970588235294118,-0.924269579985119
0.970588235294118,-0.9242695799854
0.970588235294118,-0.924269579984824
0.970588235294118,-0.924269579985139
0.970588235294118,-0.924269579985475
0.970588235294118,-0.924269579985267
0.970588235294118,-0.92426957998509
0.970588235294118,-0.924269579984908
0.970588235294118,-0.924269579985198
0.970588235294118,-0.924269579985439
0.970588235294118,-0.924269579984895
0.970588235294118,-0.924269579985258
0.970588235294118,-0.924269579985455
0.970588235294118,-0.924269579984853
0.970588235294118,-0.924269579985179
0.970588235294118,-0.924269579985517
0.970588235294118,-0.924269579985335
0.970588235294118,-0.924269579985137
0.970588235294118,-0.924269579984945
0.970588235294118,-0.924269579985273
0.970588235294118,-0.924269579984626
0.970588235294118,-0.924269579984952
0.970588235294118,-0.924269579985346
0.97563025210084,-0.947290937754391
0.97563025210084,-0.947290937754214
0.97563025210084,-0.947290937754488
0.97563025210084,-0.947290937754322
0.97563025210084,-0.947290937754375
0.97563025210084,-0.947290937754175
0.97563025210084,-0.947290937754442
0.97563025210084,-0.947290937754322
0.97563025210084,-0.947290937754371
0.97563025210084,-0.947290937754218
0.97563025210084,-0.947290937754039
0.97563025210084,-0.947290937754362
0.97563025210084,-0.947290937754239
0.97563025210084,-0.947290937754549
0.97563025210084,-0.94729093775436
0.97563025210084,-0.947290937754684
0.97563025210084,-0.94729093775454
0.97563025210084,-0.947290937754329
0.97563025210084,-0.947290937754159
0.97563025210084,-0.947290937754006
0.97563025210084,-0.947290937754269
0.97563025210084,-0.947290937754071
0.97563025210084,-0.947290937754403
0.97563025210084,-0.94729093775428
0.97563025210084,-0.947290937754574
0.97563025210084,-0.947290937754384
0.97563025210084,-0.947290937754733
0.97563025210084,-0.947290937754571
0.97563025210084,-0.947290937754349
0.97563025210084,-0.947290937754204
0.97563025210084,-0.947290937754036
0.97563025210084,-0.947290937754282
0.97563025210084,-0.947290937754131
0.97563025210084,-0.947290937754443
0.97563025210084,-0.947290937754292
0.97563025210084,-0.947290937754607
0.97563025210084,-0.947290937754425
0.97563025210084,-0.947290937754765
0.97563025210084,-0.947290937754588
0.97563025210084,-0.947290937754372
0.97563025210084,-0.947290937754227
0.97563025210084,-0.94729093775405
0.97563025210084,-0.947290937754341
0.97563025210084,-0.947290937754152
0.97563025210084,-0.947290937754476
0.97563025210084,-0.947290937754328
0.97563025210084,-0.947290937754612
0.97563025210084,-0.947290937754419
0.97563025210084,-0.947290937754307
0.97563025210084,-0.947290937754612
0.97563025210084,-0.947290937754377
0.97563025210084,-0.947290937754236
0.97563025210084,-0.947290937754112
0.97563025210084,-0.947290937754381
0.97563025210084,-0.947290937754186
0.97563025210084,-0.9472909377545
0.97563025210084,-0.947290937754356
0.97563025210084,-0.94729093775464
0.97563025210084,-0.947290937754479
0.97563025210084,-0.947290937754343
0.97563025210084,-0.947290937754625
0.97563025210084,-0.947290937754418
0.97563025210084,-0.947290937754265
0.97563025210084,-0.947290937754106
0.97563025210084,-0.947290937754399
0.97563025210084,-0.947290937754222
0.97563025210084,-0.947290937754571
0.97563025210084,-0.947290937754463
0.97563025210084,-0.947290937754308
0.97563025210084,-0.947290937754597
0.97563025210084,-0.947290937754412
0.97563025210084,-0.947290937754769
0.97563025210084,-0.947290937754501
0.97563025210084,-0.947290937754348
0.97563025210084,-0.947290937754223
0.97563025210084,-0.9472909377545
0.97563025210084,-0.947290937754738
0.97563025210084,-0.947290937754185
0.97563025210084,-0.947290937754459
0.97563025210084,-0.947290937754746
0.97563025210084,-0.947290937754175
0.97563025210084,-0.947290937754488
0.97563025210084,-0.947290937754833
0.97563025210084,-0.94729093775463
0.97563025210084,-0.947290937754445
0.97563025210084,-0.947290937754249
0.97563025210084,-0.947290937754536
0.97563025210084,-0.94729093775478
0.97563025210084,-0.947290937754238
0.97563025210084,-0.947290937754609
0.97563025210084,-0.947290937754825
0.97563025210084,-0.947290937754215
0.97563025210084,-0.94729093775452
0.97563025210084,-0.947290937754857
0.97563025210084,-0.947290937754663
0.97563025210084,-0.947290937754464
0.97563025210084,-0.947290937754282
0.97563025210084,-0.947290937754608
0.97563025210084,-0.94729093775398
0.97563025210084,-0.947290937754314
0.97563025210084,-0.947290937754699
0.980672268907563,-0.969966975444073
0.980672268907563,-0.969966975443885
0.980672268907563,-0.969966975444176
0.980672268907563,-0.969966975444021
0.980672268907563,-0.969966975444061
0.980672268907563,-0.969966975443857
0.980672268907563,-0.96996697544411
0.980672268907563,-0.969966975443991
0.980672268907563,-0.969966975444042
0.980672268907563,-0.96996697544391
0.980672268907563,-0.969966975443728
0.980672268907563,-0.969966975444045
0.980672268907563,-0.969966975443913
0.980672268907563,-0.969966975444221
0.980672268907563,-0.969966975444032
0.980672268907563,-0.969966975444367
0.980672268907563,-0.969966975444227
0.980672268907563,-0.969966975444018
0.980672268907563,-0.969966975443841
0.980672268907563,-0.969966975443682
0.980672268907563,-0.969966975443975
0.980672268907563,-0.969966975443777
0.980672268907563,-0.969966975444095
0.980672268907563,-0.969966975443978
0.980672268907563,-0.969966975444272
0.980672268907563,-0.969966975444089
0.980672268907563,-0.969966975444435
0.980672268907563,-0.969966975444277
0.980672268907563,-0.969966975444073
0.980672268907563,-0.969966975443914
0.980672268907563,-0.969966975443732
0.980672268907563,-0.969966975444002
0.980672268907563,-0.96996697544383
0.980672268907563,-0.969966975444122
0.980672268907563,-0.969966975443968
0.980672268907563,-0.969966975444273
0.980672268907563,-0.969966975444096
0.980672268907563,-0.969966975444435
0.980672268907563,-0.969966975444257
0.980672268907563,-0.969966975444053
0.980672268907563,-0.969966975443906
0.980672268907563,-0.969966975443735
0.980672268907563,-0.96996697544403
0.980672268907563,-0.969966975443834
0.980672268907563,-0.96996697544416
0.980672268907563,-0.96996697544401
0.980672268907563,-0.969966975444282
0.980672268907563,-0.969966975444099
0.980672268907563,-0.969966975443991
0.980672268907563,-0.969966975444299
0.980672268907563,-0.969966975444086
0.980672268907563,-0.969966975443933
0.980672268907563,-0.969966975443803
0.980672268907563,-0.969966975444082
0.980672268907563,-0.96996697544389
0.980672268907563,-0.969966975444194
0.980672268907563,-0.969966975444053
0.980672268907563,-0.969966975444329
0.980672268907563,-0.969966975444165
0.980672268907563,-0.969966975444029
0.980672268907563,-0.969966975444334
0.980672268907563,-0.969966975444128
0.980672268907563,-0.969966975443976
0.980672268907563,-0.969966975443817
0.980672268907563,-0.969966975444096
0.980672268907563,-0.9699669754439
0.980672268907563,-0.96996697544424
0.980672268907563,-0.969966975444148
0.980672268907563,-0.969966975443999
0.980672268907563,-0.969966975444279
0.980672268907563,-0.969966975444091
0.980672268907563,-0.969966975444441
0.980672268907563,-0.969966975444184
0.980672268907563,-0.969966975444041
0.980672268907563,-0.969966975443904
0.980672268907563,-0.96996697544417
0.980672268907563,-0.969966975444409
0.980672268907563,-0.969966975443869
0.980672268907563,-0.969966975444141
0.980672268907563,-0.969966975444416
0.980672268907563,-0.969966975443844
0.980672268907563,-0.969966975444155
0.980672268907563,-0.969966975444499
0.980672268907563,-0.969966975444291
0.980672268907563,-0.969966975444127
0.980672268907563,-0.969966975443933
0.980672268907563,-0.969966975444218
0.980672268907563,-0.969966975444458
0.980672268907563,-0.969966975443907
0.980672268907563,-0.969966975444291
0.980672268907563,-0.969966975444507
0.980672268907563,-0.969966975443884
0.980672268907563,-0.969966975444191
0.980672268907563,-0.969966975444546
0.980672268907563,-0.969966975444357
0.980672268907563,-0.969966975444173
0.980672268907563,-0.969966975443997
0.980672268907563,-0.969966975444312
0.980672268907563,-0.969966975443661
0.980672268907563,-0.969966975443995
0.980672268907563,-0.969966975444405
0.985714285714286,-0.992306127368039
0.985714285714286,-0.992306127367849
0.985714285714286,-0.992306127368121
0.985714285714286,-0.992306127367968
0.985714285714286,-0.992306127368007
0.985714285714286,-0.992306127367787
0.985714285714286,-0.992306127368056
0.985714285714286,-0.992306127367928
0.985714285714286,-0.992306127368
0.985714285714286,-0.992306127367847
0.985714285714286,-0.992306127367659
0.985714285714286,-0.992306127367974
0.985714285714286,-0.99230612736785
0.985714285714286,-0.99230612736816
0.985714285714286,-0.992306127367968
0.985714285714286,-0.992306127368304
0.985714285714286,-0.992306127368177
0.985714285714286,-0.992306127367975
0.985714285714286,-0.992306127367804
0.985714285714286,-0.992306127367649
0.985714285714286,-0.99230612736791
0.985714285714286,-0.992306127367702
0.985714285714286,-0.992306127368021
0.985714285714286,-0.99230612736791
0.985714285714286,-0.992306127368208
0.985714285714286,-0.99230612736803
0.985714285714286,-0.992306127368388
0.985714285714286,-0.992306127368224
0.985714285714286,-0.992306127368006
0.985714285714286,-0.992306127367851
0.985714285714286,-0.992306127367681
0.985714285714286,-0.992306127367945
0.985714285714286,-0.992306127367779
0.985714285714286,-0.992306127368079
0.985714285714286,-0.992306127367919
0.985714285714286,-0.992306127368215
0.985714285714286,-0.992306127368035
0.985714285714286,-0.992306127368369
0.985714285714286,-0.992306127368217
0.985714285714286,-0.992306127367998
0.985714285714286,-0.992306127367852
0.985714285714286,-0.992306127367682
0.985714285714286,-0.992306127367967
0.985714285714286,-0.992306127367772
0.985714285714286,-0.992306127368102
0.985714285714286,-0.992306127367957
0.985714285714286,-0.992306127368238
0.985714285714286,-0.992306127368059
0.985714285714286,-0.992306127367935
0.985714285714286,-0.992306127368231
0.985714285714286,-0.99230612736801
0.985714285714286,-0.99230612736786
0.985714285714286,-0.992306127367724
0.985714285714286,-0.992306127368006
0.985714285714286,-0.992306127367816
0.985714285714286,-0.992306127368126
0.985714285714286,-0.992306127367992
0.985714285714286,-0.992306127368267
0.985714285714286,-0.992306127368104
0.985714285714286,-0.992306127367985
0.985714285714286,-0.992306127368276
0.985714285714286,-0.992306127368072
0.985714285714286,-0.992306127367921
0.985714285714286,-0.992306127367755
0.985714285714286,-0.992306127368021
0.985714285714286,-0.992306127367822
0.985714285714286,-0.992306127368166
0.985714285714286,-0.992306127368082
0.985714285714286,-0.992306127367931
0.985714285714286,-0.992306127368205
0.985714285714286,-0.99230612736802
0.985714285714286,-0.992306127368364
0.985714285714286,-0.99230612736811
0.985714285714286,-0.992306127367967
0.985714285714286,-0.992306127367839
0.985714285714286,-0.992306127368112
0.985714285714286,-0.992306127368357
0.985714285714286,-0.992306127367792
0.985714285714286,-0.99230612736808
0.985714285714286,-0.992306127368359
0.985714285714286,-0.99230612736778
0.985714285714286,-0.992306127368103
0.985714285714286,-0.992306127368452
0.985714285714286,-0.992306127368248
0.985714285714286,-0.992306127368071
0.985714285714286,-0.992306127367867
0.985714285714286,-0.992306127368138
0.985714285714286,-0.992306127368395
0.985714285714286,-0.99230612736784
0.985714285714286,-0.992306127368211
0.985714285714286,-0.992306127368437
0.985714285714286,-0.992306127367823
0.985714285714286,-0.992306127368141
0.985714285714286,-0.992306127368511
0.985714285714286,-0.99230612736832
0.985714285714286,-0.99230612736813
0.985714285714286,-0.992306127367941
0.985714285714286,-0.992306127368269
0.985714285714286,-0.992306127367655
0.985714285714286,-0.99230612736797
0.985714285714286,-0.992306127368376
0.990756302521008,-1.01431655863499
0.990756302521008,-1.01431655858248
0.990756302521008,-1.01431655854062
0.990756302521008,-1.01431655850655
0.990756302521008,-1.01431655847929
0.990756302521008,-1.01431655845709
0.990756302521008,-1.01431655843965
0.990756302521008,-1.01431655842527
0.990756302521008,-1.01431655841386
0.990756302521008,-1.01431655840446
0.990756302521008,-1.01431655839683
0.990756302521008,-1.01431655839116
0.990756302521008,-1.01431655838623
0.990756302521008,-1.01431655838269
0.990756302521008,-1.01431655837937
0.990756302521008,-1.01431655837717
0.990756302521008,-1.01431655837501
0.990756302521008,-1.01431655837319
0.990756302521008,-1.01431655837171
0.990756302521008,-1.0143165583705
0.990756302521008,-1.01431655836992
0.990756302521008,-1.01431655836904
0.990756302521008,-1.0143165583688
0.990756302521008,-1.01431655836823
0.990756302521008,-1.01431655836819
0.990756302521008,-1.01431655836771
0.990756302521008,-1.01431655836782
0.990756302521008,-1.01431655836749
0.990756302521008,-1.01431655836712
0.990756302521008,-1.01431655836686
0.990756302521008,-1.01431655836658
0.990756302521008,-1.01431655836678
0.990756302521008,-1.01431655836654
0.990756302521008,-1.01431655836679
0.990756302521008,-1.01431655836661
0.990756302521008,-1.01431655836687
0.990756302521008,-1.01431655836667
0.990756302521008,-1.01431655836698
0.990756302521008,-1.0143165583668
0.990756302521008,-1.01431655836658
0.990756302521008,-1.01431655836642
0.990756302521008,-1.01431655836624
0.990756302521008,-1.01431655836651
0.990756302521008,-1.0143165583663
0.990756302521008,-1.0143165583666
0.990756302521008,-1.01431655836646
0.990756302521008,-1.01431655836674
0.990756302521008,-1.01431655836655
0.990756302521008,-1.01431655836643
0.990756302521008,-1.01431655836674
0.990756302521008,-1.01431655836655
0.990756302521008,-1.01431655836639
0.990756302521008,-1.01431655836624
0.990756302521008,-1.01431655836651
0.990756302521008,-1.01431655836631
0.990756302521008,-1.01431655836662
0.990756302521008,-1.01431655836648
0.990756302521008,-1.01431655836675
0.990756302521008,-1.01431655836659
0.990756302521008,-1.01431655836647
0.990756302521008,-1.01431655836677
0.990756302521008,-1.01431655836657
0.990756302521008,-1.01431655836643
0.990756302521008,-1.01431655836627
0.990756302521008,-1.01431655836652
0.990756302521008,-1.01431655836631
0.990756302521008,-1.01431655836664
0.990756302521008,-1.01431655836655
0.990756302521008,-1.01431655836641
0.990756302521008,-1.01431655836669
0.990756302521008,-1.0143165583665
0.990756302521008,-1.01431655836687
0.990756302521008,-1.01431655836661
0.990756302521008,-1.01431655836645
0.990756302521008,-1.01431655836632
0.990756302521008,-1.01431655836659
0.990756302521008,-1.01431655836682
0.990756302521008,-1.01431655836627
0.990756302521008,-1.01431655836655
0.990756302521008,-1.01431655836684
0.990756302521008,-1.01431655836625
0.990756302521008,-1.01431655836657
0.990756302521008,-1.01431655836695
0.990756302521008,-1.01431655836677
0.990756302521008,-1.0143165583666
0.990756302521008,-1.01431655836639
0.990756302521008,-1.01431655836667
0.990756302521008,-1.01431655836691
0.990756302521008,-1.01431655836635
0.990756302521008,-1.01431655836674
0.990756302521008,-1.01431655836695
0.990756302521008,-1.01431655836635
0.990756302521008,-1.01431655836667
0.990756302521008,-1.01431655836701
0.990756302521008,-1.01431655836682
0.990756302521008,-1.01431655836662
0.990756302521008,-1.01431655836643
0.990756302521008,-1.01431655836675
0.990756302521008,-1.01431655836613
0.990756302521008,-1.01431655836646
0.990756302521008,-1.01431655836687
0.995798319327731,-1.03600696522452
0.995798319327731,-1.03600686706335
0.995798319327731,-1.03600678109719
0.995798319327731,-1.03600670581024
0.995798319327731,-1.0360066398764
0.995798319327731,-1.03600658213326
0.995798319327731,-1.03600653156401
0.995798319327731,-1.03600648727663
0.995798319327731,-1.03600644849125
0.995798319327731,-1.03600641452399
0.995798319327731,-1.03600638477644
0.995798319327731,-1.0360063587249
0.995798319327731,-1.03600633590935
0.995798319327731,-1.03600631592862
0.995798319327731,-1.03600629842963
0.995798319327731,-1.03600628310504
0.995798319327731,-1.0360062696838
0.995798319327731,-1.03600625792982
0.995798319327731,-1.03600624763603
0.995798319327731,-1.03600623862104
0.995798319327731,-1.03600623072639
0.995798319327731,-1.03600622381205
0.995798319327731,-1.03600621775715
0.995798319327731,-1.03600621245408
0.995798319327731,-1.03600620781023
0.995798319327731,-1.03600620374283
0.995798319327731,-1.03600620018124
0.995798319327731,-1.03600619706165
0.995798319327731,-1.03600619432953
0.995798319327731,-1.03600619193685
0.995798319327731,-1.03600618984138
0.995798319327731,-1.03600618800664
0.995798319327731,-1.03600618639943
0.995798319327731,-1.03600618499231
0.995798319327731,-1.03600618375961
0.995798319327731,-1.03600618268047
0.995798319327731,-1.03600618173495
0.995798319327731,-1.03600618090739
0.995798319327731,-1.03600618018218
0.995798319327731,-1.036006179547
0.995798319327731,-1.03600617899076
0.995798319327731,-1.03600617850359
0.995798319327731,-1.03600617807736
0.995798319327731,-1.03600617770362
0.995798319327731,-1.03600617737682
0.995798319327731,-1.03600617709019
0.995798319327731,-1.03600617683956
0.995798319327731,-1.03600617661966
0.995798319327731,-1.0360061764271
0.995798319327731,-1.03600617625889
0.995798319327731,-1.0360061761111
0.995798319327731,-1.03600617598169
0.995798319327731,-1.03600617586836
0.995798319327731,-1.03600617576952
0.995798319327731,-1.0360061756825
0.995798319327731,-1.03600617560677
0.995798319327731,-1.03600617554005
0.995798319327731,-1.03600617548202
0.995798319327731,-1.03600617543077
0.995798319327731,-1.03600617538592
0.995798319327731,-1.03600617534705
0.995798319327731,-1.03600617531255
0.995798319327731,-1.03600617528236
0.995798319327731,-1.0360061752559
0.995798319327731,-1.0360061752331
0.995798319327731,-1.0360061752127
0.995798319327731,-1.03600617519535
0.995798319327731,-1.03600617517978
0.995798319327731,-1.03600617516609
0.995798319327731,-1.03600617515451
0.995798319327731,-1.03600617514393
0.995798319327731,-1.03600617513517
0.995798319327731,-1.03600617512695
0.995798319327731,-1.03600617511982
0.995798319327731,-1.03600617511358
0.995798319327731,-1.03600617510849
0.995798319327731,-1.03600617510403
0.995798319327731,-1.03600617509935
0.995798319327731,-1.03600617509604
0.995798319327731,-1.03600617509317
0.995798319327731,-1.03600617508984
0.995798319327731,-1.03600617508774
0.995798319327731,-1.03600617508597
0.995798319327731,-1.03600617508394
0.995798319327731,-1.03600617508216
0.995798319327731,-1.03600617508054
0.995798319327731,-1.03600617507957
0.995798319327731,-1.0360061750787
0.995798319327731,-1.03600617507716
0.995798319327731,-1.03600617507671
0.995798319327731,-1.0360061750762
0.995798319327731,-1.03600617507497
0.995798319327731,-1.03600617507473
0.995798319327731,-1.0360061750746
0.995798319327731,-1.03600617507402
0.995798319327731,-1.03600617507344
0.995798319327731,-1.03600617507292
0.995798319327731,-1.03600617507297
0.995798319327731,-1.03600617507209
0.995798319327731,-1.03600617507219
0.995798319327731,-1.03600617507241
1.00084033613445,-1.05642473595397
1.00084033613445,-1.05647401497826
1.00084033613445,-1.05652075877495
1.00084033613445,-1.05656509778126
1.00084033613445,-1.05660715572347
1.00084033613445,-1.05664704995999
1.00084033613445,-1.05668489181145
1.00084033613445,-1.05672078686876
1.00084033613445,-1.05675483529103
1.00084033613445,-1.0567871320828
1.00084033613445,-1.05681776736088
1.00084033613445,-1.05684682660571
1.00084033613445,-1.05687439089819
1.00084033613445,-1.05690053714926
1.00084033613445,-1.05692533831099
1.00084033613445,-1.05694886358396
1.00084033613445,-1.05697117860652
1.00084033613445,-1.05699234564134
1.00084033613445,-1.05701242374737
1.00084033613445,-1.05703146894512
1.00084033613445,-1.05704953437334
1.00084033613445,-1.05706667043564
1.00084033613445,-1.05708292494432
1.00084033613445,-1.05709834325004
1.00084033613445,-1.05711296837209
1.00084033613445,-1.0571268411148
1.00084033613445,-1.05714000018515
1.00084033613445,-1.05715248229685
1.00084033613445,-1.05716432227623
1.00084033613445,-1.05717555315761
1.00084033613445,-1.05718620627571
1.00084033613445,-1.05719631135376
1.00084033613445,-1.05720589658453
1.00084033613445,-1.05721498871215
1.00084033613445,-1.05722361310312
1.00084033613445,-1.05723179382077
1.00084033613445,-1.05723955368859
1.00084033613445,-1.05724691435789
1.00084033613445,-1.05725389636416
1.00084033613445,-1.0572605191879
1.00084033613445,-1.05726680130699
1.00084033613445,-1.05727276024868
1.00084033613445,-1.05727841263902
1.00084033613445,-1.05728377424738
1.00084033613445,-1.05728886003377
1.00084033613445,-1.05729368418665
1.00084033613445,-1.05729826016638
1.00084033613445,-1.05730260073914
1.00084033613445,-1.0573067180157
1.00084033613445,-1.05731062348372
1.00084033613445,-1.05731432803857
1.00084033613445,-1.05731784201655
1.00084033613445,-1.05732117522166
1.00084033613445,-1.057324336954
1.00084033613445,-1.05732733603396
1.00084033613445,-1.05733018082996
1.00084033613445,-1.05733287927809
1.00084033613445,-1.05733543890789
1.00084033613445,-1.0573378668599
1.00084033613445,-1.05734016990857
1.00084033613445,-1.05734235447984
1.00084033613445,-1.05734442666774
1.00084033613445,-1.05734639225424
1.00084033613445,-1.05734825672327
1.00084033613445,-1.05735002527715
1.00084033613445,-1.05735170284927
1.00084033613445,-1.05735329412108
1.00084033613445,-1.05735480353127
1.00084033613445,-1.0573562352915
1.00084033613445,-1.05735759339682
1.00084033613445,-1.05735888163547
1.00084033613445,-1.05736010360265
1.00084033613445,-1.0573612627065
1.00084033613445,-1.05736236218161
1.00084033613445,-1.05736340509545
1.00084033613445,-1.05736439435816
1.00084033613445,-1.05736533272934
1.00084033613445,-1.05736622282628
1.00084033613445,-1.057367067134
1.00084033613445,-1.0573678680073
1.00084033613445,-1.05736862767972
1.00084033613445,-1.05736934827252
1.00084033613445,-1.05737003179526
1.00084033613445,-1.05737068015445
1.00084033613445,-1.05737129515951
1.00084033613445,-1.05737187852625
1.00084033613445,-1.05737243188287
1.00084033613445,-1.05737295677264
1.00084033613445,-1.05737345465928
1.00084033613445,-1.0573739269336
1.00084033613445,-1.05737437491219
1.00084033613445,-1.05737479984421
1.00084033613445,-1.05737520291696
1.00084033613445,-1.05737558525414
1.00084033613445,-1.05737594792192
1.00084033613445,-1.05737629193266
1.00084033613445,-1.05737661824609
1.00084033613445,-1.05737692777322
1.00084033613445,-1.05737722137614
1.00084033613445,-1.05737749987592
1.00084033613445,-1.05737776404871
1.00588235294118,-0.885316540985607
1.00588235294118,-0.885355983587086
1.00588235294118,-0.885393556463129
1.00588235294118,-0.885429349305031
1.00588235294118,-0.885463447405376
1.00588235294118,-0.885495931880201
1.00588235294118,-0.885526879883884
1.00588235294118,-0.88555636480734
1.00588235294118,-0.885584456471137
1.00588235294118,-0.885611221302973
1.00588235294118,-0.885636722509506
1.00588235294118,-0.88566102023749
1.00588235294118,-0.885684171724482
1.00588235294118,-0.885706231446889
1.00588235294118,-0.885727251253364
1.00588235294118,-0.885747280498674
1.00588235294118,-0.885766366162922
1.00588235294118,-0.885784552971657
1.00588235294118,-0.885801883505143
1.00588235294118,-0.885818398303718
1.00588235294118,-0.885834135968179
1.00588235294118,-0.885849133252605
1.00588235294118,-0.885863425157724
1.00588235294118,-0.88587704501225
1.00588235294118,-0.885890024557886
1.00588235294118,-0.885902394022647
1.00588235294118,-0.885914182197879
1.00588235294118,-0.885925416503743
1.00588235294118,-0.885936123058725
1.00588235294118,-0.885946326740747
1.00588235294118,-0.88595605124696
1.00588235294118,-0.88596531915127
1.00588235294118,-0.885974151956237
1.00588235294118,-0.885982570147736
1.00588235294118,-0.885990593239959
1.00588235294118,-0.885998239825488
1.00588235294118,-0.886005527615837
1.00588235294118,-0.886012473487202
1.00588235294118,-0.886019093516463
1.00588235294118,-0.886025403022585
1.00588235294118,-0.886031416600995
1.00588235294118,-0.886037148158267
1.00588235294118,-0.886042610945537
1.00588235294118,-0.886047817587621
1.00588235294118,-0.886052780116243
1.00588235294118,-0.886057509994133
1.00588235294118,-0.886062018145872
1.00588235294118,-0.886066314979804
1.00588235294118,-0.886070410415668
1.00588235294118,-0.886074313906252
1.00588235294118,-0.886078034458075
1.00588235294118,-0.886081580655552
1.00588235294118,-0.886084960678692
1.00588235294118,-0.886088182323413
1.00588235294118,-0.88609125301774
1.00588235294118,-0.886094179842506
1.00588235294118,-0.886096969543825
1.00588235294118,-0.886099628552667
1.00588235294118,-0.886102162996163
1.00588235294118,-0.886104578715011
1.00588235294118,-0.886106881275641
1.00588235294118,-0.886109075981681
1.00588235294118,-0.886111167889266
1.00588235294118,-0.886113161816629
1.00588235294118,-0.8861150623563
1.00588235294118,-0.886116873884144
1.00588235294118,-0.886118600572371
1.00588235294118,-0.886120246395639
1.00588235294118,-0.886121815143429
1.00588235294118,-0.886123310427533
1.00588235294118,-0.886124735689013
1.00588235294118,-0.886126094209505
1.00588235294118,-0.886127389114557
1.00588235294118,-0.886128623384974
1.00588235294118,-0.886129799861093
1.00588235294118,-0.886130921250565
1.00588235294118,-0.886131990133237
1.00588235294118,-0.886133008967639
1.00588235294118,-0.886133980099681
1.00588235294118,-0.886134905762683
1.00588235294118,-0.886135788085315
1.00588235294118,-0.88613662909905
1.00588235294118,-0.886137430737714
1.00588235294118,-0.886138194844659
1.00588235294118,-0.88613892317801
1.00588235294118,-0.886139617412953
1.00588235294118,-0.886140279146785
1.00588235294118,-0.886140909900873
1.00588235294118,-0.886141511125028
1.00588235294118,-0.886142084203815
1.00588235294118,-0.886142630454067
1.00588235294118,-0.88614315113118
1.00588235294118,-0.886143647434273
1.00588235294118,-0.886144120503801
1.00588235294118,-0.88614457142698
1.00588235294118,-0.886145001241183
1.00588235294118,-0.886145410934703
1.00588235294118,-0.886145801450138
1.00588235294118,-0.886146173683877
1.00588235294118,-0.88614652849363
1.00588235294118,-0.886146866694455
1.0109243697479,-0.708239387198156
1.0109243697479,-0.708239387194839
1.0109243697479,-0.708239387192591
1.0109243697479,-0.708239387190434
1.0109243697479,-0.708239387188855
1.0109243697479,-0.708239387187342
1.0109243697479,-0.708239387186579
1.0109243697479,-0.708239387185645
1.0109243697479,-0.708239387185029
1.0109243697479,-0.70823938718439
1.0109243697479,-0.708239387183732
1.0109243697479,-0.7082393871837
1.0109243697479,-0.708239387183328
1.0109243697479,-0.708239387183407
1.0109243697479,-0.708239387183028
1.0109243697479,-0.708239387183205
1.0109243697479,-0.708239387182991
1.0109243697479,-0.708239387182672
1.0109243697479,-0.708239387182417
1.0109243697479,-0.708239387182178
1.0109243697479,-0.708239387182433
1.0109243697479,-0.708239387182157
1.0109243697479,-0.708239387182445
1.0109243697479,-0.708239387182325
1.0109243697479,-0.708239387182613
1.0109243697479,-0.708239387182412
1.0109243697479,-0.70823938718274
1.0109243697479,-0.708239387182644
1.0109243697479,-0.708239387182396
1.0109243697479,-0.708239387182234
1.0109243697479,-0.708239387182048
1.0109243697479,-0.70823938718235
1.0109243697479,-0.708239387182148
1.0109243697479,-0.708239387182446
1.0109243697479,-0.708239387182316
1.0109243697479,-0.708239387182599
1.0109243697479,-0.708239387182437
1.0109243697479,-0.708239387182743
1.0109243697479,-0.708239387182606
1.0109243697479,-0.70823938718238
1.0109243697479,-0.708239387182222
1.0109243697479,-0.708239387182027
1.0109243697479,-0.708239387182349
1.0109243697479,-0.708239387182145
1.0109243697479,-0.708239387182455
1.0109243697479,-0.708239387182323
1.0109243697479,-0.708239387182578
1.0109243697479,-0.70823938718237
1.0109243697479,-0.708239387182204
1.0109243697479,-0.708239387182583
1.0109243697479,-0.708239387182345
1.0109243697479,-0.708239387182196
1.0109243697479,-0.70823938718206
1.0109243697479,-0.708239387182367
1.0109243697479,-0.708239387182162
1.0109243697479,-0.708239387182461
1.0109243697479,-0.708239387182327
1.0109243697479,-0.7082393871826
1.0109243697479,-0.708239387182418
1.0109243697479,-0.70823938718225
1.0109243697479,-0.708239387182597
1.0109243697479,-0.708239387182374
1.0109243697479,-0.708239387182248
1.0109243697479,-0.70823938718208
1.0109243697479,-0.708239387182271
1.0109243697479,-0.708239387182136
1.0109243697479,-0.70823938718245
1.0109243697479,-0.708239387182378
1.0109243697479,-0.70823938718223
1.0109243697479,-0.708239387182495
1.0109243697479,-0.708239387182265
1.0109243697479,-0.708239387182667
1.0109243697479,-0.708239387182408
1.0109243697479,-0.708239387182221
1.0109243697479,-0.708239387182132
1.0109243697479,-0.708239387182461
1.0109243697479,-0.708239387182701
1.0109243697479,-0.708239387182042
1.0109243697479,-0.708239387182401
1.0109243697479,-0.70823938718273
1.0109243697479,-0.708239387182103
1.0109243697479,-0.70823938718235
1.0109243697479,-0.708239387182736
1.0109243697479,-0.708239387182564
1.0109243697479,-0.708239387182388
1.0109243697479,-0.708239387182212
1.0109243697479,-0.70823938718255
1.0109243697479,-0.708239387182786
1.0109243697479,-0.708239387182128
1.0109243697479,-0.708239387182563
1.0109243697479,-0.708239387182855
1.0109243697479,-0.708239387182222
1.0109243697479,-0.708239387182461
1.0109243697479,-0.708239387182831
1.0109243697479,-0.708239387182667
1.0109243697479,-0.708239387182487
1.0109243697479,-0.708239387182339
1.0109243697479,-0.708239387182672
1.0109243697479,-0.708239387182008
1.0109243697479,-0.708239387182238
1.0109243697479,-0.708239387182674
1.01596638655462,-1.62925788309596
1.01596638655462,-1.62925788309574
1.01596638655462,-1.62925788309601
1.01596638655462,-1.62925788309589
1.01596638655462,-1.62925788309596
1.01596638655462,-1.62925788309575
1.01596638655462,-1.62925788309599
1.01596638655462,-1.6292578830959
1.01596638655462,-1.62925788309593
1.01596638655462,-1.62925788309575
1.01596638655462,-1.62925788309564
1.01596638655462,-1.62925788309599
1.01596638655462,-1.62925788309591
1.01596638655462,-1.62925788309622
1.01596638655462,-1.62925788309606
1.01596638655462,-1.62925788309638
1.01596638655462,-1.62925788309625
1.01596638655462,-1.62925788309605
1.01596638655462,-1.62925788309594
1.01596638655462,-1.62925788309582
1.01596638655462,-1.62925788309605
1.01596638655462,-1.62925788309583
1.01596638655462,-1.62925788309612
1.01596638655462,-1.629257883096
1.01596638655462,-1.62925788309628
1.01596638655462,-1.62925788309612
1.01596638655462,-1.62925788309643
1.01596638655462,-1.6292578830963
1.01596638655462,-1.62925788309607
1.01596638655462,-1.62925788309596
1.01596638655462,-1.62925788309582
1.01596638655462,-1.62925788309606
1.01596638655462,-1.62925788309591
1.01596638655462,-1.62925788309617
1.01596638655462,-1.62925788309603
1.01596638655462,-1.62925788309631
1.01596638655462,-1.62925788309614
1.01596638655462,-1.62925788309641
1.01596638655462,-1.62925788309627
1.01596638655462,-1.62925788309607
1.01596638655462,-1.62925788309598
1.01596638655462,-1.62925788309584
1.01596638655462,-1.6292578830961
1.01596638655462,-1.6292578830959
1.01596638655462,-1.62925788309618
1.01596638655462,-1.62925788309604
1.01596638655462,-1.6292578830963
1.01596638655462,-1.62925788309617
1.01596638655462,-1.62925788309604
1.01596638655462,-1.62925788309628
1.01596638655462,-1.62925788309607
1.01596638655462,-1.62925788309598
1.01596638655462,-1.62925788309588
1.01596638655462,-1.62925788309614
1.01596638655462,-1.62925788309593
1.01596638655462,-1.62925788309621
1.01596638655462,-1.62925788309608
1.01596638655462,-1.62925788309633
1.01596638655462,-1.62925788309619
1.01596638655462,-1.62925788309607
1.01596638655462,-1.62925788309638
1.01596638655462,-1.62925788309614
1.01596638655462,-1.62925788309603
1.01596638655462,-1.62925788309589
1.01596638655462,-1.62925788309626
1.01596638655462,-1.62925788309603
1.01596638655462,-1.62925788309629
1.01596638655462,-1.62925788309624
1.01596638655462,-1.62925788309608
1.01596638655462,-1.6292578830963
1.01596638655462,-1.62925788309606
1.01596638655462,-1.62925788309646
1.01596638655462,-1.62925788309622
1.01596638655462,-1.62925788309612
1.01596638655462,-1.62925788309604
1.01596638655462,-1.62925788309615
1.01596638655462,-1.62925788309634
1.01596638655462,-1.62925788309591
1.01596638655462,-1.62925788309621
1.01596638655462,-1.62925788309637
1.01596638655462,-1.62925788309593
1.01596638655462,-1.62925788309615
1.01596638655462,-1.6292578830964
1.01596638655462,-1.62925788309621
1.01596638655462,-1.62925788309611
1.01596638655462,-1.62925788309602
1.01596638655462,-1.62925788309612
1.01596638655462,-1.62925788309633
1.01596638655462,-1.62925788309591
1.01596638655462,-1.62925788309638
1.01596638655462,-1.62925788309649
1.01596638655462,-1.62925788309602
1.01596638655462,-1.62925788309622
1.01596638655462,-1.62925788309647
1.01596638655462,-1.6292578830963
1.01596638655462,-1.62925788309617
1.01596638655462,-1.62925788309608
1.01596638655462,-1.62925788309623
1.01596638655462,-1.62925788309565
1.01596638655462,-1.629257883096
1.01596638655462,-1.62925788309648
1.02100840336134,-0.531097677851487
1.02100840336134,-0.531097677851316
1.02100840336134,-0.531097677851563
1.02100840336134,-0.531097677851433
1.02100840336134,-0.531097677851475
1.02100840336134,-0.531097677851249
1.02100840336134,-0.531097677851576
1.02100840336134,-0.531097677851443
1.02100840336134,-0.531097677851472
1.02100840336134,-0.531097677851323
1.02100840336134,-0.531097677851019
1.02100840336134,-0.531097677851267
1.02100840336134,-0.5310976778511
1.02100840336134,-0.531097677851376
1.02100840336134,-0.53109767785124
1.02100840336134,-0.531097677851575
1.02100840336134,-0.531097677851484
1.02100840336134,-0.531097677851241
1.02100840336134,-0.531097677851068
1.02100840336134,-0.531097677850891
1.02100840336134,-0.531097677851195
1.02100840336134,-0.531097677850973
1.02100840336134,-0.531097677851272
1.02100840336134,-0.531097677851133
1.02100840336134,-0.531097677851422
1.02100840336134,-0.531097677851296
1.02100840336134,-0.531097677851585
1.02100840336134,-0.531097677851495
1.02100840336134,-0.531097677851245
1.02100840336134,-0.531097677851091
1.02100840336134,-0.531097677850886
1.02100840336134,-0.531097677851199
1.02100840336134,-0.53109767785101
1.02100840336134,-0.531097677851311
1.02100840336134,-0.531097677851168
1.02100840336134,-0.531097677851465
1.02100840336134,-0.531097677851331
1.02100840336134,-0.531097677851594
1.02100840336134,-0.53109767785147
1.02100840336134,-0.531097677851262
1.02100840336134,-0.531097677851129
1.02100840336134,-0.531097677850911
1.02100840336134,-0.531097677851211
1.02100840336134,-0.531097677851046
1.02100840336134,-0.531097677851375
1.02100840336134,-0.531097677851205
1.02100840336134,-0.531097677851459
1.02100840336134,-0.53109767785131
1.02100840336134,-0.531097677851145
1.02100840336134,-0.531097677851483
1.02100840336134,-0.531097677851258
1.02100840336134,-0.531097677851139
1.02100840336134,-0.531097677850968
1.02100840336134,-0.531097677851262
1.02100840336134,-0.53109767785109
1.02100840336134,-0.531097677851358
1.02100840336134,-0.531097677851225
1.02100840336134,-0.531097677851492
1.02100840336134,-0.531097677851347
1.02100840336134,-0.53109767785118
1.02100840336134,-0.53109767785153
1.02100840336134,-0.531097677851295
1.02100840336134,-0.531097677851172
1.02100840336134,-0.531097677850992
1.02100840336134,-0.531097677851186
1.02100840336134,-0.531097677851186
1.02100840336134,-0.531097677851395
1.02100840336134,-0.531097677851339
1.02100840336134,-0.531097677851125
1.02100840336134,-0.531097677851423
1.02100840336134,-0.531097677851216
1.02100840336134,-0.531097677851662
1.02100840336134,-0.531097677851429
1.02100840336134,-0.531097677851253
1.02100840336134,-0.531097677851169
1.02100840336134,-0.531097677851405
1.02100840336134,-0.531097677851712
1.02100840336134,-0.531097677851008
1.02100840336134,-0.531097677851384
1.02100840336134,-0.531097677851693
1.02100840336134,-0.531097677851066
1.02100840336134,-0.531097677851301
1.02100840336134,-0.531097677851699
1.02100840336134,-0.531097677851533
1.02100840336134,-0.531097677851339
1.02100840336134,-0.531097677851186
1.02100840336134,-0.531097677851461
1.02100840336134,-0.531097677851756
1.02100840336134,-0.531097677851047
1.02100840336134,-0.531097677851496
1.02100840336134,-0.531097677851813
1.02100840336134,-0.531097677851138
1.02100840336134,-0.531097677851334
1.02100840336134,-0.531097677851736
1.02100840336134,-0.531097677851565
1.02100840336134,-0.531097677851382
1.02100840336134,-0.531097677851232
1.02100840336134,-0.531097677851519
1.02100840336134,-0.53109767785091
1.02100840336134,-0.531097677851089
1.02100840336134,-0.531097677851518
1.02605042016807,-1.83641803022599
1.02605042016807,-1.8364180302258
1.02605042016807,-1.83641803022607
1.02605042016807,-1.83641803022595
1.02605042016807,-1.83641803022599
1.02605042016807,-1.8364180302258
1.02605042016807,-1.83641803022604
1.02605042016807,-1.83641803022599
1.02605042016807,-1.83641803022597
1.02605042016807,-1.83641803022585
1.02605042016807,-1.83641803022573
1.02605042016807,-1.83641803022607
1.02605042016807,-1.83641803022594
1.02605042016807,-1.83641803022622
1.02605042016807,-1.83641803022606
1.02605042016807,-1.83641803022635
1.02605042016807,-1.83641803022622
1.02605042016807,-1.83641803022603
1.02605042016807,-1.83641803022595
1.02605042016807,-1.83641803022581
1.02605042016807,-1.83641803022606
1.02605042016807,-1.8364180302258
1.02605042016807,-1.83641803022611
1.02605042016807,-1.83641803022599
1.02605042016807,-1.83641803022626
1.02605042016807,-1.83641803022608
1.02605042016807,-1.83641803022638
1.02605042016807,-1.83641803022625
1.02605042016807,-1.83641803022603
1.02605042016807,-1.83641803022594
1.02605042016807,-1.83641803022581
1.02605042016807,-1.83641803022606
1.02605042016807,-1.83641803022588
1.02605042016807,-1.83641803022614
1.02605042016807,-1.83641803022599
1.02605042016807,-1.83641803022627
1.02605042016807,-1.83641803022612
1.02605042016807,-1.83641803022637
1.02605042016807,-1.83641803022626
1.02605042016807,-1.83641803022607
1.02605042016807,-1.83641803022598
1.02605042016807,-1.83641803022582
1.02605042016807,-1.83641803022608
1.02605042016807,-1.83641803022591
1.02605042016807,-1.83641803022618
1.02605042016807,-1.83641803022602
1.02605042016807,-1.83641803022629
1.02605042016807,-1.83641803022618
1.02605042016807,-1.83641803022602
1.02605042016807,-1.83641803022628
1.02605042016807,-1.83641803022607
1.02605042016807,-1.836418030226
1.02605042016807,-1.83641803022588
1.02605042016807,-1.83641803022613
1.02605042016807,-1.83641803022594
1.02605042016807,-1.8364180302262
1.02605042016807,-1.83641803022605
1.02605042016807,-1.83641803022632
1.02605042016807,-1.83641803022618
1.02605042016807,-1.83641803022605
1.02605042016807,-1.83641803022638
1.02605042016807,-1.83641803022611
1.02605042016807,-1.83641803022602
1.02605042016807,-1.83641803022591
1.02605042016807,-1.83641803022625
1.02605042016807,-1.83641803022602
1.02605042016807,-1.83641803022623
1.02605042016807,-1.83641803022621
1.02605042016807,-1.83641803022603
1.02605042016807,-1.83641803022629
1.02605042016807,-1.83641803022602
1.02605042016807,-1.83641803022646
1.02605042016807,-1.83641803022621
1.02605042016807,-1.83641803022617
1.02605042016807,-1.83641803022607
1.02605042016807,-1.83641803022619
1.02605042016807,-1.83641803022638
1.02605042016807,-1.83641803022594
1.02605042016807,-1.83641803022622
1.02605042016807,-1.83641803022633
1.02605042016807,-1.83641803022603
1.02605042016807,-1.83641803022614
1.02605042016807,-1.83641803022641
1.02605042016807,-1.83641803022625
1.02605042016807,-1.83641803022617
1.02605042016807,-1.83641803022602
1.02605042016807,-1.83641803022615
1.02605042016807,-1.83641803022641
1.02605042016807,-1.83641803022597
1.02605042016807,-1.83641803022638
1.02605042016807,-1.83641803022639
1.02605042016807,-1.83641803022604
1.02605042016807,-1.83641803022616
1.02605042016807,-1.83641803022643
1.02605042016807,-1.83641803022626
1.02605042016807,-1.83641803022616
1.02605042016807,-1.83641803022604
1.02605042016807,-1.83641803022624
1.02605042016807,-1.83641803022572
1.02605042016807,-1.83641803022601
1.02605042016807,-1.83641803022644
1.03109243697479,-0.129479281249028
1.03109243697479,3.01359144932425
1.03109243697479,0.55378289054008
1.03109243697479,-0.121557483703175
1.03109243697479,2.99192501598227
1.03109243697479,0.598251288071604
1.03109243697479,-0.0988459806966673
1.03109243697479,2.98787466148847
1.03109243697479,0.60739398738594
1.03109243697479,-0.0936279111758767
1.03109243697479,2.99983038205725
1.03109243697479,0.583840780489736
1.03109243697479,-0.106790780549693
1.03109243697479,2.9793457392365
1.03109243697479,0.623626963212491
1.03109243697479,-0.0840130048780474
1.03109243697479,3.03654629763968
1.03109243697479,0.507567946025585
1.03109243697479,-0.13908673183826
1.03109243697479,3.05208449770708
1.03109243697479,0.470299277665255
1.03109243697479,-0.148333989297267
1.03109243697479,3.10382302151684
1.03109243697479,0.349544421616691
1.03109243697479,-0.153520138245711
1.03109243697479,3.13958267423409
1.03109243697479,0.260934331369861
1.03109243697479,-0.138752604969975
1.03109243697479,3.05106308673401
1.03109243697479,0.472586287237661
1.03109243697479,-0.147881113086573
1.03109243697479,3.10095238374233
1.03109243697479,0.356483765758813
1.03109243697479,-0.154097330892106
1.03109243697479,-3.13939123476956
1.03109243697479,0.250246972114058
1.03109243697479,-0.13616688294389
1.03109243697479,3.03924746104753
1.03109243697479,0.498769452074113
1.03109243697479,-0.141604203686621
1.03109243697479,3.06476008607482
1.03109243697479,0.44158716011068
1.03109243697479,-0.152783773946644
1.03109243697479,3.13395764711951
1.03109243697479,0.275129448362492
1.03109243697479,-0.141949304627801
1.03109243697479,3.06715477257297
1.03109243697479,0.436096566531804
1.03109243697479,-0.153383815914426
1.03109243697479,3.13829677253207
1.03109243697479,0.264187687015248
1.03109243697479,-0.139509821112945
1.03109243697479,3.05472571001944
1.03109243697479,0.464364170899194
1.03109243697479,-0.149439886292453
1.03109243697479,3.11098325140922
1.03109243697479,0.332119611599297
1.03109243697479,-0.151668211073525
1.03109243697479,3.12645620452986
1.03109243697479,0.293913948041867
1.03109243697479,-0.145730222286812
1.03109243697479,3.08834098606193
1.03109243697479,0.386646925733881
1.03109243697479,-0.155479709543953
1.03109243697479,-3.12910756020913
1.03109243697479,0.223939823373935
1.03109243697479,-0.129210940528345
1.03109243697479,3.01270841724875
1.03109243697479,0.555630708016365
1.03109243697479,-0.120721884302752
1.03109243697479,2.99027130100512
1.03109243697479,0.601573456019058
1.03109243697479,-0.0969600345273149
1.03109243697479,2.99159072706689
1.03109243697479,0.600149745133
1.03109243697479,-0.0977951790019445
1.03109243697479,2.98986231499349
1.03109243697479,0.603528397483782
1.03109243697479,-0.0958630815966672
1.03109243697479,2.99406403991718
1.03109243697479,0.595288556995715
1.03109243697479,-0.100536570757474
1.03109243697479,2.98510839418871
1.03109243697479,0.612735247048696
1.03109243697479,-0.0905008060516743
1.03109243697479,3.00958735379729
1.03109243697479,0.564127137725688
1.03109243697479,-0.116790530756044
1.03109243697479,2.98398491716352
1.03109243697479,0.614129359876518
1.03109243697479,-0.0896627820214384
1.03109243697479,3.01254795234544
1.03109243697479,0.558063311938652
1.03109243697479,-0.11964892965869
1.03109243697479,2.98831055435536
1.03109243697479,0.605500936188058
1.03109243697479,-0.0947044462132842
1.03109243697479,2.99693000360156
1.03109243697479,0.589618359217589
1.03109243697479,-0.103671640862012
1.03109243697479,2.98135477388353
1.03613445378151,-0.381433062362003
1.03613445378151,-0.381433062361783
1.03613445378151,-0.381433062362042
1.03613445378151,-0.381433062361953
1.03613445378151,-0.381433062361985
1.03613445378151,-0.381433062361758
1.03613445378151,-0.381433062362152
1.03613445378151,-0.381433062361985
1.03613445378151,-0.381433062361996
1.03613445378151,-0.381433062361875
1.03613445378151,-0.381433062361582
1.03613445378151,-0.381433062361904
1.03613445378151,-0.381433062361747
1.03613445378151,-0.381433062362028
1.03613445378151,-0.381433062361907
1.03613445378151,-0.381433062362234
1.03613445378151,-0.381433062362074
1.03613445378151,-0.381433062361861
1.03613445378151,-0.381433062361687
1.03613445378151,-0.381433062361502
1.03613445378151,-0.381433062361888
1.03613445378151,-0.381433062361609
1.03613445378151,-0.381433062361923
1.03613445378151,-0.381433062361776
1.03613445378151,-0.381433062362069
1.03613445378151,-0.381433062361999
1.03613445378151,-0.381433062362193
1.03613445378151,-0.381433062362124
1.03613445378151,-0.381433062361825
1.03613445378151,-0.381433062361728
1.03613445378151,-0.381433062361573
1.03613445378151,-0.381433062361886
1.03613445378151,-0.381433062361651
1.03613445378151,-0.381433062361943
1.03613445378151,-0.381433062361822
1.03613445378151,-0.381433062362126
1.03613445378151,-0.381433062361964
1.03613445378151,-0.381433062362188
1.03613445378151,-0.381433062362145
1.03613445378151,-0.381433062361904
1.03613445378151,-0.381433062361811
1.03613445378151,-0.381433062361573
1.03613445378151,-0.381433062361911
1.03613445378151,-0.381433062361742
1.03613445378151,-0.381433062362019
1.03613445378151,-0.381433062361875
1.03613445378151,-0.381433062362127
1.03613445378151,-0.381433062361955
1.03613445378151,-0.38143306236182
1.03613445378151,-0.38143306236212
1.03613445378151,-0.381433062361868
1.03613445378151,-0.381433062361822
1.03613445378151,-0.38143306236157
1.03613445378151,-0.381433062361957
1.03613445378151,-0.381433062361783
1.03613445378151,-0.381433062362017
1.03613445378151,-0.381433062361868
1.03613445378151,-0.381433062362166
1.03613445378151,-0.381433062361996
1.03613445378151,-0.381433062361786
1.03613445378151,-0.38143306236219
1.03613445378151,-0.381433062361914
1.03613445378151,-0.381433062361864
1.03613445378151,-0.381433062361651
1.03613445378151,-0.38143306236188
1.03613445378151,-0.381433062361939
1.03613445378151,-0.381433062362056
1.03613445378151,-0.381433062362081
1.03613445378151,-0.381433062361825
1.03613445378151,-0.381433062362099
1.03613445378151,-0.381433062361825
1.03613445378151,-0.381433062362316
1.03613445378151,-0.381433062362033
1.03613445378151,-0.381433062361911
1.03613445378151,-0.381433062361856
1.03613445378151,-0.381433062362051
1.03613445378151,-0.381433062362458
1.03613445378151,-0.381433062361621
1.03613445378151,-0.381433062362053
1.03613445378151,-0.381433062362358
1.03613445378151,-0.381433062361758
1.03613445378151,-0.381433062361962
1.03613445378151,-0.381433062362388
1.03613445378151,-0.381433062362158
1.03613445378151,-0.381433062361946
1.03613445378151,-0.381433062361824
1.03613445378151,-0.381433062362138
1.03613445378151,-0.381433062362461
1.03613445378151,-0.381433062361658
1.03613445378151,-0.381433062362138
1.03613445378151,-0.381433062362362
1.03613445378151,-0.381433062361758
1.03613445378151,-0.381433062362014
1.03613445378151,-0.38143306236241
1.03613445378151,-0.381433062362181
1.03613445378151,-0.381433062361983
1.03613445378151,-0.381433062361811
1.03613445378151,-0.381433062362159
1.03613445378151,-0.38143306236155
1.03613445378151,-0.381433062361694
1.03613445378151,-0.381433062362124
1.04117647058824,-0.345735973357016
1.04117647058824,-0.345735973356874
1.04117647058824,-0.345735973357133
1.04117647058824,-0.34573597335705
1.04117647058824,-0.345735973357048
1.04117647058824,-0.345735973356824
1.04117647058824,-0.345735973357192
1.04117647058824,-0.345735973357019
1.04117647058824,-0.345735973357071
1.04117647058824,-0.345735973356952
1.04117647058824,-0.3457359733567
1.04117647058824,-0.345735973357044
1.04117647058824,-0.345735973356835
1.04117647058824,-0.34573597335719
1.04117647058824,-0.345735973357019
1.04117647058824,-0.345735973357286
1.04117647058824,-0.345735973357215
1.04117647058824,-0.345735973356927
1.04117647058824,-0.345735973356838
1.04117647058824,-0.345735973356653
1.04117647058824,-0.345735973356991
1.04117647058824,-0.345735973356721
1.04117647058824,-0.345735973357023
1.04117647058824,-0.345735973356895
1.04117647058824,-0.345735973357195
1.04117647058824,-0.34573597335708
1.04117647058824,-0.345735973357332
1.04117647058824,-0.345735973357201
1.04117647058824,-0.345735973356952
1.04117647058824,-0.345735973356881
1.04117647058824,-0.345735973356636
1.04117647058824,-0.345735973356973
1.04117647058824,-0.345735973356776
1.04117647058824,-0.345735973357066
1.04117647058824,-0.34573597335692
1.04117647058824,-0.345735973357234
1.04117647058824,-0.345735973357094
1.04117647058824,-0.345735973357339
1.04117647058824,-0.345735973357211
1.04117647058824,-0.345735973357003
1.04117647058824,-0.345735973356936
1.04117647058824,-0.345735973356675
1.04117647058824,-0.34573597335703
1.04117647058824,-0.345735973356792
1.04117647058824,-0.345735973357117
1.04117647058824,-0.345735973357012
1.04117647058824,-0.345735973357231
1.04117647058824,-0.34573597335711
1.04117647058824,-0.345735973356906
1.04117647058824,-0.345735973357243
1.04117647058824,-0.345735973356996
1.04117647058824,-0.34573597335698
1.04117647058824,-0.345735973356719
1.04117647058824,-0.345735973357066
1.04117647058824,-0.345735973356824
1.04117647058824,-0.345735973357142
1.04117647058824,-0.345735973357034
1.04117647058824,-0.345735973357254
1.04117647058824,-0.345735973357108
1.04117647058824,-0.345735973356927
1.04117647058824,-0.345735973357334
1.04117647058824,-0.345735973357037
1.04117647058824,-0.345735973356947
1.04117647058824,-0.345735973356755
1.04117647058824,-0.345735973356959
1.04117647058824,-0.345735973357101
1.04117647058824,-0.345735973357177
1.04117647058824,-0.345735973357169
1.04117647058824,-0.345735973356899
1.04117647058824,-0.345735973357238
1.04117647058824,-0.345735973356978
1.04117647058824,-0.345735973357462
1.04117647058824,-0.345735973357174
1.04117647058824,-0.345735973357009
1.04117647058824,-0.345735973356984
1.04117647058824,-0.345735973357186
1.04117647058824,-0.345735973357526
1.04117647058824,-0.345735973356753
1.04117647058824,-0.345735973357149
1.04117647058824,-0.345735973357417
1.04117647058824,-0.345735973356845
1.04117647058824,-0.345735973357076
1.04117647058824,-0.345735973357495
1.04117647058824,-0.345735973357218
1.04117647058824,-0.345735973357034
1.04117647058824,-0.345735973356952
1.04117647058824,-0.345735973357218
1.04117647058824,-0.345735973357545
1.04117647058824,-0.345735973356778
1.04117647058824,-0.345735973357272
1.04117647058824,-0.345735973357488
1.04117647058824,-0.345735973356852
1.04117647058824,-0.345735973357094
1.04117647058824,-0.345735973357534
1.04117647058824,-0.345735973357277
1.04117647058824,-0.345735973357115
1.04117647058824,-0.34573597335698
1.04117647058824,-0.345735973357296
1.04117647058824,-0.345735973356714
1.04117647058824,-0.345735973356792
1.04117647058824,-0.34573597335727
1.04621848739496,-2.12547462219699
1.04621848739496,-2.12547462219691
1.04621848739496,-2.12547462219713
1.04621848739496,-2.12547462219696
1.04621848739496,-2.12547462219706
1.04621848739496,-2.12547462219687
1.04621848739496,-2.12547462219712
1.04621848739496,-2.12547462219701
1.04621848739496,-2.12547462219703
1.04621848739496,-2.12547462219694
1.04621848739496,-2.12547462219678
1.04621848739496,-2.12547462219715
1.04621848739496,-2.12547462219685
1.04621848739496,-2.12547462219726
1.04621848739496,-2.12547462219701
1.04621848739496,-2.12547462219731
1.04621848739496,-2.12547462219713
1.04621848739496,-2.12547462219699
1.04621848739496,-2.12547462219693
1.04621848739496,-2.12547462219676
1.04621848739496,-2.12547462219704
1.04621848739496,-2.12547462219682
1.04621848739496,-2.12547462219714
1.04621848739496,-2.12547462219687
1.04621848739496,-2.1254746221973
1.04621848739496,-2.12547462219702
1.04621848739496,-2.12547462219741
1.04621848739496,-2.1254746221971
1.04621848739496,-2.12547462219705
1.04621848739496,-2.1254746221969
1.04621848739496,-2.12547462219674
1.04621848739496,-2.12547462219703
1.04621848739496,-2.12547462219678
1.04621848739496,-2.12547462219714
1.04621848739496,-2.12547462219698
1.04621848739496,-2.12547462219729
1.04621848739496,-2.12547462219703
1.04621848739496,-2.12547462219734
1.04621848739496,-2.12547462219722
1.04621848739496,-2.125474622197
1.04621848739496,-2.12547462219703
1.04621848739496,-2.12547462219679
1.04621848739496,-2.12547462219703
1.04621848739496,-2.12547462219682
1.04621848739496,-2.12547462219718
1.04621848739496,-2.12547462219698
1.04621848739496,-2.12547462219729
1.04621848739496,-2.12547462219703
1.04621848739496,-2.125474622197
1.04621848739496,-2.12547462219722
1.04621848739496,-2.12547462219697
1.04621848739496,-2.12547462219697
1.04621848739496,-2.12547462219683
1.04621848739496,-2.12547462219713
1.04621848739496,-2.12547462219679
1.04621848739496,-2.12547462219725
1.04621848739496,-2.12547462219688
1.04621848739496,-2.1254746221973
1.04621848739496,-2.12547462219706
1.04621848739496,-2.12547462219699
1.04621848739496,-2.12547462219731
1.04621848739496,-2.12547462219698
1.04621848739496,-2.12547462219701
1.04621848739496,-2.12547462219683
1.04621848739496,-2.12547462219732
1.04621848739496,-2.12547462219694
1.04621848739496,-2.12547462219728
1.04621848739496,-2.12547462219717
1.04621848739496,-2.12547462219698
1.04621848739496,-2.12547462219724
1.04621848739496,-2.12547462219702
1.04621848739496,-2.1254746221975
1.04621848739496,-2.1254746221971
1.04621848739496,-2.1254746221972
1.04621848739496,-2.12547462219698
1.04621848739496,-2.12547462219717
1.04621848739496,-2.12547462219728
1.04621848739496,-2.12547462219703
1.04621848739496,-2.12547462219709
1.04621848739496,-2.12547462219725
1.04621848739496,-2.12547462219716
1.04621848739496,-2.12547462219706
1.04621848739496,-2.1254746221975
1.04621848739496,-2.12547462219717
1.04621848739496,-2.1254746221972
1.04621848739496,-2.12547462219689
1.04621848739496,-2.1254746221972
1.04621848739496,-2.12547462219735
1.04621848739496,-2.12547462219696
1.04621848739496,-2.12547462219722
1.04621848739496,-2.12547462219724
1.04621848739496,-2.12547462219711
1.04621848739496,-2.12547462219703
1.04621848739496,-2.1254746221974
1.04621848739496,-2.12547462219717
1.04621848739496,-2.12547462219718
1.04621848739496,-2.12547462219696
1.04621848739496,-2.12547462219727
1.04621848739496,-2.12547462219676
1.04621848739496,-2.12547462219704
1.04621848739496,-2.12547462219731
1.05126050420168,-0.287137618987828
1.05126050420168,-0.287137618987652
1.05126050420168,-0.287137618987961
1.05126050420168,-0.28713761898781
1.05126050420168,-0.287137618987886
1.05126050420168,-0.28713761898767
1.05126050420168,-0.28713761898797
1.05126050420168,-0.287137618987844
1.05126050420168,-0.287137618987897
1.05126050420168,-0.287137618987739
1.05126050420168,-0.287137618987456
1.05126050420168,-0.28713761898784
1.05126050420168,-0.28713761898765
1.05126050420168,-0.287137618987998
1.05126050420168,-0.287137618987828
1.05126050420168,-0.287137618988082
1.05126050420168,-0.287137618987996
1.05126050420168,-0.287137618987723
1.05126050420168,-0.287137618987652
1.05126050420168,-0.287137618987348
1.05126050420168,-0.287137618987838
1.05126050420168,-0.287137618987414
1.05126050420168,-0.287137618987897
1.05126050420168,-0.287137618987666
1.05126050420168,-0.287137618988044
1.05126050420168,-0.287137618987796
1.05126050420168,-0.287137618988105
1.05126050420168,-0.287137618988018
1.05126050420168,-0.287137618987737
1.05126050420168,-0.287137618987707
1.05126050420168,-0.287137618987401
1.05126050420168,-0.28713761898787
1.05126050420168,-0.287137618987458
1.05126050420168,-0.287137618987884
1.05126050420168,-0.287137618987726
1.05126050420168,-0.287137618988066
1.05126050420168,-0.287137618987868
1.05126050420168,-0.287137618988144
1.05126050420168,-0.287137618988011
1.05126050420168,-0.287137618987742
1.05126050420168,-0.287137618987748
1.05126050420168,-0.287137618987412
1.05126050420168,-0.287137618987886
1.05126050420168,-0.287137618987552
1.05126050420168,-0.287137618988003
1.05126050420168,-0.287137618987694
1.05126050420168,-0.287137618988108
1.05126050420168,-0.287137618987874
1.05126050420168,-0.287137618987744
1.05126050420168,-0.287137618988032
1.05126050420168,-0.287137618987792
1.05126050420168,-0.28713761898778
1.05126050420168,-0.287137618987446
1.05126050420168,-0.287137618987899
1.05126050420168,-0.287137618987625
1.05126050420168,-0.287137618987956
1.05126050420168,-0.287137618987805
1.05126050420168,-0.287137618988019
1.05126050420168,-0.287137618987924
1.05126050420168,-0.287137618987728
1.05126050420168,-0.287137618988073
1.05126050420168,-0.287137618987877
1.05126050420168,-0.28713761898778
1.05126050420168,-0.287137618987513
1.05126050420168,-0.287137618987844
1.05126050420168,-0.287137618987938
1.05126050420168,-0.287137618987959
1.05126050420168,-0.287137618988067
1.05126050420168,-0.287137618987673
1.05126050420168,-0.287137618988105
1.05126050420168,-0.287137618987819
1.05126050420168,-0.287137618988289
1.05126050420168,-0.287137618987936
1.05126050420168,-0.28713761898789
1.05126050420168,-0.2871376189877
1.05126050420168,-0.287137618987996
1.05126050420168,-0.287137618988368
1.05126050420168,-0.287137618987567
1.05126050420168,-0.287137618987957
1.05126050420168,-0.287137618988208
1.05126050420168,-0.287137618987643
1.05126050420168,-0.2871376189879
1.05126050420168,-0.287137618988343
1.05126050420168,-0.287137618987998
1.05126050420168,-0.287137618987916
1.05126050420168,-0.287137618987691
1.05126050420168,-0.287137618988075
1.05126050420168,-0.287137618988318
1.05126050420168,-0.287137618987606
1.05126050420168,-0.287137618988007
1.05126050420168,-0.287137618988265
1.05126050420168,-0.28713761898768
1.05126050420168,-0.28713761898792
1.05126050420168,-0.287137618988394
1.05126050420168,-0.287137618987964
1.05126050420168,-0.287137618987945
1.05126050420168,-0.287137618987673
1.05126050420168,-0.287137618988165
1.05126050420168,-0.287137618987492
1.05126050420168,-0.287137618987606
1.05126050420168,-0.287137618988064
1.0563025210084,-2.23715811270896
1.0563025210084,-2.23715811270888
1.0563025210084,-2.23715811270909
1.0563025210084,-2.23715811270899
1.0563025210084,-2.23715811270903
1.0563025210084,-2.23715811270886
1.0563025210084,-2.23715811270911
1.0563025210084,-2.237158112709
1.0563025210084,-2.23715811270901
1.0563025210084,-2.23715811270888
1.0563025210084,-2.2371581127089
1.0563025210084,-2.23715811270908
1.0563025210084,-2.23715811270894
1.0563025210084,-2.23715811270925
1.0563025210084,-2.23715811270896
1.0563025210084,-2.23715811270939
1.0563025210084,-2.23715811270908
1.0563025210084,-2.23715811270907
1.0563025210084,-2.23715811270891
1.0563025210084,-2.23715811270883
1.0563025210084,-2.23715811270903
1.0563025210084,-2.23715811270884
1.0563025210084,-2.23715811270915
1.0563025210084,-2.23715811270892
1.0563025210084,-2.2371581127093
1.0563025210084,-2.23715811270895
1.0563025210084,-2.23715811270941
1.0563025210084,-2.23715811270911
1.0563025210084,-2.23715811270906
1.0563025210084,-2.23715811270894
1.0563025210084,-2.23715811270884
1.0563025210084,-2.2371581127091
1.0563025210084,-2.23715811270884
1.0563025210084,-2.23715811270921
1.0563025210084,-2.23715811270889
1.0563025210084,-2.23715811270934
1.0563025210084,-2.23715811270897
1.0563025210084,-2.23715811270942
1.0563025210084,-2.23715811270911
1.0563025210084,-2.23715811270914
1.0563025210084,-2.23715811270893
1.0563025210084,-2.23715811270885
1.0563025210084,-2.23715811270913
1.0563025210084,-2.23715811270888
1.0563025210084,-2.23715811270921
1.0563025210084,-2.23715811270892
1.0563025210084,-2.23715811270934
1.0563025210084,-2.23715811270901
1.0563025210084,-2.23715811270912
1.0563025210084,-2.23715811270912
1.0563025210084,-2.23715811270911
1.0563025210084,-2.237158112709
1.0563025210084,-2.23715811270888
1.0563025210084,-2.23715811270911
1.0563025210084,-2.23715811270887
1.0563025210084,-2.23715811270928
1.0563025210084,-2.2371581127089
1.0563025210084,-2.23715811270935
1.0563025210084,-2.23715811270903
1.0563025210084,-2.23715811270913
1.0563025210084,-2.23715811270925
1.0563025210084,-2.23715811270908
1.0563025210084,-2.23715811270905
1.0563025210084,-2.2371581127089
1.0563025210084,-2.2371581127093
1.0563025210084,-2.23715811270891
1.0563025210084,-2.23715811270933
1.0563025210084,-2.23715811270905
1.0563025210084,-2.2371581127091
1.0563025210084,-2.23715811270919
1.0563025210084,-2.23715811270901
1.0563025210084,-2.23715811270951
1.0563025210084,-2.23715811270904
1.0563025210084,-2.23715811270924
1.0563025210084,-2.23715811270889
1.0563025210084,-2.23715811270927
1.0563025210084,-2.23715811270928
1.0563025210084,-2.23715811270906
1.0563025210084,-2.23715811270901
1.0563025210084,-2.23715811270933
1.0563025210084,-2.23715811270909
1.0563025210084,-2.23715811270905
1.0563025210084,-2.23715811270953
1.0563025210084,-2.23715811270905
1.0563025210084,-2.2371581127093
1.0563025210084,-2.23715811270887
1.0563025210084,-2.23715811270929
1.0563025210084,-2.23715811270932
1.0563025210084,-2.23715811270906
1.0563025210084,-2.23715811270917
1.0563025210084,-2.23715811270936
1.0563025210084,-2.23715811270906
1.0563025210084,-2.23715811270907
1.0563025210084,-2.23715811270951
1.0563025210084,-2.23715811270911
1.0563025210084,-2.23715811270928
1.0563025210084,-2.23715811270884
1.0563025210084,-2.23715811270939
1.0563025210084,-2.23715811270866
1.0563025210084,-2.23715811270915
1.0563025210084,-2.23715811270918
1.06134453781513,-2.28754072424134
1.06134453781513,-2.2875407254554
1.06134453781513,-2.28754072445809
1.06134453781513,-2.28754072527753
1.06134453781513,-2.28754072460426
1.06134453781513,-2.28754072515728
1.06134453781513,-2.28754072470305
1.06134453781513,-2.28754072507633
1.06134453781513,-2.28754072476954
1.06134453781513,-2.28754072502153
1.06134453781513,-2.28754072481435
1.06134453781513,-2.28754072498474
1.06134453781513,-2.28754072484475
1.06134453781513,-2.28754072495997
1.06134453781513,-2.28754072486525
1.06134453781513,-2.2875407249433
1.06134453781513,-2.28754072487919
1.06134453781513,-2.28754072493165
1.06134453781513,-2.28754072488834
1.06134453781513,-2.28754072492373
1.06134453781513,-2.28754072489478
1.06134453781513,-2.28754072491854
1.06134453781513,-2.2875407248992
1.06134453781513,-2.28754072491505
1.06134453781513,-2.28754072490225
1.06134453781513,-2.28754072491274
1.06134453781513,-2.28754072490431
1.06134453781513,-2.28754072491124
1.06134453781513,-2.28754072490529
1.06134453781513,-2.28754072491003
1.06134453781513,-2.28754072490594
1.06134453781513,-2.28754072490945
1.06134453781513,-2.28754072490653
1.06134453781513,-2.28754072490913
1.06134453781513,-2.28754072490693
1.06134453781513,-2.28754072490896
1.06134453781513,-2.28754072490725
1.06134453781513,-2.28754072490885
1.06134453781513,-2.28754072490755
1.06134453781513,-2.28754072490842
1.06134453781513,-2.28754072490753
1.06134453781513,-2.28754072490804
1.06134453781513,-2.28754072490779
1.06134453781513,-2.28754072490793
1.06134453781513,-2.28754072490799
1.06134453781513,-2.28754072490791
1.06134453781513,-2.28754072490817
1.06134453781513,-2.28754072490798
1.06134453781513,-2.28754072490794
1.06134453781513,-2.28754072490804
1.06134453781513,-2.28754072490802
1.06134453781513,-2.28754072490785
1.06134453781513,-2.2875407249078
1.06134453781513,-2.28754072490798
1.06134453781513,-2.28754072490781
1.06134453781513,-2.28754072490814
1.06134453781513,-2.28754072490783
1.06134453781513,-2.28754072490833
1.06134453781513,-2.28754072490782
1.06134453781513,-2.28754072490814
1.06134453781513,-2.28754072490802
1.06134453781513,-2.28754072490805
1.06134453781513,-2.28754072490787
1.06134453781513,-2.28754072490784
1.06134453781513,-2.28754072490817
1.06134453781513,-2.28754072490778
1.06134453781513,-2.28754072490828
1.06134453781513,-2.28754072490791
1.06134453781513,-2.28754072490801
1.06134453781513,-2.28754072490803
1.06134453781513,-2.287540724908
1.06134453781513,-2.28754072490833
1.06134453781513,-2.28754072490793
1.06134453781513,-2.28754072490818
1.06134453781513,-2.28754072490773
1.06134453781513,-2.28754072490825
1.06134453781513,-2.28754072490809
1.06134453781513,-2.28754072490805
1.06134453781513,-2.28754072490782
1.06134453781513,-2.28754072490833
1.06134453781513,-2.28754072490791
1.06134453781513,-2.28754072490799
1.06134453781513,-2.28754072490839
1.06134453781513,-2.28754072490796
1.06134453781513,-2.2875407249082
1.06134453781513,-2.28754072490773
1.06134453781513,-2.28754072490825
1.06134453781513,-2.28754072490814
1.06134453781513,-2.28754072490804
1.06134453781513,-2.28754072490801
1.06134453781513,-2.28754072490827
1.06134453781513,-2.28754072490794
1.06134453781513,-2.28754072490799
1.06134453781513,-2.28754072490842
1.06134453781513,-2.28754072490794
1.06134453781513,-2.28754072490823
1.06134453781513,-2.28754072490769
1.06134453781513,-2.28754072490836
1.06134453781513,-2.28754072490747
1.06134453781513,-2.28754072490816
1.06134453781513,-2.287540724908
1.06638655462185,-0.204909795632938
1.06638655462185,-0.239937872575304
1.06638655462185,-0.205059057421375
1.06638655462185,-0.239751400213629
1.06638655462185,-0.205203947546396
1.06638655462185,-0.239570747757648
1.06638655462185,-0.205344674900497
1.06638655462185,-0.239395622891028
1.06638655462185,-0.205481434583737
1.06638655462185,-0.239225753403609
1.06638655462185,-0.205614409059677
1.06638655462185,-0.239060885450195
1.06638655462185,-0.20574376919374
1.06638655462185,-0.238900781986935
1.06638655462185,-0.205869675186577
1.06638655462185,-0.238745221369822
1.06638655462185,-0.205992277420458
1.06638655462185,-0.238593996092122
1.06638655462185,-0.206111717221649
1.06638655462185,-0.238446911647495
1.06638655462185,-0.206228127555089
1.06638655462185,-0.238303785501403
1.06638655462185,-0.206341635342762
1.06638655462185,-0.238164447090847
1.06638655462185,-0.206452354504041
1.06638655462185,-0.238028734190831
1.06638655462185,-0.206560398931831
1.06638655462185,-0.237896494913283
1.06638655462185,-0.206665873880592
1.06638655462185,-0.237767586130184
1.06638655462185,-0.20676887887138
1.06638655462185,-0.237641872814997
1.06638655462185,-0.206869508088486
1.06638655462185,-0.237519227459872
1.06638655462185,-0.206967850742302
1.06638655462185,-0.237399529548595
1.06638655462185,-0.207063991404146
1.06638655462185,-0.23728266507071
1.06638655462185,-0.20715801031314
1.06638655462185,-0.237168526077507
1.06638655462185,-0.207249983657748
1.06638655462185,-0.237057010274759
1.06638655462185,-0.207339983837716
1.06638655462185,-0.236948020647871
1.06638655462185,-0.207428079701124
1.06638655462185,-0.236841465115591
1.06638655462185,-0.207514336767787
1.06638655462185,-0.236737256213619
1.06638655462185,-0.207598817433469
1.06638655462185,-0.236635310801438
1.06638655462185,-0.207681581160637
1.06638655462185,-0.236535549791082
1.06638655462185,-0.207762684651346
1.06638655462185,-0.236437897898417
1.06638655462185,-0.207842182013913
1.06638655462185,-0.236342283409098
1.06638655462185,-0.207920124910741
1.06638655462185,-0.236248637965749
1.06638655462185,-0.207996562700643
1.06638655462185,-0.236156896367904
1.06638655462185,-0.208071542569956
1.06638655462185,-0.236066996388839
1.06638655462185,-0.208145109653024
1.06638655462185,-0.235978878600921
1.06638655462185,-0.208217307148011
1.06638655462185,-0.235892486219766
1.06638655462185,-0.208288176420258
1.06638655462185,-0.235807764950451
1.06638655462185,-0.208357757102645
1.06638655462185,-0.235724662852768
1.06638655462185,-0.208426087188936
1.06638655462185,-0.235643130210741
1.06638655462185,-0.208493203118003
1.06638655462185,-0.235563119410735
1.06638655462185,-0.208559139856094
1.06638655462185,-0.235484584831047
1.06638655462185,-0.208623930974257
1.06638655462185,-0.235407482732761
1.06638655462185,-0.208687608714708
1.06638655462185,-0.235331771165807
1.06638655462185,-0.208750204063332
1.06638655462185,-0.235257409869732
1.06638655462185,-0.208811746810115
1.06638655462185,-0.23518436019415
1.06638655462185,-0.208872265604217
1.06638655462185,-0.235112585011816
1.06638655462185,-0.208931788016681
1.06638655462185,-0.235042048646529
1.06638655462185,-0.20899034058572
1.06638655462185,-0.234972716795896
1.06638655462185,-0.209047948871598
1.06638655462185,-0.234904556469747
1.06638655462185,-0.209104637496274
1.06638655462185,-0.234837535924601
1.06638655462185,-0.209160430194023
1.06638655462185,-0.234771624599698
1.06638655462185,-0.209215349847126
1.06638655462185,-0.234706793068117
1.06638655462185,-0.209269418528057
1.06638655462185,-0.234643012977148
1.06638655462185,-0.209322657535086
1.07142857142857,-2.50359275815363
1.07142857142857,-2.18708864708962
1.07142857142857,-2.5035927581537
1.07142857142857,-2.18708864708972
1.07142857142857,-2.50359275815366
1.07142857142857,-2.18708864708957
1.07142857142857,-2.50359275815372
1.07142857142857,-2.18708864708974
1.07142857142857,-2.50359275815365
1.07142857142857,-2.18708864708963
1.07142857142857,-2.50359275815341
1.07142857142857,-2.18708864708998
1.07142857142857,-2.50359275815344
1.07142857142857,-2.18708864709021
1.07142857142857,-2.50359275815349
1.07142857142857,-2.18708864709037
1.07142857142857,-2.50359275815365
1.07142857142857,-2.18708864708991
1.07142857142857,-2.50359275815348
1.07142857142857,-2.18708864708967
1.07142857142857,-2.50359275815357
1.07142857142857,-2.18708864708964
1.07142857142857,-2.5035927581537
1.07142857142857,-2.18708864708963
1.07142857142857,-2.50359275815381
1.07142857142857,-2.18708864708965
1.07142857142857,-2.50359275815389
1.07142857142857,-2.18708864708977
1.07142857142857,-2.50359275815357
1.07142857142857,-2.18708864708978
1.07142857142857,-2.50359275815336
1.07142857142857,-2.18708864708999
1.07142857142857,-2.50359275815342
1.07142857142857,-2.18708864709007
1.07142857142857,-2.50359275815345
1.07142857142857,-2.18708864709033
1.07142857142857,-2.50359275815352
1.07142857142857,-2.18708864709041
1.07142857142857,-2.50359275815368
1.07142857142857,-2.18708864708993
1.07142857142857,-2.50359275815353
1.07142857142857,-2.18708864708966
1.07142857142857,-2.5035927581536
1.07142857142857,-2.18708864708968
1.07142857142857,-2.50359275815376
1.07142857142857,-2.18708864708959
1.07142857142857,-2.50359275815382
1.07142857142857,-2.18708864708976
1.07142857142857,-2.50359275815363
1.07142857142857,-2.18708864708989
1.07142857142857,-2.50359275815361
1.07142857142857,-2.18708864708985
1.07142857142857,-2.50359275815344
1.07142857142857,-2.18708864708996
1.07142857142857,-2.50359275815343
1.07142857142857,-2.18708864709018
1.07142857142857,-2.5035927581535
1.07142857142857,-2.1870886470903
1.07142857142857,-2.50359275815359
1.07142857142857,-2.18708864709005
1.07142857142857,-2.50359275815379
1.07142857142857,-2.18708864708981
1.07142857142857,-2.50359275815359
1.07142857142857,-2.18708864708968
1.07142857142857,-2.50359275815379
1.07142857142857,-2.18708864708962
1.07142857142857,-2.50359275815386
1.07142857142857,-2.18708864708971
1.07142857142857,-2.50359275815362
1.07142857142857,-2.18708864708997
1.07142857142857,-2.50359275815357
1.07142857142857,-2.18708864709042
1.07142857142857,-2.50359275815359
1.07142857142857,-2.1870886470902
1.07142857142857,-2.50359275815351
1.07142857142857,-2.18708864709007
1.07142857142857,-2.50359275815379
1.07142857142857,-2.18708864709002
1.07142857142857,-2.50359275815353
1.07142857142857,-2.1870886470904
1.07142857142857,-2.50359275815359
1.07142857142857,-2.18708864708982
1.07142857142857,-2.50359275815399
1.07142857142857,-2.18708864708974
1.07142857142857,-2.50359275815374
1.07142857142857,-2.18708864708954
1.07142857142857,-2.50359275815373
1.07142857142857,-2.18708864709021
1.07142857142857,-2.5035927581536
1.07142857142857,-2.18708864708992
1.07142857142857,-2.50359275815378
1.07142857142857,-2.18708864709005
1.07142857142857,-2.50359275815369
1.07142857142857,-2.18708864709027
1.07142857142857,-2.50359275815366
1.07142857142857,-2.18708864709019
1.07142857142857,-2.50359275815344
1.07142857142857,-2.18708864709037
1.07142857142857,-2.50359275815327
1.07142857142857,-2.18708864709015
1.07142857142857,-2.50359275815376
1.07647058823529,1.50572405522279
1.07647058823529,0.542960684506607
1.07647058823529,1.25711416882124
1.07647058823529,1.50671341056985
1.07647058823529,0.541103906932101
1.07647058823529,1.2574999429822
1.07647058823529,1.50775254907539
1.07647058823529,0.539142138906819
1.07647058823529,1.2579114450671
1.07647058823529,1.50887847531092
1.07647058823529,0.537003088700285
1.07647058823529,1.25836469076621
1.07647058823529,1.51013974660219
1.07647058823529,0.534590216523956
1.07647058823529,1.2588816253428
1.07647058823529,1.51160562761201
1.07647058823529,0.531763610269653
1.07647058823529,1.259494785191
1.07647058823529,1.51338275828953
1.07647058823529,0.528304427005626
1.07647058823529,1.26025620679128
1.07647058823529,1.51564859079128
1.07647058823529,0.523841983704958
1.07647058823529,1.26125621246491
1.07647058823529,1.51872588770122
1.07647058823529,0.517686883316607
1.07647058823529,1.26266786389195
1.07647058823529,1.52327197317114
1.07647058823529,0.508391159703706
1.07647058823529,1.26486933856968
1.07647058823529,1.53085463156539
1.07647058823529,0.492332798102058
1.07647058823529,1.26886245117315
1.07647058823529,1.54625768749828
1.07647058823529,0.457466327186406
1.07647058823529,1.27829791461878
1.07647058823529,1.59253963235471
1.07647058823529,0.331847993440206
1.07647058823529,1.31792117844626
1.07647058823529,2.08778072563092
1.07647058823529,1.48060583011628
1.07647058823529,0.575343617912427
1.07647058823529,1.25108418988071
1.07647058823529,1.49241427743986
1.07647058823529,0.566920085419977
1.07647058823529,1.25246838791822
1.07647058823529,1.49538610753224
1.07647058823529,0.561732403321887
1.07647058823529,1.25342094597065
1.07647058823529,1.497536425555
1.07647058823529,0.557921305742134
1.07647058823529,1.25413979388265
1.07647058823529,1.49921642390486
1.07647058823529,0.554909924491323
1.07647058823529,1.2547190851283
1.07647058823529,1.50060682623605
1.07647058823529,0.552395025631117
1.07647058823529,1.25521043544071
1.07647058823529,1.50181213797673
1.07647058823529,0.550198235885279
1.07647058823529,1.25564522795383
1.07647058823529,1.50289886816761
1.07647058823529,0.54820422472255
1.07647058823529,1.25604437246993
1.07647058823529,1.503913360822
1.07647058823529,0.54633128083864
1.07647058823529,1.25642314820289
1.07647058823529,1.50489117282086
1.07647058823529,0.544515515841457
1.07647058823529,1.25679391529912
1.07647058823529,1.50586269064345
1.07647058823529,0.542701144599622
1.07647058823529,1.2571678748485
1.07647058823529,1.50685713142197
1.07647058823529,0.540833286352143
1.07647058823529,1.25755646992905
1.07647058823529,1.50790614081895
1.07647058823529,0.538851168032867
1.07647058823529,1.25797282049177
1.07647058823529,1.50904796588121
1.07647058823529,0.536679873210794
1.07647058823529,1.25843358884809
1.07647058823529,1.51033342891542
1.07647058823529,0.534218124043399
1.07647058823529,1.25896187473682
1.07647058823529,1.51183583385105
1.07647058823529,0.5313175221936
1.07647058823529,1.25959229613665
1.07647058823529,1.51366925776938
1.07647058823529,0.527743411400586
1.07647058823529,1.26038083243008
1.07647058823529,1.51602576140266
1.07647058823529,0.523093462211804
1.07647058823529,1.26142589231547
1.07647058823529,1.51925968194734
1.07647058823529,0.5166080093157
1.07647058823529,1.26291911275804
1.07647058823529,1.52410651547182
1.07647058823529,0.506658021988564
1.07647058823529,1.26528886745547
1.07647058823529,1.53237044272137
1.08151260504202,1.38033418721072
1.08151260504202,0.666071605764797
1.08151260504202,1.21514281859007
1.08151260504202,1.38033418721063
1.08151260504202,0.666071605764689
1.08151260504202,1.21514281859016
1.08151260504202,1.38033418721067
1.08151260504202,0.666071605764717
1.08151260504202,1.2151428185901
1.08151260504202,1.38033418721076
1.08151260504202,0.666071605764703
1.08151260504202,1.21514281859018
1.08151260504202,1.38033418721088
1.08151260504202,0.666071605764209
1.08151260504202,1.21514281859017
1.08151260504202,1.380334187211
1.08151260504202,0.666071605764191
1.08151260504202,1.21514281859019
1.08151260504202,1.38033418721088
1.08151260504202,0.666071605764685
1.08151260504202,1.21514281859019
1.08151260504202,1.38033418721086
1.08151260504202,0.666071605764305
1.08151260504202,1.21514281859024
1.08151260504202,1.38033418721097
1.08151260504202,0.666071605764307
1.08151260504202,1.21514281859008
1.08151260504202,1.38033418721093
1.08151260504202,0.666071605764383
1.08151260504202,1.21514281859026
1.08151260504202,1.38033418721082
1.08151260504202,0.666071605764404
1.08151260504202,1.2151428185903
1.08151260504202,1.38033418721099
1.08151260504202,0.66607160576436
1.08151260504202,1.2151428185901
1.08151260504202,1.38033418721089
1.08151260504202,0.666071605764067
1.08151260504202,1.21514281859011
1.08151260504202,1.38033418721091
1.08151260504202,0.666071605764465
1.08151260504202,1.21514281859031
1.08151260504202,1.38033418721089
1.08151260504202,0.666071605764536
1.08151260504202,1.21514281859014
1.08151260504202,1.38033418721094
1.08151260504202,0.666071605764103
1.08151260504202,1.21514281859013
1.08151260504202,1.38033418721095
1.08151260504202,0.666071605764095
1.08151260504202,1.21514281859016
1.08151260504202,1.38033418721091
1.08151260504202,0.666071605764589
1.08151260504202,1.21514281859016
1.08151260504202,1.38033418721086
1.08151260504202,0.666071605764234
1.08151260504202,1.21514281859018
1.08151260504202,1.38033418721097
1.08151260504202,0.666071605764216
1.08151260504202,1.21514281859021
1.08151260504202,1.38033418721102
1.08151260504202,0.666071605764195
1.08151260504202,1.21514281859024
1.08151260504202,1.3803341872108
1.08151260504202,0.666071605764289
1.08151260504202,1.21514281859017
1.08151260504202,1.38033418721093
1.08151260504202,0.666071605764245
1.08151260504202,1.21514281859024
1.08151260504202,1.38033418721092
1.08151260504202,0.666071605764266
1.08151260504202,1.21514281859007
1.08151260504202,1.38033418721095
1.08151260504202,0.666071605764284
1.08151260504202,1.21514281859025
1.08151260504202,1.38033418721104
1.08151260504202,0.666071605763754
1.08151260504202,1.21514281859027
1.08151260504202,1.38033418721093
1.08151260504202,0.666071605763937
1.08151260504202,1.21514281859024
1.08151260504202,1.38033418721096
1.08151260504202,0.666071605763968
1.08151260504202,1.21514281859004
1.08151260504202,1.38033418721099
1.08151260504202,0.666071605764323
1.08151260504202,1.21514281859007
1.08151260504202,1.38033418721098
1.08151260504202,0.666071605764458
1.08151260504202,1.21514281859012
1.08151260504202,1.38033418721102
1.08151260504202,0.66607160576446
1.08151260504202,1.21514281859015
1.08151260504202,1.38033418721109
1.08151260504202,0.666071605764019
1.08151260504202,1.21514281859013
1.08151260504202,1.38033418721075
1.08151260504202,0.666071605764317
1.08151260504202,1.21514281859031
1.08151260504202,1.38033418721088
1.08151260504202,0.666071605764197
1.08655462184874,-0.0797142299754015
1.08655462184874,-0.498449916061576
1.08655462184874,-0.0812954594119901
1.08655462184874,-0.477284034483507
1.08655462184874,-0.0762859210902409
1.08655462184874,-0.524788608387443
1.08655462184874,-0.0888069644901641
1.08655462184874,-0.417117406617704
1.08655462184874,-0.0666334999361649
1.08655462184874,-0.639405997123831
1.08655462184874,-0.140230022230305
1.08655462184874,-0.195650022324587
1.08655462184874,-0.113970805181996
1.08655462184874,-0.28582173626512
1.08655462184874,-0.0699400158369912
1.08655462184874,-0.601502038100595
1.08655462184874,-0.119586499181445
1.08655462184874,-0.257517420381914
1.08655462184874,-0.0774179664684578
1.08655462184874,-0.520169194825467
1.08655462184874,-0.087382242482164
1.08655462184874,-0.427647029115526
1.08655462184874,-0.0678526020912553
1.08655462184874,-0.622823245013404
1.08655462184874,-0.130728114689827
1.08655462184874,-0.22107085106941
1.08655462184874,-0.0943696536165319
1.08655462184874,-0.386502209092015
1.08655462184874,-0.0641963025981571
1.08655462184874,-0.675070820305244
1.08655462184874,-0.163251146982805
1.08655462184874,-0.149789414457356
1.08655462184874,-0.17962019415662
1.08655462184874,-0.131328024296595
1.08655462184874,-0.225296375454493
1.08655462184874,-0.0918275609667276
1.08655462184874,-0.4031339540037
1.08655462184874,-0.0653132495955013
1.08655462184874,-0.658250249689393
1.08655462184874,-0.151946030672075
1.08655462184874,-0.169929587249072
1.08655462184874,-0.144381429641156
1.08655462184874,-0.191407388807615
1.08655462184874,-0.118109386314471
1.08655462184874,-0.269433083983763
1.08655462184874,-0.0737934819345156
1.08655462184874,-0.557403905236278
1.08655462184874,-0.100195179996904
1.08655462184874,-0.344901842261399
1.08655462184874,-0.0636675230864796
1.08655462184874,-0.684636730037862
1.08655462184874,-0.170044158150191
1.08655462184874,-0.139490699550102
1.08655462184874,-0.203187101793745
1.08655462184874,-0.107263518703263
1.08655462184874,-0.315561717957792
1.08655462184874,-0.0655367683287604
1.08655462184874,-0.658479102621452
1.08655462184874,-0.152093598584713
1.08655462184874,-0.169639496210365
1.08655462184874,-0.14480598280352
1.08655462184874,-0.190436982436934
1.08655462184874,-0.119101480101406
1.08655462184874,-0.265704986351103
1.08655462184874,-0.0748444703717617
1.08655462184874,-0.546210961773834
1.08655462184874,-0.0960152965684067
1.08655462184874,-0.36916640679617
1.08655462184874,-0.0635696086197761
1.08655462184874,-0.685129995172975
1.08655462184874,-0.170401935859047
1.08655462184874,-0.138981463183034
1.08655462184874,-0.204472219466993
1.08655462184874,-0.106203654929903
1.08655462184874,-0.32066044684484
1.08655462184874,-0.0650553203656834
1.08655462184874,-0.66515447179696
1.08655462184874,-0.156487743522312
1.08655462184874,-0.16134635860096
1.08655462184874,-0.157891375528873
1.08655462184874,-0.163900729568114
1.08655462184874,-0.153633878545449
1.08655462184874,-0.171862201370461
1.08655462184874,-0.141585320054485
1.08655462184874,-0.197990832455538
1.08655462184874,-0.111787070436019
1.08655462184874,-0.295048882881975
1.08655462184874,-0.0682535827119146
1.08655462184874,-0.622447846550704
1.08655462184874,-0.130520368745247
1.08655462184874,-0.221679905131566
1.08655462184874,-0.0939937001879994
1.08655462184874,-0.388899267200562
1.08655462184874,-0.0643267739977489
1.08655462184874,-0.673053497253342
1.08655462184874,-0.161852453344885
1.08655462184874,-0.152067005876198
1.08655462184874,-0.17497700130663
1.08655462184874,-0.137303111100277
1.08655462184874,-0.208755895872816
1.08655462184874,-0.102829412195685
1.09159663865546,-0.0470737888159629
1.09159663865546,-0.98036806547529
1.09159663865546,-0.478338230823738
1.09159663865546,-0.0561305836892458
1.09159663865546,-0.745708454278237
1.09159663865546,-0.185671563876424
1.09159663865546,-0.0923406400621332
1.09159663865546,-0.349176867391851
1.09159663865546,-0.0483257426955745
1.09159663865546,-0.940593789437781
1.09159663865546,-0.415433219155027
1.09159663865546,-0.0487280843776929
1.09159663865546,-0.9245015366093
1.09159663865546,-0.391524602891113
1.09159663865546,-0.0473188350197411
1.09159663865546,-0.968292416960498
1.09159663865546,-0.45867000884572
1.09159663865546,-0.0531940979947354
1.09159663865546,-0.808561732160861
1.09159663865546,-0.24567298048791
1.09159663865546,-0.0591756701277575
1.09159663865546,-0.699894074162351
1.09159663865546,-0.149981449984878
1.09159663865546,-0.138919863360105
1.09159663865546,-0.167070576497274
1.09159663865546,-0.117294641456377
1.09159663865546,-0.229342376611584
1.09159663865546,-0.0677754615634569
1.09159663865546,-0.571147002423967
1.09159663865546,-0.0823964529665311
1.09159663865546,-0.411525015580061
1.09159663865546,-0.0502589762203947
1.09159663865546,-0.882749913223503
1.09159663865546,-0.333662297750161
1.09159663865546,-0.0469340624413412
1.09159663865546,-0.984588217059926
1.09159663865546,-0.485328586875852
1.09159663865546,-0.0573241289950417
1.09159663865546,-0.722487559098189
1.09159663865546,-0.166759457744707
1.09159663865546,-0.113099443252402
1.09159663865546,-0.24511003747169
1.09159663865546,-0.0619093783157219
1.09159663865546,-0.654250505769426
1.09159663865546,-0.120786330799929
1.09159663865546,-0.210447389868175
1.09159663865546,-0.0774335531673547
1.09159663865546,-0.464887408842502
1.09159663865546,-0.0561320676941097
1.09159663865546,-0.746361190553351
1.09159663865546,-0.18622795751995
1.09159663865546,-0.0918342748420677
1.09159663865546,-0.352414767048842
1.09159663865546,-0.0482940632683917
1.09159663865546,-0.941315172798511
1.09159663865546,-0.416525937976115
1.09159663865546,-0.0488098211103587
1.09159663865546,-0.922093990634473
1.09159663865546,-0.38802435847089
1.09159663865546,-0.0471725216880259
1.09159663865546,-0.973135658822034
1.09159663865546,-0.46649918935346
1.09159663865546,-0.0542904236521515
1.09159663865546,-0.78406324957742
1.09159663865546,-0.220729014711941
1.09159663865546,-0.0687429374360526
1.09159663865546,-0.559192725119779
1.09159663865546,-0.078284753124839
1.09159663865546,-0.447096945157524
1.09159663865546,-0.0537135575441088
1.09159663865546,-0.797632401267641
1.09159663865546,-0.234295978235323
1.09159663865546,-0.0629961369342453
1.09159663865546,-0.637803489482346
1.09159663865546,-0.111738168973298
1.09159663865546,-0.243053803024505
1.09159663865546,-0.0625880707058073
1.09159663865546,-0.643719402364525
1.09159663865546,-0.114905977094523
1.09159663865546,-0.230899333978062
1.09159663865546,-0.0671255209554378
1.09159663865546,-0.579541906837539
1.09159663865546,-0.0854821343599781
1.09159663865546,-0.387380553573227
1.09159663865546,-0.0488935655739411
1.09159663865546,-0.921623203734562
1.09159663865546,-0.387341941624044
1.09159663865546,-0.0471457689762111
1.09159663865546,-0.974029192896214
1.09159663865546,-0.467952313075745
1.09159663865546,-0.0545043123627593
1.09159663865546,-0.77943369000997
1.09159663865546,-0.216240597434602
1.09159663865546,-0.0709836036335556
1.09159663865546,-0.532428552195729
1.09159663865546,-0.0702254868809291
1.09159663865546,-0.530759788436514
1.09159663865546,-0.0697752804019718
1.09159663865546,-0.5360879454146
1.09159663865546,-0.071239436721914
1.09159663865546,-0.519042567746713
1.09663865546218,1.15862192043353
1.09663865546218,1.15841100223314
1.09663865546218,0.670775392665161
1.09663865546218,1.15862192043353
1.09663865546218,1.1584110022332
1.09663865546218,0.670775392665364
1.09663865546218,1.15862192043346
1.09663865546218,1.15841100223322
1.09663865546218,0.670775392665221
1.09663865546218,1.15862192043355
1.09663865546218,1.15841100223339
1.09663865546218,0.670775392665063
1.09663865546218,1.15862192043364
1.09663865546218,1.1584110022335
1.09663865546218,0.670775392665113
1.09663865546218,1.15862192043348
1.09663865546218,1.15841100223346
1.09663865546218,0.67077539266515
1.09663865546218,1.15862192043367
1.09663865546218,1.15841100223332
1.09663865546218,0.670775392665181
1.09663865546218,1.15862192043369
1.09663865546218,1.15841100223346
1.09663865546218,0.670775392665187
1.09663865546218,1.15862192043352
1.09663865546218,1.15841100223341
1.09663865546218,0.670775392664814
1.09663865546218,1.15862192043354
1.09663865546218,1.15841100223347
1.09663865546218,0.670775392665218
1.09663865546218,1.15862192043374
1.09663865546218,1.15841100223347
1.09663865546218,0.670775392665245
1.09663865546218,1.15862192043356
1.09663865546218,1.15841100223342
1.09663865546218,0.670775392664892
1.09663865546218,1.15862192043355
1.09663865546218,1.15841100223354
1.09663865546218,0.670775392664919
1.09663865546218,1.15862192043358
1.09663865546218,1.15841100223341
1.09663865546218,0.670775392665364
1.09663865546218,1.1586219204336
1.09663865546218,1.15841100223338
1.09663865546218,0.670775392664965
1.09663865546218,1.15862192043362
1.09663865546218,1.15841100223351
1.09663865546218,0.67077539266502
1.09663865546218,1.15862192043364
1.09663865546218,1.15841100223348
1.09663865546218,0.670775392665047
1.09663865546218,1.15862192043364
1.09663865546218,1.15841100223334
1.09663865546218,0.670775392665086
1.09663865546218,1.15862192043367
1.09663865546218,1.15841100223346
1.09663865546218,0.670775392665113
1.09663865546218,1.15862192043348
1.09663865546218,1.15841100223347
1.09663865546218,0.670775392665136
1.09663865546218,1.15862192043349
1.09663865546218,1.15841100223351
1.09663865546218,0.670775392665126
1.09663865546218,1.1586219204337
1.09663865546218,1.15841100223353
1.09663865546218,0.670775392665046
1.09663865546218,1.1586219204335
1.09663865546218,1.15841100223348
1.09663865546218,0.670775392665139
1.09663865546218,1.15862192043345
1.09663865546218,1.15841100223348
1.09663865546218,0.670775392664709
1.09663865546218,1.1586219204335
1.09663865546218,1.15841100223353
1.09663865546218,0.67077539266517
1.09663865546218,1.1586219204335
1.09663865546218,1.15841100223354
1.09663865546218,0.670775392665209
1.09663865546218,1.15862192043351
1.09663865546218,1.15841100223362
1.09663865546218,0.670775392665224
1.09663865546218,1.15862192043356
1.09663865546218,1.15841100223355
1.09663865546218,0.670775392664921
1.09663865546218,1.15862192043355
1.09663865546218,1.15841100223329
1.09663865546218,0.670775392664975
1.09663865546218,1.15862192043336
1.09663865546218,1.15841100223345
1.09663865546218,0.670775392664904
1.09663865546218,1.1586219204334
1.09663865546218,1.15841100223344
1.09663865546218,0.67077539266497
1.09663865546218,1.1586219204334
1.09663865546218,1.15841100223346
1.09663865546218,0.670775392664963
1.09663865546218,1.15862192043364
1.09663865546218,1.15841100223348
1.09663865546218,0.670775392665423
1.09663865546218,1.15862192043366
1.09663865546218,1.15841100223347
1.10168067226891,-2.11315553146313
1.10168067226891,-2.91885925644444
1.10168067226891,-1.50165211712648
1.10168067226891,-1.48135390473554
1.10168067226891,-1.57764944352515
1.10168067226891,-1.85207083479458
1.10168067226891,-2.53705079242896
1.10168067226891,-2.73520868230424
1.10168067226891,-2.23533560285836
1.10168067226891,-2.9647368976574
1.10168067226891,-1.29428915738804
1.10168067226891,-0.864383933174583
1.10168067226891,-0.227812615884101
1.10168067226891,-0.0384235092858529
1.10168067226891,-1.23910672728112
1.10168067226891,-0.925854760474488
1.10168067226891,-0.304942145060551
1.10168067226891,-0.034053949169472
1.10168067226891,-1.84297975979846
1.10168067226891,-2.52440701833357
1.10168067226891,-2.75772114178057
1.10168067226891,-2.15864947558097
1.10168067226891,-2.92941395134444
1.10168067226891,-1.45475458586068
1.10168067226891,-1.33661781916319
1.10168067226891,-1.17094413010723
1.10168067226891,-0.754642422819582
1.10168067226891,-0.126974755030163
1.10168067226891,-0.120178424487412
1.10168067226891,-0.143352144510372
1.10168067226891,-0.0953754475554049
1.10168067226891,-0.236497913132315
1.10168067226891,-0.0383111521560853
1.10168067226891,-1.24599463393531
1.10168067226891,-0.943072722936234
1.10168067226891,-0.329048117533144
1.10168067226891,-0.0339521447015536
1.10168067226891,-1.91448878617345
1.10168067226891,-2.66255207374961
1.10168067226891,-2.44702506283009
1.10168067226891,-2.87256709525283
1.10168067226891,-1.71119695288445
1.10168067226891,-2.1086038459102
1.10168067226891,-2.91496019763706
1.10168067226891,-1.51900283147158
1.10168067226891,-1.53504760918151
1.10168067226891,-1.73108032176293
1.10168067226891,-2.26141963504052
1.10168067226891,-2.9795371539705
1.10168067226891,-1.2260499860389
1.10168067226891,-0.684029322099249
1.10168067226891,-0.0838620184010548
1.10168067226891,-0.294005239162374
1.10168067226891,-0.0344650674429343
1.10168067226891,-1.69194362778114
1.10168067226891,-2.1697504199406
1.10168067226891,-2.95646949966354
1.10168067226891,-1.33144761562894
1.10168067226891,-0.968725633548786
1.10168067226891,-0.366577352849862
1.10168067226891,-0.0338899101529275
1.10168067226891,-1.92712925258113
1.10168067226891,-2.68468067982441
1.10168067226891,-2.38378689175626
1.10168067226891,-2.93079322575744
1.10168067226891,-1.4537418051634
1.10168067226891,-1.33353715667618
1.10168067226891,-1.16258793446129
1.10168067226891,-0.735721524358799
1.10168067226891,-0.113884165808336
1.10168067226891,-0.154245803555236
1.10168067226891,-0.0805363214958934
1.10168067226891,-0.330442345258916
1.10168067226891,-0.0340574198495869
1.10168067226891,-1.81602691330128
1.10168067226891,-2.46694158363253
1.10168067226891,-2.84561469123682
1.10168067226891,-1.82415869574116
1.10168067226891,-2.40170861473971
1.10168067226891,-2.91765989861681
1.10168067226891,-1.51352660746347
1.10168067226891,-1.51814069291569
1.10168067226891,-1.68286522332408
1.10168067226891,-2.13848250952623
1.10168067226891,-2.93782898258118
1.10168067226891,-1.41639545068262
1.10168067226891,-1.21951790319826
1.10168067226891,-0.868481962483779
1.10168067226891,-0.232925315769235
1.10168067226891,-0.0376608700976697
1.10168067226891,-1.29572239939472
1.10168067226891,-1.07101794967281
1.10168067226891,-0.544242109972815
1.10168067226891,-0.0416979299774174
1.10168067226891,-1.02102910978863
1.10168067226891,-0.459717059356348
1.10168067226891,-0.0347701739144006
1.10168067226891,-1.57174366575879
1.10168067226891,-1.84397393921572
1.10168067226891,-2.52030942784124
1.10168067226891,-2.764773401033
1.10672268907563,0.598284362587638
1.10672268907563,1.14046246630446
1.10672268907563,1.05003713753756
1.10672268907563,0.598284362587666
1.10672268907563,1.14046246630439
1.10672268907563,1.05003713753749
1.10672268907563,0.598284362587496
1.10672268907563,1.1404624663044
1.10672268907563,1.05003713753758
1.10672268907563,0.59828436258762
1.10672268907563,1.14046246630457
1.10672268907563,1.0500371375378
1.10672268907563,0.598284362587584
1.10672268907563,1.1404624663044
1.10672268907563,1.05003713753774
1.10672268907563,0.59828436258719
1.10672268907563,1.14046246630439
1.10672268907563,1.05003713753777
1.10672268907563,0.598284362587627
1.10672268907563,1.14046246630462
1.10672268907563,1.05003713753782
1.10672268907563,0.598284362587719
1.10672268907563,1.14046246630441
1.10672268907563,1.05003713753776
1.10672268907563,0.598284362587307
1.10672268907563,1.14046246630444
1.10672268907563,1.05003713753787
1.10672268907563,0.598284362587311
1.10672268907563,1.14046246630445
1.10672268907563,1.05003713753775
1.10672268907563,0.598284362587822
1.10672268907563,1.14046246630445
1.10672268907563,1.0500371375377
1.10672268907563,0.598284362587382
1.10672268907563,1.14046246630446
1.10672268907563,1.05003713753788
1.10672268907563,0.598284362587432
1.10672268907563,1.14046246630432
1.10672268907563,1.05003713753784
1.10672268907563,0.598284362587467
1.10672268907563,1.14046246630453
1.10672268907563,1.0500371375377
1.10672268907563,0.598284362587432
1.10672268907563,1.14046246630453
1.10672268907563,1.05003713753784
1.10672268907563,0.598284362587538
1.10672268907563,1.14046246630435
1.10672268907563,1.05003713753783
1.10672268907563,0.598284362587581
1.10672268907563,1.14046246630435
1.10672268907563,1.05003713753787
1.10672268907563,0.598284362587574
1.10672268907563,1.14046246630458
1.10672268907563,1.05003713753782
1.10672268907563,0.598284362587606
1.10672268907563,1.14046246630439
1.10672268907563,1.05003713753782
1.10672268907563,0.598284362587222
1.10672268907563,1.14046246630439
1.10672268907563,1.05003713753784
1.10672268907563,0.598284362587215
1.10672268907563,1.14046246630441
1.10672268907563,1.05003713753777
1.10672268907563,0.598284362587734
1.10672268907563,1.14046246630428
1.10672268907563,1.05003713753784
1.10672268907563,0.598284362587229
1.10672268907563,1.1404624663044
1.10672268907563,1.05003713753782
1.10672268907563,0.598284362587233
1.10672268907563,1.1404624663044
1.10672268907563,1.05003713753795
1.10672268907563,0.598284362587346
1.10672268907563,1.14046246630439
1.10672268907563,1.05003713753768
1.10672268907563,0.598284362587375
1.10672268907563,1.14046246630422
1.10672268907563,1.05003713753779
1.10672268907563,0.598284362587265
1.10672268907563,1.14046246630428
1.10672268907563,1.05003713753778
1.10672268907563,0.598284362587403
1.10672268907563,1.14046246630429
1.10672268907563,1.05003713753779
1.10672268907563,0.598284362587382
1.10672268907563,1.1404624663045
1.10672268907563,1.05003713753781
1.10672268907563,0.598284362586991
1.10672268907563,1.14046246630453
1.10672268907563,1.05003713753787
1.10672268907563,0.598284362586991
1.10672268907563,1.14046246630449
1.10672268907563,1.05003713753792
1.10672268907563,0.598284362587084
1.10672268907563,1.1404624663043
1.10672268907563,1.0500371375379
1.10672268907563,0.598284362587467
1.10672268907563,1.14046246630432
1.10672268907563,1.05003713753779
1.10672268907563,0.59828436258757
1.10672268907563,1.14046246630438
1.11176470588235,0.548603607457956
1.11176470588235,1.13667783526836
1.11176470588235,1.01166584574495
1.11176470588235,0.548603607458013
1.11176470588235,1.13667783526828
1.11176470588235,1.01166584574492
1.11176470588235,0.548603607457833
1.11176470588235,1.1366778352683
1.11176470588235,1.01166584574497
1.11176470588235,0.548603607458022
1.11176470588235,1.13667783526845
1.11176470588235,1.0116658457452
1.11176470588235,0.548603607458001
1.11176470588235,1.13667783526827
1.11176470588235,1.01166584574514
1.11176470588235,0.548603607457566
1.11176470588235,1.13667783526829
1.11176470588235,1.01166584574519
1.11176470588235,0.548603607458025
1.11176470588235,1.13667783526851
1.11176470588235,1.01166584574521
1.11176470588235,0.548603607458095
1.11176470588235,1.13667783526831
1.11176470588235,1.01166584574516
1.11176470588235,0.548603607457688
1.11176470588235,1.13667783526832
1.11176470588235,1.01166584574528
1.11176470588235,0.548603607457734
1.11176470588235,1.13667783526833
1.11176470588235,1.01166584574515
1.11176470588235,0.548603607458198
1.11176470588235,1.13667783526835
1.11176470588235,1.01166584574511
1.11176470588235,0.548603607457799
1.11176470588235,1.13667783526837
1.11176470588235,1.01166584574525
1.11176470588235,0.548603607457843
1.11176470588235,1.13667783526819
1.11176470588235,1.01166584574525
1.11176470588235,0.548603607457872
1.11176470588235,1.1366778352684
1.11176470588235,1.0116658457451
1.11176470588235,0.548603607457892
1.11176470588235,1.13667783526842
1.11176470588235,1.01166584574523
1.11176470588235,0.548603607457938
1.11176470588235,1.13667783526823
1.11176470588235,1.0116658457452
1.11176470588235,0.548603607457987
1.11176470588235,1.13667783526824
1.11176470588235,1.01166584574524
1.11176470588235,0.54860360745794
1.11176470588235,1.13667783526846
1.11176470588235,1.01166584574524
1.11176470588235,0.548603607458036
1.11176470588235,1.13667783526826
1.11176470588235,1.01166584574523
1.11176470588235,0.548603607457658
1.11176470588235,1.13667783526827
1.11176470588235,1.01166584574522
1.11176470588235,0.548603607457652
1.11176470588235,1.13667783526829
1.11176470588235,1.01166584574517
1.11176470588235,0.548603607458137
1.11176470588235,1.13667783526819
1.11176470588235,1.01166584574525
1.11176470588235,0.548603607457634
1.11176470588235,1.13667783526827
1.11176470588235,1.01166584574525
1.11176470588235,0.548603607457617
1.11176470588235,1.13667783526828
1.11176470588235,1.01166584574533
1.11176470588235,0.548603607457721
1.11176470588235,1.1366778352683
1.11176470588235,1.0116658457451
1.11176470588235,0.548603607457739
1.11176470588235,1.13667783526811
1.11176470588235,1.01166584574516
1.11176470588235,0.548603607457676
1.11176470588235,1.13667783526815
1.11176470588235,1.01166584574514
1.11176470588235,0.548603607457787
1.11176470588235,1.13667783526817
1.11176470588235,1.01166584574517
1.11176470588235,0.54860360745775
1.11176470588235,1.1366778352684
1.11176470588235,1.01166584574522
1.11176470588235,0.54860360745737
1.11176470588235,1.1366778352684
1.11176470588235,1.01166584574522
1.11176470588235,0.548603607457399
1.11176470588235,1.13667783526839
1.11176470588235,1.01166584574525
1.11176470588235,0.548603607457458
1.11176470588235,1.1366778352682
1.11176470588235,1.01166584574527
1.11176470588235,0.548603607457867
1.11176470588235,1.13667783526821
1.11176470588235,1.01166584574512
1.11176470588235,0.548603607457963
1.11176470588235,1.13667783526825
1.11680672268908,0.984163118152367
1.11680672268908,0.492771579426396
1.11680672268908,1.1358427271761
1.11680672268908,0.984163118152326
1.11680672268908,0.492771579426189
1.11680672268908,1.13584272717621
1.11680672268908,0.98416311815238
1.11680672268908,0.49277157942622
1.11680672268908,1.13584272717612
1.11680672268908,0.98416311815247
1.11680672268908,0.492771579426346
1.11680672268908,1.13584272717619
1.11680672268908,0.984163118152549
1.11680672268908,0.492771579425948
1.11680672268908,1.1358427271762
1.11680672268908,0.984163118152683
1.11680672268908,0.492771579425983
1.11680672268908,1.13584272717621
1.11680672268908,0.984163118152562
1.11680672268908,0.492771579426475
1.11680672268908,1.13584272717622
1.11680672268908,0.984163118152558
1.11680672268908,0.492771579426043
1.11680672268908,1.13584272717624
1.11680672268908,0.984163118152673
1.11680672268908,0.492771579426109
1.11680672268908,1.13584272717605
1.11680672268908,0.984163118152624
1.11680672268908,0.492771579426136
1.11680672268908,1.13584272717627
1.11680672268908,0.98416311815251
1.11680672268908,0.492771579426132
1.11680672268908,1.13584272717629
1.11680672268908,0.984163118152599
1.11680672268908,0.492771579426201
1.11680672268908,1.1358427271761
1.11680672268908,0.984163118152584
1.11680672268908,0.492771579425794
1.11680672268908,1.13584272717612
1.11680672268908,0.98416311815262
1.11680672268908,0.492771579426216
1.11680672268908,1.13584272717633
1.11680672268908,0.984163118152611
1.11680672268908,0.492771579426293
1.11680672268908,1.13584272717614
1.11680672268908,0.984163118152592
1.11680672268908,0.492771579425893
1.11680672268908,1.13584272717615
1.11680672268908,0.984163118152622
1.11680672268908,0.492771579425894
1.11680672268908,1.13584272717616
1.11680672268908,0.984163118152567
1.11680672268908,0.492771579426381
1.11680672268908,1.13584272717618
1.11680672268908,0.984163118152534
1.11680672268908,0.492771579425961
1.11680672268908,1.13584272717621
1.11680672268908,0.984163118152664
1.11680672268908,0.492771579425977
1.11680672268908,1.13584272717623
1.11680672268908,0.984163118152645
1.11680672268908,0.492771579426011
1.11680672268908,1.13584272717624
1.11680672268908,0.98416311815252
1.11680672268908,0.4927715794259
1.11680672268908,1.1358427271762
1.11680672268908,0.984163118152645
1.11680672268908,0.492771579425962
1.11680672268908,1.13584272717623
1.11680672268908,0.984163118152622
1.11680672268908,0.492771579425986
1.11680672268908,1.13584272717605
1.11680672268908,0.984163118152605
1.11680672268908,0.492771579425995
1.11680672268908,1.13584272717626
1.11680672268908,0.984163118152635
1.11680672268908,0.492771579425605
1.11680672268908,1.13584272717628
1.11680672268908,0.984163118152565
1.11680672268908,0.492771579425652
1.11680672268908,1.13584272717627
1.11680672268908,0.98416311815267
1.11680672268908,0.492771579425767
1.11680672268908,1.13584272717605
1.11680672268908,0.98416311815265
1.11680672268908,0.492771579426154
1.11680672268908,1.13584272717608
1.11680672268908,0.984163118152673
1.11680672268908,0.492771579426208
1.11680672268908,1.1358427271761
1.11680672268908,0.984163118152723
1.11680672268908,0.492771579426238
1.11680672268908,1.13584272717614
1.11680672268908,0.98416311815271
1.11680672268908,0.49277157942591
1.11680672268908,1.13584272717612
1.11680672268908,0.984163118152477
1.11680672268908,0.492771579425934
1.11680672268908,1.13584272717634
1.11680672268908,0.984163118152609
1.11680672268908,0.492771579425936
1.1218487394958,0.967115094710493
1.1218487394958,0.432143565095743
1.1218487394958,1.13753790077486
1.1218487394958,0.967115094710419
1.1218487394958,0.432143565095544
1.1218487394958,1.13753790077497
1.1218487394958,0.967115094710415
1.1218487394958,0.432143565095625
1.1218487394958,1.13753790077489
1.1218487394958,0.967115094710554
1.1218487394958,0.432143565095785
1.1218487394958,1.13753790077494
1.1218487394958,0.967115094710604
1.1218487394958,0.432143565095338
1.1218487394958,1.13753790077498
1.1218487394958,0.967115094710763
1.1218487394958,0.432143565095352
1.1218487394958,1.13753790077497
1.1218487394958,0.967115094710604
1.1218487394958,0.432143565095831
1.1218487394958,1.13753790077497
1.1218487394958,0.967115094710575
1.1218487394958,0.432143565095409
1.1218487394958,1.13753790077501
1.1218487394958,0.967115094710636
1.1218487394958,0.432143565095483
1.1218487394958,1.13753790077482
1.1218487394958,0.967115094710611
1.1218487394958,0.432143565095505
1.1218487394958,1.13753790077504
1.1218487394958,0.96711509471049
1.1218487394958,0.432143565095505
1.1218487394958,1.13753790077507
1.1218487394958,0.967115094710536
1.1218487394958,0.432143565095547
1.1218487394958,1.13753790077487
1.1218487394958,0.967115094710589
1.1218487394958,0.432143565095167
1.1218487394958,1.13753790077487
1.1218487394958,0.967115094710636
1.1218487394958,0.432143565095572
1.1218487394958,1.1375379007751
1.1218487394958,0.967115094710639
1.1218487394958,0.432143565095696
1.1218487394958,1.13753790077489
1.1218487394958,0.967115094710554
1.1218487394958,0.432143565095387
1.1218487394958,1.13753790077489
1.1218487394958,0.967115094710685
1.1218487394958,0.43214356509527
1.1218487394958,1.13753790077491
1.1218487394958,0.967115094710596
1.1218487394958,0.432143565095778
1.1218487394958,1.13753790077494
1.1218487394958,0.96711509471055
1.1218487394958,0.432143565095366
1.1218487394958,1.13753790077497
1.1218487394958,0.967115094710731
1.1218487394958,0.43214356509533
1.1218487394958,1.13753790077499
1.1218487394958,0.967115094710689
1.1218487394958,0.432143565095412
1.1218487394958,1.13753790077498
1.1218487394958,0.9671150947106
1.1218487394958,0.432143565095291
1.1218487394958,1.13753790077496
1.1218487394958,0.967115094710721
1.1218487394958,0.432143565095355
1.1218487394958,1.13753790077498
1.1218487394958,0.967115094710621
1.1218487394958,0.432143565095338
1.1218487394958,1.13753790077482
1.1218487394958,0.967115094710582
1.1218487394958,0.432143565095345
1.1218487394958,1.13753790077504
1.1218487394958,0.96711509471065
1.1218487394958,0.432143565095036
1.1218487394958,1.13753790077503
1.1218487394958,0.967115094710454
1.1218487394958,0.432143565095018
1.1218487394958,1.13753790077506
1.1218487394958,0.96711509471066
1.1218487394958,0.432143565095149
1.1218487394958,1.13753790077482
1.1218487394958,0.967115094710611
1.1218487394958,0.432143565095533
1.1218487394958,1.13753790077484
1.1218487394958,0.967115094710667
1.1218487394958,0.432143565095579
1.1218487394958,1.13753790077487
1.1218487394958,0.967115094710824
1.1218487394958,0.432143565095675
1.1218487394958,1.13753790077488
1.1218487394958,0.967115094710806
1.1218487394958,0.432143565095323
1.1218487394958,1.13753790077487
1.1218487394958,0.967115094710483
1.1218487394958,0.43214356509532
1.1218487394958,1.13753790077511
1.1218487394958,0.967115094710636
1.1218487394958,0.432143565095345
1.12689075630252,1.14148943894619
1.12689075630252,0.960132494355907
1.12689075630252,0.367425833818341
1.12689075630252,1.1414894389462
1.12689075630252,0.960132494356017
1.12689075630252,0.367425833818654
1.12689075630252,1.1414894389461
1.12689075630252,0.960132494356028
1.12689075630252,0.367425833818487
1.12689075630252,1.14148943894621
1.12689075630252,0.960132494356273
1.12689075630252,0.367425833818405
1.12689075630252,1.14148943894627
1.12689075630252,0.960132494356337
1.12689075630252,0.367425833818469
1.12689075630252,1.14148943894608
1.12689075630252,0.960132494356369
1.12689075630252,0.36742583381853
1.12689075630252,1.14148943894632
1.12689075630252,0.960132494356159
1.12689075630252,0.367425833818501
1.12689075630252,1.14148943894632
1.12689075630252,0.960132494356298
1.12689075630252,0.367425833818533
1.12689075630252,1.14148943894615
1.12689075630252,0.960132494356269
1.12689075630252,0.367425833818135
1.12689075630252,1.14148943894616
1.12689075630252,0.960132494356319
1.12689075630252,0.367425833818555
1.12689075630252,1.14148943894637
1.12689075630252,0.960132494356255
1.12689075630252,0.367425833818569
1.12689075630252,1.14148943894618
1.12689075630252,0.960132494356287
1.12689075630252,0.367425833818185
1.12689075630252,1.14148943894619
1.12689075630252,0.960132494356351
1.12689075630252,0.367425833818235
1.12689075630252,1.14148943894621
1.12689075630252,0.960132494356245
1.12689075630252,0.367425833818718
1.12689075630252,1.14148943894626
1.12689075630252,0.960132494356209
1.12689075630252,0.367425833818256
1.12689075630252,1.14148943894628
1.12689075630252,0.960132494356394
1.12689075630252,0.367425833818327
1.12689075630252,1.14148943894628
1.12689075630252,0.960132494356323
1.12689075630252,0.367425833818373
1.12689075630252,1.14148943894628
1.12689075630252,0.960132494356252
1.12689075630252,0.367425833818373
1.12689075630252,1.1414894389463
1.12689075630252,0.960132494356291
1.12689075630252,0.367425833818412
1.12689075630252,1.14148943894611
1.12689075630252,0.960132494356294
1.12689075630252,0.36742583381848
1.12689075630252,1.14148943894611
1.12689075630252,0.960132494356341
1.12689075630252,0.367425833818523
1.12689075630252,1.14148943894635
1.12689075630252,0.96013249435638
1.12689075630252,0.367425833818341
1.12689075630252,1.14148943894612
1.12689075630252,0.960132494356252
1.12689075630252,0.367425833818434
1.12689075630252,1.14148943894609
1.12689075630252,0.960132494356305
1.12689075630252,0.367425833817954
1.12689075630252,1.14148943894614
1.12689075630252,0.96013249435633
1.12689075630252,0.367425833818526
1.12689075630252,1.14148943894613
1.12689075630252,0.960132494356415
1.12689075630252,0.367425833818555
1.12689075630252,1.14148943894613
1.12689075630252,0.960132494356493
1.12689075630252,0.367425833818576
1.12689075630252,1.14148943894619
1.12689075630252,0.960132494356383
1.12689075630252,0.367425833818274
1.12689075630252,1.14148943894617
1.12689075630252,0.960132494356145
1.12689075630252,0.367425833818157
1.12689075630252,1.14148943894597
1.12689075630252,0.960132494356301
1.12689075630252,0.367425833818203
1.12689075630252,1.14148943894603
1.12689075630252,0.960132494356305
1.12689075630252,0.367425833818295
1.12689075630252,1.14148943894604
1.12689075630252,0.960132494356305
1.12689075630252,0.367425833818292
1.12689075630252,1.14148943894628
1.12689075630252,0.960132494356316
1.12689075630252,0.367425833818771
1.12689075630252,1.1414894389463
1.12689075630252,0.960132494356237
1.13193277310924,0.963273096950418
1.13193277310924,0.298639794499798
1.13193277310924,1.1476392784554
1.13193277310924,0.963273096950353
1.13193277310924,0.298639794499562
1.13193277310924,1.14763927845552
1.13193277310924,0.963273096950374
1.13193277310924,0.298639794499616
1.13193277310924,1.14763927845542
1.13193277310924,0.963273096950452
1.13193277310924,0.298639794499667
1.13193277310924,1.14763927845551
1.13193277310924,0.963273096950527
1.13193277310924,0.298639794499292
1.13193277310924,1.14763927845551
1.13193277310924,0.963273096950656
1.13193277310924,0.298639794499328
1.13193277310924,1.14763927845553
1.13193277310924,0.963273096950582
1.13193277310924,0.298639794499833
1.13193277310924,1.14763927845555
1.13193277310924,0.963273096950539
1.13193277310924,0.298639794499384
1.13193277310924,1.14763927845556
1.13193277310924,0.963273096950671
1.13193277310924,0.298639794499443
1.13193277310924,1.14763927845537
1.13193277310924,0.963273096950666
1.13193277310924,0.298639794499487
1.13193277310924,1.14763927845558
1.13193277310924,0.963273096950531
1.13193277310924,0.298639794499487
1.13193277310924,1.14763927845561
1.13193277310924,0.963273096950584
1.13193277310924,0.298639794499563
1.13193277310924,1.14763927845542
1.13193277310924,0.9632730969506
1.13193277310924,0.298639794499134
1.13193277310924,1.14763927845543
1.13193277310924,0.963273096950677
1.13193277310924,0.298639794499562
1.13193277310924,1.14763927845566
1.13193277310924,0.963273096950597
1.13193277310924,0.298639794499621
1.13193277310924,1.14763927845546
1.13193277310924,0.963273096950575
1.13193277310924,0.298639794499231
1.13193277310924,1.14763927845546
1.13193277310924,0.963273096950616
1.13193277310924,0.298639794499245
1.13193277310924,1.14763927845548
1.13193277310924,0.963273096950568
1.13193277310924,0.298639794499703
1.13193277310924,1.14763927845551
1.13193277310924,0.96327309695056
1.13193277310924,0.298639794499281
1.13193277310924,1.14763927845553
1.13193277310924,0.963273096950679
1.13193277310924,0.298639794499321
1.13193277310924,1.14763927845554
1.13193277310924,0.963273096950627
1.13193277310924,0.298639794499342
1.13193277310924,1.14763927845556
1.13193277310924,0.963273096950521
1.13193277310924,0.29863979449926
1.13193277310924,1.14763927845551
1.13193277310924,0.96327309695064
1.13193277310924,0.29863979449927
1.13193277310924,1.14763927845556
1.13193277310924,0.963273096950616
1.13193277310924,0.298639794499304
1.13193277310924,1.14763927845538
1.13193277310924,0.963273096950629
1.13193277310924,0.298639794499333
1.13193277310924,1.14763927845559
1.13193277310924,0.963273096950632
1.13193277310924,0.298639794498922
1.13193277310924,1.14763927845559
1.13193277310924,0.963273096950515
1.13193277310924,0.298639794498975
1.13193277310924,1.1476392784556
1.13193277310924,0.963273096950616
1.13193277310924,0.298639794499088
1.13193277310924,1.14763927845537
1.13193277310924,0.96327309695063
1.13193277310924,0.298639794499507
1.13193277310924,1.1476392784554
1.13193277310924,0.9632730969507
1.13193277310924,0.298639794499543
1.13193277310924,1.14763927845542
1.13193277310924,0.963273096950749
1.13193277310924,0.298639794499604
1.13193277310924,1.14763927845544
1.13193277310924,0.96327309695074
1.13193277310924,0.298639794499273
1.13193277310924,1.14763927845543
1.13193277310924,0.963273096950462
1.13193277310924,0.298639794499262
1.13193277310924,1.14763927845566
1.13193277310924,0.963273096950608
1.13193277310924,0.298639794499327
1.13697478991597,1.15627188682951
1.13697478991597,0.977646509825005
1.13697478991597,0.224847425994081
1.13697478991597,1.15627188682953
1.13697478991597,0.977646509824924
1.13697478991597,0.224847425994341
1.13697478991597,1.15627188682944
1.13697478991597,0.977646509824984
1.13697478991597,0.224847425994215
1.13697478991597,1.15627188682954
1.13697478991597,0.977646509825281
1.13697478991597,0.224847425994042
1.13697478991597,1.15627188682962
1.13697478991597,0.977646509825302
1.13697478991597,0.224847425994152
1.13697478991597,1.15627188682942
1.13697478991597,0.977646509825286
1.13697478991597,0.224847425994188
1.13697478991597,1.15627188682964
1.13697478991597,0.977646509825208
1.13697478991597,0.224847425994191
1.13697478991597,1.15627188682966
1.13697478991597,0.97764650982521
1.13697478991597,0.224847425994183
1.13697478991597,1.15627188682948
1.13697478991597,0.977646509825265
1.13697478991597,0.224847425993762
1.13697478991597,1.1562718868295
1.13697478991597,0.9776465098253
1.13697478991597,0.224847425994223
1.13697478991597,1.15627188682973
1.13697478991597,0.97764650982524
1.13697478991597,0.224847425994273
1.13697478991597,1.15627188682952
1.13697478991597,0.977646509825211
1.13697478991597,0.22484742599384
1.13697478991597,1.15627188682954
1.13697478991597,0.977646509825306
1.13697478991597,0.224847425993904
1.13697478991597,1.15627188682954
1.13697478991597,0.977646509825172
1.13697478991597,0.224847425994353
1.13697478991597,1.15627188682958
1.13697478991597,0.977646509825174
1.13697478991597,0.224847425993907
1.13697478991597,1.15627188682961
1.13697478991597,0.977646509825309
1.13697478991597,0.224847425994017
1.13697478991597,1.1562718868296
1.13697478991597,0.977646509825284
1.13697478991597,0.224847425994051
1.13697478991597,1.15627188682962
1.13697478991597,0.977646509825131
1.13697478991597,0.224847425994056
1.13697478991597,1.15627188682963
1.13697478991597,0.977646509825231
1.13697478991597,0.224847425994145
1.13697478991597,1.15627188682943
1.13697478991597,0.977646509825302
1.13697478991597,0.224847425994131
1.13697478991597,1.15627188682945
1.13697478991597,0.977646509825348
1.13697478991597,0.224847425994174
1.13697478991597,1.15627188682968
1.13697478991597,0.977646509825421
1.13697478991597,0.224847425994096
1.13697478991597,1.15627188682942
1.13697478991597,0.977646509825162
1.13697478991597,0.224847425994174
1.13697478991597,1.15627188682942
1.13697478991597,0.977646509825266
1.13697478991597,0.224847425993671
1.13697478991597,1.15627188682946
1.13697478991597,0.977646509825341
1.13697478991597,0.224847425994204
1.13697478991597,1.15627188682946
1.13697478991597,0.9776465098253
1.13697478991597,0.224847425994215
1.13697478991597,1.15627188682948
1.13697478991597,0.97764650982541
1.13697478991597,0.224847425994266
1.13697478991597,1.15627188682951
1.13697478991597,0.977646509825343
1.13697478991597,0.224847425993955
1.13697478991597,1.15627188682948
1.13697478991597,0.977646509825151
1.13697478991597,0.224847425993891
1.13697478991597,1.15627188682931
1.13697478991597,0.977646509825259
1.13697478991597,0.2248474259939
1.13697478991597,1.15627188682935
1.13697478991597,0.977646509825297
1.13697478991597,0.224847425993916
1.13697478991597,1.15627188682937
1.13697478991597,0.977646509825284
1.13697478991597,0.224847425993955
1.13697478991597,1.15627188682961
1.13697478991597,0.977646509825274
1.13697478991597,0.224847425994472
1.13697478991597,1.15627188682959
1.13697478991597,0.977646509825261
1.14201680672269,1.16847730228073
1.14201680672269,1.00720554439135
1.14201680672269,0.142879397461639
1.14201680672269,1.16847730228075
1.14201680672269,1.00720554439128
1.14201680672269,0.142879397461898
1.14201680672269,1.16847730228066
1.14201680672269,1.00720554439134
1.14201680672269,0.14287939746178
1.14201680672269,1.16847730228076
1.14201680672269,1.00720554439167
1.14201680672269,0.142879397461547
1.14201680672269,1.16847730228087
1.14201680672269,1.00720554439169
1.14201680672269,0.142879397461635
1.14201680672269,1.16847730228068
1.14201680672269,1.00720554439173
1.14201680672269,0.142879397461702
1.14201680672269,1.16847730228088
1.14201680672269,1.00720554439166
1.14201680672269,0.142879397461706
1.14201680672269,1.16847730228091
1.14201680672269,1.00720554439163
1.14201680672269,0.142879397461706
1.14201680672269,1.16847730228073
1.14201680672269,1.0072055443917
1.14201680672269,0.142879397461253
1.14201680672269,1.16847730228075
1.14201680672269,1.0072055443917
1.14201680672269,0.142879397461785
1.14201680672269,1.16847730228095
1.14201680672269,1.00720554439162
1.14201680672269,0.142879397461773
1.14201680672269,1.16847730228078
1.14201680672269,1.00720554439162
1.14201680672269,0.142879397461368
1.14201680672269,1.16847730228077
1.14201680672269,1.0072055443917
1.14201680672269,0.142879397461433
1.14201680672269,1.16847730228078
1.14201680672269,1.00720554439158
1.14201680672269,0.14287939746189
1.14201680672269,1.16847730228082
1.14201680672269,1.00720554439163
1.14201680672269,0.1428793974614
1.14201680672269,1.16847730228085
1.14201680672269,1.0072055443917
1.14201680672269,0.142879397461545
1.14201680672269,1.16847730228084
1.14201680672269,1.0072055443917
1.14201680672269,0.14287939746157
1.14201680672269,1.16847730228086
1.14201680672269,1.00720554439157
1.14201680672269,0.142879397461599
1.14201680672269,1.16847730228087
1.14201680672269,1.00720554439164
1.14201680672269,0.142879397461628
1.14201680672269,1.16847730228068
1.14201680672269,1.00720554439169
1.14201680672269,0.14287939746165
1.14201680672269,1.16847730228071
1.14201680672269,1.0072055443918
1.14201680672269,0.142879397461666
1.14201680672269,1.16847730228093
1.14201680672269,1.00720554439182
1.14201680672269,0.142879397461606
1.14201680672269,1.16847730228067
1.14201680672269,1.00720554439162
1.14201680672269,0.142879397461648
1.14201680672269,1.16847730228067
1.14201680672269,1.00720554439168
1.14201680672269,0.142879397461165
1.14201680672269,1.1684773022807
1.14201680672269,1.00720554439174
1.14201680672269,0.142879397461666
1.14201680672269,1.16847730228072
1.14201680672269,1.0072055443917
1.14201680672269,0.142879397461696
1.14201680672269,1.16847730228073
1.14201680672269,1.00720554439179
1.14201680672269,0.142879397461826
1.14201680672269,1.16847730228073
1.14201680672269,1.00720554439181
1.14201680672269,0.14287939746148
1.14201680672269,1.16847730228071
1.14201680672269,1.00720554439154
1.14201680672269,0.142879397461422
1.14201680672269,1.16847730228055
1.14201680672269,1.00720554439161
1.14201680672269,0.142879397461381
1.14201680672269,1.1684773022806
1.14201680672269,1.0072055443917
1.14201680672269,0.142879397461427
1.14201680672269,1.16847730228062
1.14201680672269,1.00720554439169
1.14201680672269,0.142879397461487
1.14201680672269,1.16847730228085
1.14201680672269,1.00720554439171
1.14201680672269,0.142879397462049
1.14201680672269,1.16847730228082
1.14201680672269,1.00720554439165
1.14705882352941,1.18986561653497
1.14705882352941,1.07236259444683
1.14705882352941,0.0367739711868786
1.14705882352941,1.18986561653501
1.14705882352941,1.07236259444682
1.14705882352941,0.0367739711871771
1.14705882352941,1.18986561653492
1.14705882352941,1.07236259444677
1.14705882352941,0.0367739711870634
1.14705882352941,1.189865616535
1.14705882352941,1.07236259444712
1.14705882352941,0.0367739711866761
1.14705882352941,1.18986561653519
1.14705882352941,1.07236259444743
1.14705882352941,0.0367739711866797
1.14705882352941,1.18986561653501
1.14705882352941,1.07236259444751
1.14705882352941,0.036773971186701
1.14705882352941,1.18986561653524
1.14705882352941,1.07236259444747
1.14705882352941,0.0367739711866832
1.14705882352941,1.18986561653526
1.14705882352941,1.0723625944475
1.14705882352941,0.0367739711866903
1.14705882352941,1.18986561653508
1.14705882352941,1.07236259444751
1.14705882352941,0.0367739711862569
1.14705882352941,1.18986561653509
1.14705882352941,1.07236259444753
1.14705882352941,0.0367739711867721
1.14705882352941,1.18986561653531
1.14705882352941,1.07236259444746
1.14705882352941,0.0367739711867632
1.14705882352941,1.18986561653512
1.14705882352941,1.07236259444745
1.14705882352941,0.0367739711863599
1.14705882352941,1.18986561653512
1.14705882352941,1.07236259444752
1.14705882352941,0.036773971186431
1.14705882352941,1.18986561653513
1.14705882352941,1.07236259444754
1.14705882352941,0.0367739711868715
1.14705882352941,1.18986561653518
1.14705882352941,1.0723625944475
1.14705882352941,0.0367739711863813
1.14705882352941,1.1898656165352
1.14705882352941,1.07236259444758
1.14705882352941,0.0367739711865092
1.14705882352941,1.1898656165352
1.14705882352941,1.07236259444751
1.14705882352941,0.0367739711865838
1.14705882352941,1.18986561653519
1.14705882352941,1.07236259444734
1.14705882352941,0.036773971186653
1.14705882352941,1.18986561653521
1.14705882352941,1.07236259444741
1.14705882352941,0.0367739711866619
1.14705882352941,1.18986561653503
1.14705882352941,1.07236259444758
1.14705882352941,0.0367739711866228
1.14705882352941,1.18986561653506
1.14705882352941,1.07236259444755
1.14705882352941,0.0367739711866584
1.14705882352941,1.18986561653529
1.14705882352941,1.07236259444766
1.14705882352941,0.036773971186566
1.14705882352941,1.18986561653502
1.14705882352941,1.07236259444748
1.14705882352941,0.0367739711866761
1.14705882352941,1.18986561653502
1.14705882352941,1.07236259444755
1.14705882352941,0.0367739711861361
1.14705882352941,1.18986561653506
1.14705882352941,1.07236259444759
1.14705882352941,0.0367739711866122
1.14705882352941,1.1898656165351
1.14705882352941,1.07236259444763
1.14705882352941,0.0367739711866584
1.14705882352941,1.18986561653509
1.14705882352941,1.07236259444771
1.14705882352941,0.0367739711867916
1.14705882352941,1.1898656165351
1.14705882352941,1.07236259444761
1.14705882352941,0.0367739711864914
1.14705882352941,1.18986561653506
1.14705882352941,1.0723625944473
1.14705882352941,0.0367739711864807
1.14705882352941,1.18986561653488
1.14705882352941,1.07236259444747
1.14705882352941,0.0367739711863955
1.14705882352941,1.18986561653496
1.14705882352941,1.07236259444748
1.14705882352941,0.0367739711864186
1.14705882352941,1.18986561653498
1.14705882352941,1.07236259444768
1.14705882352941,0.0367739711864381
1.14705882352941,1.18986561653519
1.14705882352941,1.07236259444745
1.14705882352941,0.0367739711871025
1.14705882352941,1.18986561653515
1.14705882352941,1.07236259444734
1.15210084033613,1.24597626288971
1.15210084033613,1.43331225974873
1.15210084033613,-0.850026910262965
1.15210084033613,-0.139787278565095
1.15210084033613,1.23562033562939
1.15210084033613,-0.290245237008914
1.15210084033613,1.32132329290862
1.15210084033613,-2.94107147169485
1.15210084033613,-2.52445997091379
1.15210084033613,2.5758529082112
1.15210084033613,1.04062349067706
1.15210084033613,3.08007698126382
1.15210084033613,-1.01042445122452
1.15210084033613,-0.0289124130827716
1.15210084033613,-1.77085544672178
1.15210084033613,-2.36319614712453
1.15210084033613,2.5412258562361
1.15210084033613,1.06836340757616
1.15210084033613,-0.0304367425239072
1.15210084033613,-1.27301656822089
1.15210084033613,-0.522944716890123
1.15210084033613,-0.133013640891551
1.15210084033613,1.34794580185939
1.15210084033613,-0.581467514156344
1.15210084033613,1.09332260751069
1.15210084033613,1.09607770917978
1.15210084033613,2.61515241601219
1.15210084033613,0.999462833257478
1.15210084033613,1.37741190730222
1.15210084033613,-0.139271626987092
1.15210084033613,0.837294450278389
1.15210084033613,-0.102378403112997
1.15210084033613,1.2308941125676
1.15210084033613,1.30633450038397
1.15210084033613,-0.38560263361666
1.15210084033613,1.3684708391055
1.15210084033613,-0.19121798841628
1.15210084033613,-0.147570101828006
1.15210084033613,1.07351493106105
1.15210084033613,-0.10150159965853
1.15210084033613,1.22913721433284
1.15210084033613,1.29398307707185
1.15210084033613,-0.354779498583003
1.15210084033613,1.35504022401401
1.15210084033613,-0.898123085403338
1.15210084033613,-0.0292809447503224
1.15210084033613,-0.818823069176684
1.15210084033613,-0.0377844310775508
1.15210084033613,-3.01358790587518
1.15210084033613,-2.12495363739947
1.15210084033613,2.89170294345233
1.15210084033613,0.156217369596479
1.15210084033613,1.19255550117678
1.15210084033613,1.14355658144558
1.15210084033613,-0.11288788895919
1.15210084033613,1.23346231774839
1.15210084033613,1.32481835423339
1.15210084033613,-0.435713893843197
1.15210084033613,1.38015240050778
1.15210084033613,0.191436815828464
1.15210084033613,-1.91773089356616
1.15210084033613,-2.71060006820162
1.15210084033613,2.87678912773207
1.15210084033613,0.2110995598572
1.15210084033613,1.1810933140673
1.15210084033613,1.12733594150049
1.15210084033613,-0.0984432897251146
1.15210084033613,1.22761465167845
1.15210084033613,1.283792641146
1.15210084033613,-0.330859194716329
1.15210084033613,1.34301349098486
1.15210084033613,-1.66552714526373
1.15210084033613,-1.93769744906364
1.15210084033613,-2.96152723938929
1.15210084033613,-2.42335560950933
1.15210084033613,2.54348994803665
1.15210084033613,1.0667731025753
1.15210084033613,-0.0339698665140382
1.15210084033613,-2.31712509761848
1.15210084033613,2.56423384229587
1.15210084033613,1.0519130733654
1.15210084033613,-0.103871935981939
1.15210084033613,1.74277120237202
1.15210084033613,2.30660653488784
1.15210084033613,-0.0782096799569096
1.15210084033613,-0.0299448878405251
1.15210084033613,-0.933612581438066
1.15210084033613,-0.0363746502321156
1.15210084033613,-0.350864478408067
1.15210084033613,0.0268340891822767
1.15210084033613,3.11518046192282
1.15210084033613,-1.21357502490758
1.15210084033613,-0.194608466988182
1.15210084033613,-0.133110611158113
1.15210084033613,1.34782310935099
1.15210084033613,-0.581044205299012
1.15210084033613,1.09605603748283
1.15210084033613,1.09620437660351
1.15210084033613,2.60528367520277
1.15210084033613,1.01219499255435
1.15210084033613,1.35287691793029
1.15714285714286,0.910404992943914
1.15714285714286,-0.208224311411936
1.15714285714286,1.2652278422929
1.15714285714286,1.79032951197316
1.15714285714286,1.70981880692119
1.15714285714286,2.42923215096183
1.15714285714286,1.13561100732417
1.15714285714286,1.7035041907426
1.15714285714286,2.70603641779485
1.15714285714286,0.784994108765506
1.15714285714286,1.15662761016477
1.15714285714286,1.29288973885808
1.15714285714286,-0.489563413031416
1.15714285714286,1.37976855953697
1.15714285714286,1.36035367626585
1.15714285714286,1.24973766603855
1.15714285714286,1.66568883107447
1.15714285714286,-3.11253997013752
1.15714285714286,-1.69815608610228
1.15714285714286,-1.82388607626907
1.15714285714286,-2.55020185818955
1.15714285714286,2.51042025240251
1.15714285714286,1.08623567693705
1.15714285714286,-0.309668945604027
1.15714285714286,0.309796242093828
1.15714285714286,-1.49134182482925
1.15714285714286,-0.84465633327056
1.15714285714286,-0.041227069629354
1.15714285714286,2.92115043851586
1.15714285714286,-0.0375379671501683
1.15714285714286,1.23828018714606
1.15714285714286,1.46177252320237
1.15714285714286,-1.19495967942441
1.15714285714286,-0.0866421883049036
1.15714285714286,-0.0548143042201552
1.15714285714286,2.09849564458092
1.15714285714286,0.358601052335377
1.15714285714286,-1.12737309167938
1.15714285714286,-0.0370317272286762
1.15714285714286,-0.245901573450492
1.15714285714286,0.146437569666706
1.15714285714286,-2.43058364651371
1.15714285714286,2.47948650364327
1.15714285714286,1.10070756317782
1.15714285714286,-2.07068057165152
1.15714285714286,2.90962700273925
1.15714285714286,0.0172058671161643
1.15714285714286,1.22012587706866
1.15714285714286,1.32772288123993
1.15714285714286,-0.589855675725882
1.15714285714286,1.20931054641278
1.15714285714286,1.10690720535188
1.15714285714286,2.50876549230861
1.15714285714286,1.08876367239676
1.15714285714286,-0.490006455947746
1.15714285714286,-0.0116271503417202
1.15714285714286,2.53037314152617
1.15714285714286,1.07155223948341
1.15714285714286,-0.0555784095784837
1.15714285714286,2.09900868139428
1.15714285714286,0.359276028275819
1.15714285714286,-1.12468691432597
1.15714285714286,-0.0358326479242201
1.15714285714286,-0.278022835887921
1.15714285714286,0.282135253552187
1.15714285714286,-1.62303157312759
1.15714285714286,-1.39171778026059
1.15714285714286,-0.809200898573717
1.15714285714286,-0.0571219726550929
1.15714285714286,1.96304508394341
1.15714285714286,0.537245066411177
1.15714285714286,-0.650761950586837
1.15714285714286,0.608279391010239
1.15714285714286,1.10041857985708
1.15714285714286,2.66103892169117
1.15714285714286,0.915890249380215
1.15714285714286,1.21324831775524
1.15714285714286,1.33997622306376
1.15714285714286,-0.629846730108081
1.15714285714286,0.948556789190828
1.15714285714286,1.09505750960412
1.15714285714286,-2.75796655554276
1.15714285714286,2.90135568375748
1.15714285714286,0.0407591404757177
1.15714285714286,1.21310694816409
1.15714285714286,1.29067545514456
1.15714285714286,-0.483556250557822
1.15714285714286,1.38103918356806
1.15714285714286,1.23575203230519
1.15714285714286,1.11157477157794
1.15714285714286,2.22391910358441
1.15714285714286,1.7934949154361
1.15714285714286,1.6810108771054
1.15714285714286,2.77367331291799
1.15714285714286,0.57323336951595
1.15714285714286,1.14256675286336
1.15714285714286,1.3587387134246
1.15714285714286,-0.696453135188445
1.15714285714286,-0.46751910161591
1.15714285714286,1.37603707458122
1.15714285714286,-0.0336783120383153
1.16218487394958,1.05752606508962
1.16218487394958,-0.3289203639196
1.16218487394958,1.31293428564487
1.16218487394958,-2.88816587994072
1.16218487394958,-3.02047211318299
1.16218487394958,-2.36662333437204
1.16218487394958,2.43024721010097
1.16218487394958,1.14754409831515
1.16218487394958,1.76810555958651
1.16218487394958,1.74838376539512
1.16218487394958,1.78460776733145
1.16218487394958,1.43963838584324
1.16218487394958,-1.41920085587919
1.16218487394958,-0.525801169008712
1.16218487394958,0.167731039083694
1.16218487394958,-2.50669744113877
1.16218487394958,2.40889142222479
1.16218487394958,1.1984674911183
1.16218487394958,1.49737824720475
1.16218487394958,-1.65495494207414
1.16218487394958,-1.46896189551649
1.16218487394958,-1.02567572159828
1.16218487394958,-0.0490106110333564
1.16218487394958,-0.0535601919519912
1.16218487394958,-0.0435753474484422
1.16218487394958,-0.115042023172354
1.16218487394958,-0.132278940064911
1.16218487394958,0.731138832806
1.16218487394958,-0.419936056650183
1.16218487394958,1.3627986786542
1.16218487394958,-0.289161908046726
1.16218487394958,0.919784761491567
1.16218487394958,-0.369737554640711
1.16218487394958,1.33607630375312
1.16218487394958,-1.66341827594549
1.16218487394958,-1.85286527025516
1.16218487394958,-2.65545479332595
1.16218487394958,2.55921030281673
1.16218487394958,1.05264582904593
1.16218487394958,0.270021819800192
1.16218487394958,1.12304219838347
1.16218487394958,1.87535619530906
1.16218487394958,0.872621602190794
1.16218487394958,-0.340902971331115
1.16218487394958,1.32056043856512
1.16218487394958,-2.51566240642472
1.16218487394958,2.40162208708974
1.16218487394958,1.22550992470422
1.16218487394958,1.62206412664321
1.16218487394958,-2.85898251488436
1.16218487394958,3.08846848307972
1.16218487394958,-1.20653090302464
1.16218487394958,-0.116410835222577
1.16218487394958,-0.139826313144777
1.16218487394958,0.740758700361734
1.16218487394958,-0.414691552493696
1.16218487394958,1.36028866264178
1.16218487394958,-0.389051084368671
1.16218487394958,0.90221791972785
1.16218487394958,-0.374853595882453
1.16218487394958,1.33894328317272
1.16218487394958,-1.49936272726962
1.16218487394958,-1.15755066226033
1.16218487394958,-0.187108778510432
1.16218487394958,0.143390437638519
1.16218487394958,-2.67670224424497
1.16218487394958,2.58232519723676
1.16218487394958,1.02776204946532
1.16218487394958,1.38207494354447
1.16218487394958,1.17686687625252
1.16218487394958,1.10514313225309
1.16218487394958,-2.79591220370469
1.16218487394958,2.90927852686214
1.16218487394958,-0.05795836437205
1.16218487394958,1.23402593173393
1.16218487394958,1.53745613904668
1.16218487394958,-1.98892096014223
1.16218487394958,-2.97014123589724
1.16218487394958,-2.62212751059881
1.16218487394958,2.50122292792631
1.16218487394958,1.09280106981193
1.16218487394958,-0.286952487598972
1.16218487394958,0.928778743788232
1.16218487394958,-0.36780273994524
1.16218487394958,1.33497460140054
1.16218487394958,-1.72636741587933
1.16218487394958,-2.13116416087202
1.16218487394958,2.73871226373
1.16218487394958,0.697905369952966
1.16218487394958,1.14255777935865
1.16218487394958,1.57511317177964
1.16218487394958,-2.35109000771513
1.16218487394958,2.46218898579938
1.16218487394958,1.11355059130109
1.16218487394958,-2.76604174099064
1.16218487394958,2.81704121700279
1.16218487394958,0.394836798005609
1.16218487394958,1.14787215397666
1.16218487394958,1.47239094905414
1.16218487394958,-1.47305669502754
1.16218487394958,-0.706500604940119
1.1672268907563,-2.48333762703665
1.1672268907563,2.33275993312507
1.1672268907563,-0.0585681962113238
1.1672268907563,1.70028189644485
1.1672268907563,2.10603107893999
1.1672268907563,0.360079775439047
1.1672268907563,-1.45739423295742
1.1672268907563,-0.608050139612864
1.1672268907563,0.0370966932616739
1.1672268907563,2.54401027191384
1.1672268907563,1.06001922044233
1.1672268907563,0.663547886758526
1.1672268907563,1.10337123021053
1.1672268907563,-2.03166657616524
1.1672268907563,2.96973212502997
1.1672268907563,-0.460276689937029
1.1672268907563,1.38588168899281
1.1672268907563,1.09059533437549
1.1672268907563,1.10221413489974
1.1672268907563,-1.47423733794222
1.1672268907563,-1.00264048585631
1.1672268907563,-0.0289062370970221
1.1672268907563,-0.406224554227405
1.1672268907563,2.24693095812617
1.1672268907563,-1.89928804218213
1.1672268907563,-2.84666173163021
1.1672268907563,2.97176522085135
1.1672268907563,-0.503301608980227
1.1672268907563,1.37565826054433
1.1672268907563,1.26620107318558
1.1672268907563,2.27920020446416
1.1672268907563,-0.946594426392828
1.1672268907563,-0.026853576802905
1.1672268907563,-1.54415712317586
1.1672268907563,-1.27922094666131
1.1672268907563,-0.382279679964523
1.1672268907563,2.8706319703953
1.1672268907563,0.0467487522954606
1.1672268907563,1.1951604945394
1.1672268907563,1.46477476554837
1.1672268907563,-1.64072787381896
1.1672268907563,-1.34843031973214
1.1672268907563,-0.564639430765627
1.1672268907563,0.286878066346727
1.1672268907563,-2.00678415029868
1.1672268907563,-3.05229296184795
1.1672268907563,-2.25934187851113
1.1672268907563,2.50272478635653
1.1672268907563,1.09526531946613
1.1672268907563,-0.0894471368042247
1.1672268907563,-0.0936507546724599
1.1672268907563,0.95244375390531
1.1672268907563,-0.382741665101511
1.1672268907563,1.32852485510319
1.1672268907563,-1.84125358626314
1.1672268907563,-2.6067425423586
1.1672268907563,2.39673836665182
1.1672268907563,1.23363510609028
1.1672268907563,1.86337635903483
1.1672268907563,0.839236915511822
1.1672268907563,-0.488529125095059
1.1672268907563,1.3796016804348
1.1672268907563,-0.121352672182438
1.1672268907563,0.71382932033276
1.1672268907563,-0.564900177604869
1.1672268907563,1.37467181203705
1.1672268907563,1.25775277175648
1.1672268907563,2.11627498262803
1.1672268907563,0.349761216544149
1.1672268907563,-1.50077966804414
1.1672268907563,-0.764455213182806
1.1672268907563,-0.126128229218796
1.1672268907563,0.691711093006298
1.1672268907563,-0.599947734772857
1.1672268907563,1.33570964186761
1.1672268907563,1.15007062634038
1.1672268907563,1.84404760312427
1.1672268907563,0.959347083146993
1.1672268907563,-0.448685720828702
1.1672268907563,1.3631380759267
1.1672268907563,-0.203578960657877
1.1672268907563,0.70147522833919
1.1672268907563,-0.69316412127834
1.1672268907563,0.845193329413792
1.1672268907563,1.09993026102079
1.1672268907563,-1.41821447078171
1.1672268907563,-0.799161773852305
1.1672268907563,-0.104274093542433
1.1672268907563,0.827113497534381
1.1672268907563,-0.438106837690118
1.1672268907563,1.35862243912664
1.1672268907563,-0.356628886566352
1.1672268907563,2.50274271244509
1.1672268907563,1.087899476755
1.1672268907563,-0.0397864403009791
1.1672268907563,3.13187898571166
1.1672268907563,-1.57908887595652
1.1672268907563,-1.17714675846696
1.1672268907563,-0.181425852940396
1.1672268907563,0.550552701886399
1.1672268907563,-0.999622891149919
1.17226890756303,2.2422076343489
1.17226890756303,-2.88541775886417
1.17226890756303,3.01528983564972
1.17226890756303,-0.887860678973034
1.17226890756303,-0.0710806816377492
1.17226890756303,1.42163884125005
1.17226890756303,-1.72387450654351
1.17226890756303,-1.70047639134933
1.17226890756303,-1.92249177999922
1.17226890756303,-2.92197853169976
1.17226890756303,-3.11071244340663
1.17226890756303,-2.03013243170054
1.17226890756303,3.07938987899519
1.17226890756303,-1.3165289906113
1.17226890756303,-0.23511462716267
1.17226890756303,-2.36114811282171
1.17226890756303,2.34821153650906
1.17226890756303,0.791363418929958
1.17226890756303,1.10292761701297
1.17226890756303,-0.920366102288044
1.17226890756303,-0.0429785596555075
1.17226890756303,2.6570500113627
1.17226890756303,0.890003089745965
1.17226890756303,1.16590253778985
1.17226890756303,1.85676941277912
1.17226890756303,0.775949245030379
1.17226890756303,-0.683724477414696
1.17226890756303,1.15969344780537
1.17226890756303,1.1071268146713
1.17226890756303,-1.06912402481269
1.17226890756303,-0.045699764867857
1.17226890756303,-0.031186471083509
1.17226890756303,-0.270760296891536
1.17226890756303,-1.96532450155863
1.17226890756303,-2.83210914262947
1.17226890756303,2.80655756728179
1.17226890756303,0.363812311559326
1.17226890756303,1.14649228929933
1.17226890756303,2.04772354594773
1.17226890756303,0.250282442198275
1.17226890756303,-2.2141266554629
1.17226890756303,2.57848799658644
1.17226890756303,1.02853990178142
1.17226890756303,1.33339543694362
1.17226890756303,-1.18927987798502
1.17226890756303,-0.172366134786367
1.17226890756303,1.2086328876784
1.17226890756303,-0.911375871211552
1.17226890756303,0.037878495649414
1.17226890756303,2.34236435869874
1.17226890756303,1.06426713740114
1.17226890756303,1.10336821573021
1.17226890756303,-0.76113935007611
1.17226890756303,-0.13644698692438
1.17226890756303,0.648409748041435
1.17226890756303,-0.82870525769415
1.17226890756303,2.50172923950465
1.17226890756303,1.08955918035323
1.17226890756303,-0.124856427385682
1.17226890756303,0.648183028919897
1.17226890756303,-0.815114781710769
1.17226890756303,-2.81559868762153
1.17226890756303,2.70504840321083
1.17226890756303,0.748667301079085
1.17226890756303,1.14187611143511
1.17226890756303,2.27838787813829
1.17226890756303,-0.813929577143501
1.17226890756303,-0.109637068199465
1.17226890756303,0.728985598970465
1.17226890756303,-0.677034330680815
1.17226890756303,1.19199307468083
1.17226890756303,1.10942625458771
1.17226890756303,-1.2970130049966
1.17226890756303,-0.386614640038331
1.17226890756303,-1.53073879810831
1.17226890756303,-0.758780854981275
1.17226890756303,-0.137955022356742
1.17226890756303,0.675477030121737
1.17226890756303,-0.785603550805803
1.17226890756303,-0.898474001292733
1.17226890756303,0.549968517583945
1.17226890756303,-1.17055436407446
1.17226890756303,-0.0265761492106904
1.17226890756303,-0.435787909803327
1.17226890756303,-2.63466943422194
1.17226890756303,2.33674626261696
1.17226890756303,2.4390431032702
1.17226890756303,1.12582094238881
1.17226890756303,-2.18809333946997
1.17226890756303,2.53394011922164
1.17226890756303,1.07566362852557
1.17226890756303,-2.08550246374675
1.17226890756303,2.97759728733433
1.17226890756303,-0.590518202297606
1.17226890756303,1.30501293894629
1.17226890756303,1.12867617679921
1.17226890756303,-3.13744492603977
1.17226890756303,-1.79242514775919
1.17226890756303,-2.15185867195021
1.17226890756303,2.62072960369179
1.17226890756303,0.962402543778463
1.17731092436975,0.208426328842361
1.17731092436975,1.13134705844456
1.17731092436975,3.10131486174386
1.17731092436975,-1.58185650892736
1.17731092436975,-1.06827050986216
1.17731092436975,-0.0308029176363043
1.17731092436975,-0.148925262907124
1.17731092436975,1.01742032057894
1.17731092436975,-0.809578719314825
1.17731092436975,-0.651802357067201
1.17731092436975,1.37947311792029
1.17731092436975,1.22548346363225
1.17731092436975,2.15515290463256
1.17731092436975,0.546757132600728
1.17731092436975,-1.17441731646743
1.17731092436975,-0.0237125439442032
1.17731092436975,-0.80895458137768
1.17731092436975,-0.130880042890983
1.17731092436975,0.58987857427697
1.17731092436975,-1.10595349379619
1.17731092436975,-0.0496222129282806
1.17731092436975,2.14121242338645
1.17731092436975,0.442224697246008
1.17731092436975,-1.50224225038637
1.17731092436975,-0.652268485469474
1.17731092436975,0.37758283332467
1.17731092436975,-1.98355042656265
1.17731092436975,-2.95528475737531
1.17731092436975,-3.0692690924876
1.17731092436975,-2.43852084188951
1.17731092436975,2.19861565777019
1.17731092436975,1.36495695592633
1.17731092436975,-1.46604289406938
1.17731092436975,-0.515126684701936
1.17731092436975,-2.41823950537703
1.17731092436975,2.23554869563333
1.17731092436975,3.13861109933025
1.17731092436975,-1.85888056283137
1.17731092436975,-2.44807477958874
1.17731092436975,2.17569489690892
1.17731092436975,0.844839827520421
1.17731092436975,-0.680354083314288
1.17731092436975,1.28806603246344
1.17731092436975,1.12381869423972
1.17731092436975,-1.84362559598048
1.17731092436975,-2.57888840716189
1.17731092436975,2.2037040244552
1.17731092436975,1.56801291148102
1.17731092436975,-3.0481842079496
1.17731092436975,-2.61166436634428
1.17731092436975,2.23155421765168
1.17731092436975,2.97025223560448
1.17731092436975,-0.612256162084925
1.17731092436975,1.32415156879672
1.17731092436975,1.13558364520504
1.17731092436975,-2.83288570947255
1.17731092436975,2.70285400470516
1.17731092436975,0.734136065264412
1.17731092436975,1.14006899911932
1.17731092436975,2.89533561282725
1.17731092436975,-0.124865734758007
1.17731092436975,1.22755781752987
1.17731092436975,1.99846252443303
1.17731092436975,0.256454884788475
1.17731092436975,-2.4205468056639
1.17731092436975,2.22260717579589
1.17731092436975,2.35720314654469
1.17731092436975,1.35101246604166
1.17731092436975,1.1580442043138
1.17731092436975,2.46185384615482
1.17731092436975,1.12325904242803
1.17731092436975,-0.979470089853361
1.17731092436975,-0.0302526748571772
1.17731092436975,-2.31070728236489
1.17731092436975,2.28238193400598
1.17731092436975,-0.41236309936817
1.17731092436975,-0.829169295219103
1.17731092436975,-0.423961919961524
1.17731092436975,1.3027915088998
1.17731092436975,-2.51329821337224
1.17731092436975,2.1719201908345
1.17731092436975,0.791871191101173
1.17731092436975,-0.726690958487094
1.17731092436975,1.06185656768382
1.17731092436975,1.10477607375244
1.17731092436975,-0.292344877638531
1.17731092436975,-0.396917947645019
1.17731092436975,1.28819566665164
1.17731092436975,-3.07005352269258
1.17731092436975,-2.3855257552611
1.17731092436975,2.23611435885505
1.17731092436975,-3.11401403428587
1.17731092436975,-2.08064723106343
1.17731092436975,2.8894703404832
1.17731092436975,-0.097249405159328
1.17731092436975,1.2190740664399
1.17731092436975,1.93202931219715
1.17731092436975,0.393670945457902
1.17731092436975,-1.78402208870441
1.17731092436975,-1.97529631115286
1.17731092436975,-3.1294065667172
1.18235294117647,-0.165961992338243
1.18235294117647,-1.76592114528824
1.18235294117647,-1.76082238776464
1.18235294117647,-2.13231163164438
1.18235294117647,2.61118595665769
1.18235294117647,0.963404421699924
1.18235294117647,1.18604777294075
1.18235294117647,2.35701774597522
1.18235294117647,1.38314687119347
1.18235294117647,1.24604019644697
1.18235294117647,2.70097343928431
1.18235294117647,0.736999479389031
1.18235294117647,1.13998176887013
1.18235294117647,-2.6631566664137
1.18235294117647,2.21024211731292
1.18235294117647,1.97264252370759
1.18235294117647,0.257705138122009
1.18235294117647,-2.64353706426956
1.18235294117647,2.18029617306739
1.18235294117647,0.990070492905179
1.18235294117647,-0.794180009999774
1.18235294117647,0.593066418849869
1.18235294117647,1.11200160627282
1.18235294117647,-0.468408872464249
1.18235294117647,-0.290615648818818
1.18235294117647,1.22982574034549
1.18235294117647,2.25557937751604
1.18235294117647,-1.72929400100688
1.18235294117647,-1.99158432451923
1.18235294117647,3.08743301514398
1.18235294117647,-1.59934342369489
1.18235294117647,-1.08520619524016
1.18235294117647,-0.0274924333649729
1.18235294117647,-0.181081383987394
1.18235294117647,-1.36472786563386
1.18235294117647,-0.166601008141665
1.18235294117647,-1.71420853904913
1.18235294117647,-1.48563660046408
1.18235294117647,-0.855708050848651
1.18235294117647,-0.124505392166274
1.18235294117647,0.552209164847856
1.18235294117647,-1.37164017728433
1.18235294117647,-0.215309124946113
1.18235294117647,0.0382791897532364
1.18235294117647,1.15087714176558
1.18235294117647,2.75800127863668
1.18235294117647,0.528357904785185
1.18235294117647,1.13863978114453
1.18235294117647,-2.69689771482459
1.18235294117647,2.26230020787529
1.18235294117647,-1.02058054326507
1.18235294117647,-0.0255509470055664
1.18235294117647,-1.58748538919221
1.18235294117647,-1.29649788710097
1.18235294117647,-0.283750535375244
1.18235294117647,0.577603955193009
1.18235294117647,1.11256553136242
1.18235294117647,-0.514969409227387
1.18235294117647,-1.14235156898343
1.18235294117647,-0.053574225366706
1.18235294117647,1.87048345256368
1.18235294117647,0.53962403128757
1.18235294117647,-1.47669206790795
1.18235294117647,-0.504602474994815
1.18235294117647,-0.57411564425966
1.18235294117647,1.3727902602892
1.18235294117647,-0.0583325259738707
1.18235294117647,1.72424357856359
1.18235294117647,1.44089533418034
1.18235294117647,-2.38700385854002
1.18235294117647,2.19930623795014
1.18235294117647,1.45255858110434
1.18235294117647,-2.25953383638
1.18235294117647,2.40821720075531
1.18235294117647,1.18561500885587
1.18235294117647,2.64274330731846
1.18235294117647,0.898860102915517
1.18235294117647,1.1594739865551
1.18235294117647,2.80134277979462
1.18235294117647,0.335138910102177
1.18235294117647,1.1472728130318
1.18235294117647,3.02550773231176
1.18235294117647,-1.11147092717146
1.18235294117647,-0.0386922707925983
1.18235294117647,2.92349953368364
1.18235294117647,-0.372808258980204
1.18235294117647,1.31989586108277
1.18235294117647,-1.45347632233813
1.18235294117647,-0.749688901691524
1.18235294117647,-0.0215291053978142
1.18235294117647,1.51657608949742
1.18235294117647,-3.0025543909687
1.18235294117647,-3.00715139889703
1.18235294117647,-2.94884442399271
1.18235294117647,3.02857554882427
1.18235294117647,-1.18695851086082
1.18235294117647,-0.0257348449334849
1.18235294117647,-0.253480479416812
1.18235294117647,0.302797071314775
1.18235294117647,1.12574875442007
1.18235294117647,-1.85505087956927
1.18739495798319,1.21962655669219
1.18739495798319,2.47732739963005
1.18739495798319,1.11866927745458
1.18739495798319,-0.032271346759341
1.18739495798319,-2.43148623968738
1.18739495798319,2.05681112682403
1.18739495798319,0.18141732461206
1.18739495798319,3.02628604767726
1.18739495798319,-1.31581317993792
1.18739495798319,-0.123746778653281
1.18739495798319,2.57338860048525
1.18739495798319,0.99894079951093
1.18739495798319,1.20400951988127
1.18739495798319,2.67503217286383
1.18739495798319,0.797591178107158
1.18739495798319,1.14356303619747
1.18739495798319,-2.06263687767757
1.18739495798319,2.80529032452199
1.18739495798319,0.267068047932536
1.18739495798319,1.15217767229703
1.18739495798319,-2.83968638601581
1.18739495798319,2.51148722970218
1.18739495798319,1.09018650680996
1.18739495798319,1.2335800748604
1.18739495798319,1.11762769303016
1.18739495798319,-0.110268868332163
1.18739495798319,0.664361518422638
1.18739495798319,-1.4359343379078
1.18739495798319,-0.327526053142297
1.18739495798319,0.98288110887302
1.18739495798319,1.10612622133477
1.18739495798319,-0.0493545609862345
1.18739495798319,2.16309686823893
1.18739495798319,0.659755595739529
1.18739495798319,-1.2495904164067
1.18739495798319,-0.0289899517180956
1.18739495798319,-0.0748210344328264
1.18739495798319,-0.124521600999607
1.18739495798319,0.610535141627381
1.18739495798319,-1.43557960003131
1.18739495798319,-0.327159531581394
1.18739495798319,0.982925213350736
1.18739495798319,1.10612646723076
1.18739495798319,-0.0493559491302875
1.18739495798319,2.16300453219519
1.18739495798319,0.658547200108746
1.18739495798319,-1.25208963066154
1.18739495798319,-0.0300993311655127
1.18739495798319,-0.0587855305972411
1.18739495798319,-0.0975306763934753
1.18739495798319,0.697691003898999
1.18739495798319,-1.19476762509785
1.18739495798319,-0.0247402001797461
1.18739495798319,-1.56688904633861
1.18739495798319,-1.14284279201415
1.18739495798319,-0.0409102849651752
1.18739495798319,-0.0285526341318949
1.18739495798319,-2.00079232865681
1.18739495798319,3.04187996048627
1.18739495798319,-1.35381331728308
1.18739495798319,-0.191932118356373
1.18739495798319,0.374700653033845
1.18739495798319,1.12348780840885
1.18739495798319,-0.800740672933621
1.18739495798319,-0.0834927571718502
1.18739495798319,0.935064254280956
1.18739495798319,-1.04268059006226
1.18739495798319,-0.128715370721071
1.18739495798319,0.550641621483084
1.18739495798319,-1.58852040392311
1.18739495798319,-0.878425518875954
1.18739495798319,-0.125795713954357
1.18739495798319,0.507143283692056
1.18739495798319,-1.70413305198841
1.18739495798319,-1.44279232261788
1.18739495798319,-0.640830323886906
1.18739495798319,2.89291569896887
1.18739495798319,-0.341966547859538
1.18739495798319,1.29234292519814
1.18739495798319,-2.25475137161759
1.18739495798319,2.28006153885899
1.18739495798319,-0.271792139205498
1.18739495798319,0.788607727044692
1.18739495798319,1.10814531281082
1.18739495798319,-0.0246542885356789
1.18739495798319,-0.717732555637998
1.18739495798319,0.501629329652829
1.18739495798319,-1.90094847448975
1.18739495798319,-2.51585512599834
1.18739495798319,2.03363975454364
1.18739495798319,0.17363743277544
1.18739495798319,2.96128434149727
1.18739495798319,-0.807075329396451
1.18739495798319,-0.222407227951614
1.18739495798319,1.20143050299232
1.18739495798319,2.42742729972388
1.18739495798319,1.1563541075758
1.18739495798319,-2.0580492897335
1.18739495798319,2.82155856289727
1.18739495798319,0.181392314050868
1.18739495798319,1.16002359515593
1.19243697478992,1.14247836996011
1.19243697478992,-1.21291829280749
1.19243697478992,-0.0830458151356765
1.19243697478992,0.242532691223829
1.19243697478992,2.91239344649502
1.19243697478992,-0.529877322039169
1.19243697478992,1.37258367190658
1.19243697478992,-0.117041585252782
1.19243697478992,0.49455525695182
1.19243697478992,-1.93532346112598
1.19243697478992,-2.66933072545234
1.19243697478992,2.05110900809048
1.19243697478992,0.160003656871936
1.19243697478992,2.68243672870312
1.19243697478992,0.716716745141257
1.19243697478992,1.14027475052838
1.19243697478992,-1.09716689652614
1.19243697478992,-0.0211399775408285
1.19243697478992,-0.602201469164621
1.19243697478992,-0.595416488758254
1.19243697478992,1.36133758135893
1.19243697478992,-0.023929169748186
1.19243697478992,-0.587219384790082
1.19243697478992,-0.260159877669242
1.19243697478992,1.20797128658389
1.19243697478992,2.81615905934489
1.19243697478992,0.168767907432358
1.19243697478992,1.16074107726646
1.19243697478992,-2.56437338964763
1.19243697478992,1.97236068291804
1.19243697478992,0.18346499135043
1.19243697478992,2.77192714616471
1.19243697478992,0.340831456568448
1.19243697478992,1.14756207220916
1.19243697478992,-1.79514978393875
1.19243697478992,-2.24107797178253
1.19243697478992,2.27534770009677
1.19243697478992,-0.303449588812033
1.19243697478992,1.10219730610166
1.19243697478992,1.10903535836183
1.19243697478992,-0.12700094975084
1.19243697478992,0.491267310823151
1.19243697478992,-1.97832250148373
1.19243697478992,-2.89223442120547
1.19243697478992,2.58506893234457
1.19243697478992,0.987255285443485
1.19243697478992,1.18533187399255
1.19243697478992,-2.95940182314111
1.19243697478992,2.87863215991675
1.19243697478992,-0.256901125350925
1.19243697478992,1.24747674707926
1.19243697478992,-3.09508271746794
1.19243697478992,-2.5966856613509
1.19243697478992,1.99178990680832
1.19243697478992,0.165016341813004
1.19243697478992,2.67112168264398
1.19243697478992,0.754570080899985
1.19243697478992,1.14152508533698
1.19243697478992,-1.16035035313478
1.19243697478992,-0.0392526705526741
1.19243697478992,-0.0361026617126221
1.19243697478992,-3.07639537664877
1.19243697478992,-2.72704332086673
1.19243697478992,2.1268007507283
1.19243697478992,0.376188888715571
1.19243697478992,-2.37611724563321
1.19243697478992,2.10885988972557
1.19243697478992,0.271743918155011
1.19243697478992,-2.90921407122125
1.19243697478992,2.60486763210695
1.19243697478992,0.947452699782467
1.19243697478992,1.16710358920745
1.19243697478992,-2.47039414452576
1.19243697478992,1.97680199304691
1.19243697478992,0.179382991438425
1.19243697478992,2.74927078807495
1.19243697478992,0.44911738487588
1.19243697478992,1.14258113531324
1.19243697478992,-1.40890639795392
1.19243697478992,-0.486908147193262
1.19243697478992,0.869962848589672
1.19243697478992,1.10756763047848
1.19243697478992,-0.126725304495711
1.19243697478992,0.474056111830645
1.19243697478992,-2.03270529789669
1.19243697478992,3.12899373118259
1.19243697478992,-2.16651118502284
1.19243697478992,2.55329180343207
1.19243697478992,1.04627863538612
1.19243697478992,1.25663599903461
1.19243697478992,-2.68772036494407
1.19243697478992,2.07544960503165
1.19243697478992,0.189198219954317
1.19243697478992,2.87867986095968
1.19243697478992,-0.290917486733992
1.19243697478992,1.26011337578159
1.19243697478992,-2.84319578202728
1.19243697478992,2.41884153257412
1.19243697478992,1.16044761548006
1.19243697478992,-1.54093845802071
1.19243697478992,-0.971148814561307
1.19747899159664,2.28778715170538
1.19747899159664,-0.0564330156190316
1.19747899159664,1.66916851321649
1.19747899159664,1.39447567792802
1.19747899159664,-2.81841958475689
1.19747899159664,2.21467250070435
1.19747899159664,2.79436404153322
1.19747899159664,0.241277908982493
1.19747899159664,1.15462070045924
1.19747899159664,-1.50885391966737
1.19747899159664,-0.777163257423819
1.19747899159664,0.837955108153896
1.19747899159664,-1.55954852486935
1.19747899159664,-0.62992262301783
1.19747899159664,-0.0645037200437635
1.19747899159664,1.16503055153644
1.19747899159664,-2.15692145873792
1.19747899159664,2.46003428746031
1.19747899159664,1.13238140376139
1.19747899159664,-0.0581901873894104
1.19747899159664,1.55974579573637
1.19747899159664,2.32208919826882
1.19747899159664,1.10144823095315
1.19747899159664,1.10938128446181
1.19747899159664,1.67868485560161
1.19747899159664,1.13746210436583
1.19747899159664,-1.66033026160749
1.19747899159664,-1.08000848559763
1.19747899159664,-0.0293261311424722
1.19747899159664,-2.40869252270734
1.19747899159664,1.96352451331046
1.19747899159664,0.164921660188138
1.19747899159664,2.4513167388211
1.19747899159664,1.13125888145271
1.19747899159664,-0.0752179321364288
1.19747899159664,0.983472134698179
1.19747899159664,-1.32123318306951
1.19747899159664,-0.0469229711587609
1.19747899159664,-0.106808757458534
1.19747899159664,0.513038485932324
1.19747899159664,-2.06824049203587
1.19747899159664,2.97327236300729
1.19747899159664,-1.00894321078832
1.19747899159664,-0.02012524081292
1.19747899159664,1.11227900618254
1.19747899159664,-1.58034483102929
1.19747899159664,-0.711245077914096
1.19747899159664,-2.92730795973772
1.19747899159664,2.55104245474736
1.19747899159664,1.03788596766151
1.19747899159664,1.22227728178496
1.19747899159664,-2.67177937263072
1.19747899159664,1.97477287832279
1.19747899159664,0.151546815531393
1.19747899159664,2.37950951453577
1.19747899159664,1.22093821615298
1.19747899159664,-2.40086208129859
1.19747899159664,1.97064743259658
1.19747899159664,0.157405551895142
1.19747899159664,2.410666175415
1.19747899159664,1.16377996001903
1.19747899159664,-1.03281520119185
1.19747899159664,-0.0519625079402708
1.19747899159664,1.80205660748963
1.19747899159664,0.597229023941441
1.19747899159664,-1.91832952942661
1.19747899159664,-2.54330513915525
1.19747899159664,1.90212524009148
1.19747899159664,0.263703882401845
1.19747899159664,2.98926077770662
1.19747899159664,-1.23301159877149
1.19747899159664,-0.0200823881038694
1.19747899159664,-0.411520974857918
1.19747899159664,1.21781486666863
1.19747899159664,1.11684981161128
1.19747899159664,-0.10532529060411
1.19747899159664,0.602463579032115
1.19747899159664,-1.86128169267218
1.19747899159664,-2.21547621747699
1.19747899159664,2.30310157738457
1.19747899159664,-0.102071773110264
1.19747899159664,0.562144165084515
1.19747899159664,-1.90366771580647
1.19747899159664,-2.46080529830072
1.19747899159664,1.92474220301043
1.19747899159664,0.220552282847276
1.19747899159664,2.75649622771163
1.19747899159664,0.37577617826113
1.19747899159664,1.14662206670684
1.19747899159664,-0.988815613611106
1.19747899159664,-0.084500797380084
1.19747899159664,0.772234827934337
1.19747899159664,-1.43422596734291
1.19747899159664,-0.23216724997258
1.19747899159664,1.22557370848557
1.19747899159664,1.11770956787384
1.19747899159664,-0.120294217712814
1.19747899159664,0.493212593986048
1.19747899159664,-2.19424207952647
1.19747899159664,2.4895171235467
1.19747899159664,1.11174225756958
1.20252100840336,0.112107948371975
1.20252100840336,1.98434670860632
1.20252100840336,0.115943592058972
1.20252100840336,1.99771009452835
1.20252100840336,0.112107946627138
1.20252100840336,1.98434670582625
1.20252100840336,0.115943593201326
1.20252100840336,1.99771009931733
1.20252100840336,0.112107945865976
1.20252100840336,1.98434670460909
1.20252100840336,0.115943593701747
1.20252100840336,1.99771010141442
1.20252100840336,0.112107945532731
1.20252100840336,1.9843467040807
1.20252100840336,0.115943593919202
1.20252100840336,1.99771010232707
1.20252100840336,0.112107945387979
1.20252100840336,1.98434670385
1.20252100840336,0.115943594014045
1.20252100840336,1.99771010272302
1.20252100840336,0.112107945325025
1.20252100840336,1.98434670374874
1.20252100840336,0.115943594055341
1.20252100840336,1.99771010289613
1.20252100840336,0.112107945297144
1.20252100840336,1.9843467037079
1.20252100840336,0.115943594072593
1.20252100840336,1.99771010297171
1.20252100840336,0.112107945284837
1.20252100840336,1.98434670368206
1.20252100840336,0.115943594082911
1.20252100840336,1.99771010301556
1.20252100840336,0.112107945278442
1.20252100840336,1.98434670367703
1.20252100840336,0.115943594085156
1.20252100840336,1.99771010302178
1.20252100840336,0.112107945276481
1.20252100840336,1.98434670366688
1.20252100840336,0.115943594089334
1.20252100840336,1.99771010303983
1.20252100840336,0.112107945275202
1.20252100840336,1.98434670367368
1.20252100840336,0.11594359408635
1.20252100840336,1.99771010303014
1.20252100840336,0.112107945276538
1.20252100840336,1.98434670367376
1.20252100840336,0.115943594085412
1.20252100840336,1.99771010302124
1.20252100840336,0.112107945276623
1.20252100840336,1.98434670366793
1.20252100840336,0.11594359408868
1.20252100840336,1.99771010303418
1.20252100840336,0.112107945274776
1.20252100840336,1.98434670366836
1.20252100840336,0.115943594088879
1.20252100840336,1.9977101030371
1.20252100840336,0.112107945275543
1.20252100840336,1.98434670367061
1.20252100840336,0.115943594088169
1.20252100840336,1.99771010303673
1.20252100840336,0.112107945274833
1.20252100840336,1.98434670366546
1.20252100840336,0.115943594090414
1.20252100840336,1.99771010304807
1.20252100840336,0.112107945273554
1.20252100840336,1.98434670366953
1.20252100840336,0.115943594088566
1.20252100840336,1.99771010303588
1.20252100840336,0.112107945274662
1.20252100840336,1.98434670366609
1.20252100840336,0.115943594089561
1.20252100840336,1.99771010304142
1.20252100840336,0.112107945274179
1.20252100840336,1.98434670366742
1.20252100840336,0.115943594089078
1.20252100840336,1.99771010303889
1.20252100840336,0.112107945274833
1.20252100840336,1.98434670367149
1.20252100840336,0.115943594086776
1.20252100840336,1.99771010302534
1.20252100840336,0.112107945277078
1.20252100840336,1.98434670367351
1.20252100840336,0.115943594086861
1.20252100840336,1.99771010303077
1.20252100840336,0.11210794527523
1.20252100840336,1.98434670366654
1.20252100840336,0.115943594089675
1.20252100840336,1.99771010304222
1.20252100840336,0.112107945275088
1.20252100840336,1.98434670366845
1.20252100840336,0.115943594088396
1.20252100840336,1.99771010303423
1.20252100840336,0.11210794527506
1.20252100840336,1.98434670366933
1.20252100840336,0.115943594088368
1.20252100840336,1.99771010303489
1.20252100840336,0.112107945275145
1.20252100840336,1.98434670366782
1.20252100840336,0.11594359408868
1.20252100840336,1.99771010303645
1.20252100840336,0.112107945274207
1.20756302521008,-2.54535564796467
1.20756302521008,1.77680517656651
1.20756302521008,0.529309179320691
1.20756302521008,-2.57129515384674
1.20756302521008,1.79512069478112
1.20756302521008,0.461276688389785
1.20756302521008,-2.82372108459911
1.20756302521008,2.04443072418376
1.20756302521008,0.108505532682546
1.20756302521008,1.82252530338623
1.20756302521008,0.338768098349437
1.20756302521008,2.92340570461349
1.20756302521008,-0.887008040983453
1.20756302521008,0.44904580329737
1.20756302521008,1.12620325245757
1.20756302521008,-0.021897771231643
1.20756302521008,0.882731209189618
1.20756302521008,-1.8430271729052
1.20756302521008,-1.99827041169815
1.20756302521008,3.08431309800267
1.20756302521008,-2.18792954998094
1.20756302521008,2.42764982429237
1.20756302521008,1.15999207024739
1.20756302521008,-0.0604993453498928
1.20756302521008,0.13492324854305
1.20756302521008,1.70232665225638
1.20756302521008,0.808074137824068
1.20756302521008,-1.93031220094248
1.20756302521008,-2.5346154341675
1.20756302521008,1.77871649522328
1.20756302521008,0.522314513179925
1.20756302521008,-2.59560297864345
1.20756302521008,1.79428421032416
1.20756302521008,0.463363951497389
1.20756302521008,-2.81545306493177
1.20756302521008,2.02607956963459
1.20756302521008,0.0962506577988371
1.20756302521008,1.74386649720708
1.20756302521008,0.613599368759584
1.20756302521008,-2.30909187371341
1.20756302521008,2.11560017829605
1.20756302521008,0.290066182333096
1.20756302521008,2.83549359498367
1.20756302521008,-0.203915159656031
1.20756302521008,1.21472677115849
1.20756302521008,-1.95697576307613
1.20756302521008,-3.00353673764898
1.20756302521008,2.74068500684585
1.20756302521008,0.398696872940601
1.20756302521008,1.14791665034372
1.20756302521008,-0.12034109586163
1.20756302521008,0.674519459612053
1.20756302521008,1.11482780981862
1.20756302521008,0.797696036017168
1.20756302521008,1.10980597801153
1.20756302521008,1.30704791815648
1.20756302521008,1.13104747599379
1.20756302521008,0.282152145192672
1.20756302521008,2.49301086083262
1.20756302521008,1.09766703936601
1.20756302521008,1.32548311561079
1.20756302521008,-0.145832531366299
1.20756302521008,1.08505957478488
1.20756302521008,1.10704162757306
1.20756302521008,1.39103317888013
1.20756302521008,1.18513046709477
1.20756302521008,-1.00482088440155
1.20756302521008,-0.107616462721722
1.20756302521008,0.414936751632109
1.20756302521008,-2.89216259404077
1.20756302521008,2.22947062948814
1.20756302521008,-1.88704799418411
1.20756302521008,-2.62819094057656
1.20756302521008,1.79268990797823
1.20756302521008,0.467032826360633
1.20756302521008,-2.80099532992549
1.20756302521008,1.99591074031173
1.20756302521008,0.09386009760156
1.20756302521008,1.71147247751781
1.20756302521008,0.762531315876071
1.20756302521008,-1.9900519902445
1.20756302521008,-2.8830709008648
1.20756302521008,2.23912110493704
1.20756302521008,-1.23738635232739
1.20756302521008,-0.0438441807179508
1.20756302521008,-0.115898780865788
1.20756302521008,0.393039123778461
1.20756302521008,-3.03802495303654
1.20756302521008,2.85927800868567
1.20756302521008,-0.338752227407216
1.20756302521008,1.25374779281667
1.20756302521008,-1.71546509676267
1.20756302521008,-1.64411738959769
1.20756302521008,-1.24699066188412
1.20756302521008,-0.0476424198028234
1.20756302521008,-0.0869096593124929
1.20756302521008,0.556734448842317
1.20756302521008,-2.43402246208717
1.20756302521008,1.89006436727016
1.20756302521008,0.210789240159482
1.20756302521008,2.28527580476925
1.21260504201681,-2.32229041055442
1.21260504201681,2.05249825441044
1.21260504201681,0.0998691473048083
1.21260504201681,1.62341696302855
1.21260504201681,1.13066368546374
1.21260504201681,-2.33575129701848
1.21260504201681,2.0232011784971
1.21260504201681,0.0781050451627374
1.21260504201681,1.49525393615357
1.21260504201681,2.01113175509994
1.21260504201681,0.0797782685976856
1.21260504201681,1.5048043080035
1.21260504201681,1.94110013743319
1.21260504201681,0.0969348737351048
1.21260504201681,1.55073949895588
1.21260504201681,1.60990921014031
1.21260504201681,1.19858235985872
1.21260504201681,-2.54579893161079
1.21260504201681,1.7453843352215
1.21260504201681,0.579526858250819
1.21260504201681,-2.63483073068965
1.21260504201681,1.73773552915089
1.21260504201681,0.607275644365419
1.21260504201681,-2.5528046785063
1.21260504201681,1.74166434871419
1.21260504201681,0.594558747936706
1.21260504201681,-2.58963729392637
1.21260504201681,1.7330913539139
1.21260504201681,0.629272006902941
1.21260504201681,-2.49222002591985
1.21260504201681,1.7796857217118
1.21260504201681,0.452185032277203
1.21260504201681,-3.08654785261794
1.21260504201681,3.02493448244604
1.21260504201681,-1.85694571342708
1.21260504201681,-2.13796838851109
1.21260504201681,2.48179122242635
1.21260504201681,1.11853177345215
1.21260504201681,1.38303048520177
1.21260504201681,1.28675056355482
1.21260504201681,1.126001262182
1.21260504201681,1.13979343624534
1.21260504201681,1.10806170904671
1.21260504201681,1.38550994426626
1.21260504201681,1.36611160584925
1.21260504201681,1.15192856988397
1.21260504201681,-0.049127670658347
1.21260504201681,1.88612673304847
1.21260504201681,0.187135101954059
1.21260504201681,1.97538933061675
1.21260504201681,0.0788032324134669
1.21260504201681,1.47781791777046
1.21260504201681,2.13912779887386
1.21260504201681,0.658707232125817
1.21260504201681,-2.24428988794883
1.21260504201681,2.2682918931892
1.21260504201681,-0.124193253436015
1.21260504201681,1.03526301786755
1.21260504201681,1.10425286296278
1.21260504201681,1.37275845771934
1.21260504201681,-1.30402637422516
1.21260504201681,-0.0222814291031419
1.21260504201681,-1.57083962687295
1.21260504201681,-0.841994340990819
1.21260504201681,1.93415068524348
1.21260504201681,0.0988260019507941
1.21260504201681,1.55927775582379
1.21260504201681,1.55015055290971
1.21260504201681,1.59464893381405
1.21260504201681,1.29521058557298
1.21260504201681,-2.97595414802381
1.21260504201681,2.43370912278985
1.21260504201681,1.15230089299962
1.21260504201681,-0.10912058639504
1.21260504201681,0.379935175991481
1.21260504201681,2.95983635792436
1.21260504201681,-1.31148589621142
1.21260504201681,-0.020248358114852
1.21260504201681,-0.0293714781058405
1.21260504201681,-0.0452811956530716
1.21260504201681,2.11364764249586
1.21260504201681,0.269795605946275
1.21260504201681,2.52764719125967
1.21260504201681,1.04855425064413
1.21260504201681,1.200464515177
1.21260504201681,-0.9282977372925
1.21260504201681,0.0390449603360103
1.21260504201681,1.07010740333188
1.21260504201681,-2.17852160158479
1.21260504201681,2.50379100570147
1.21260504201681,1.09605460578534
1.21260504201681,1.28300062322793
1.21260504201681,-0.642302363421667
1.21260504201681,1.02298115575883
1.21260504201681,1.10405814864523
1.21260504201681,1.37237093753982
1.21260504201681,-1.59032385157336
1.21260504201681,-0.52242053957514
1.21260504201681,1.34292956259741
1.21260504201681,1.14036004775214
1.21260504201681,0.242538395768616
1.21764705882353,1.67268991709184
1.21764705882353,0.815812428874938
1.21764705882353,-2.37054929245685
1.21764705882353,1.91276782363
1.21764705882353,0.114168914862038
1.21764705882353,1.47030339418199
1.21764705882353,1.9792670527671
1.21764705882353,0.0604704974897849
1.21764705882353,1.26091577388781
1.21764705882353,-3.02818234231006
1.21764705882353,2.56561677978948
1.21764705882353,0.978793015213999
1.21764705882353,1.16616564242851
1.21764705882353,-0.0203371581427696
1.21764705882353,-0.0558042775494307
1.21764705882353,1.34255485095188
1.21764705882353,2.710399138801
1.21764705882353,0.441940982326127
1.21764705882353,1.14861924440364
1.21764705882353,-0.111241428039715
1.21764705882353,0.313645664441207
1.21764705882353,2.48718864675658
1.21764705882353,1.09982306528839
1.21764705882353,1.26662523695378
1.21764705882353,-0.579360617277199
1.21764705882353,1.32056111606161
1.21764705882353,1.13233643443843
1.21764705882353,1.30070787601327
1.21764705882353,1.1277706788956
1.21764705882353,1.3885072090288
1.21764705882353,1.16918808430151
1.21764705882353,-0.0197332648639552
1.21764705882353,-0.0827096558238303
1.21764705882353,0.274531862294776
1.21764705882353,1.13911438994329
1.21764705882353,0.756248949494552
1.21764705882353,-2.53862030919994
1.21764705882353,1.69452677442801
1.21764705882353,0.715145823589811
1.21764705882353,-2.52190423801656
1.21764705882353,1.70548492387431
1.21764705882353,0.666581836369193
1.21764705882353,-2.62675970931637
1.21764705882353,1.67362357982377
1.21764705882353,0.810246178901284
1.21764705882353,-2.37649446138891
1.21764705882353,1.90078440601414
1.21764705882353,0.129317342268383
1.21764705882353,1.53669441047783
1.21764705882353,1.52796807377095
1.21764705882353,1.56744681886701
1.21764705882353,1.3135554118597
1.21764705882353,2.95728255377686
1.21764705882353,-1.40927478264869
1.21764705882353,-0.089482656717319
1.21764705882353,0.812240640464747
1.21764705882353,1.1068757847975
1.21764705882353,1.35120900283043
1.21764705882353,-0.111742246843807
1.21764705882353,0.314137708229854
1.21764705882353,2.46514771453181
1.21764705882353,1.12283519400393
1.21764705882353,1.36134921434295
1.21764705882353,0.600257565976715
1.21764705882353,-2.90318904121272
1.21764705882353,2.06878683587027
1.21764705882353,0.127346217231828
1.21764705882353,1.62237853396546
1.21764705882353,1.00475304971563
1.21764705882353,-2.35485942750843
1.21764705882353,1.94672667390231
1.21764705882353,0.0808757936574089
1.21764705882353,1.33050670241879
1.21764705882353,2.88871404766514
1.21764705882353,-0.791086046622706
1.21764705882353,1.38747972904923
1.21764705882353,1.16488700160005
1.21764705882353,-0.0268869087474819
1.21764705882353,-2.03101541022141
1.21764705882353,2.9399169651223
1.21764705882353,-1.13344296667409
1.21764705882353,-0.100186429310238
1.21764705882353,0.366927268944149
1.21764705882353,2.68235464558034
1.21764705882353,0.57807409062681
1.21764705882353,1.14503610677631
1.21764705882353,0.026069575917635
1.21764705882353,0.903458133184525
1.21764705882353,-2.28700172874224
1.21764705882353,2.11781077018897
1.21764705882353,0.309353960003943
1.21764705882353,2.52276137587095
1.21764705882353,1.05039372779005
1.21764705882353,1.19501046179873
1.21764705882353,-0.416510427253495
1.21764705882353,1.40041527107536
1.21764705882353,1.19198414608113
1.21764705882353,-0.3033993394892
1.21764705882353,1.40311433000228
1.21764705882353,1.21517874420256
1.21764705882353,-0.61673675086335
1.22268907563025,-2.55112110569224
1.22268907563025,1.63557946796262
1.22268907563025,0.899161331848159
1.22268907563025,-2.55112110577683
1.22268907563025,1.63557946791127
1.22268907563025,0.899161332104111
1.22268907563025,-2.5511211057287
1.22268907563025,1.63557946793923
1.22268907563025,0.899161331964205
1.22268907563025,-2.55112110575554
1.22268907563025,1.63557946792551
1.22268907563025,0.899161332033369
1.22268907563025,-2.5511211057397
1.22268907563025,1.63557946793334
1.22268907563025,0.899161331994417
1.22268907563025,-2.55112110574915
1.22268907563025,1.63557946792702
1.22268907563025,0.899161332024985
1.22268907563025,-2.55112110574098
1.22268907563025,1.63557946793218
1.22268907563025,0.899161331999505
1.22268907563025,-2.55112110574798
1.22268907563025,1.63557946792983
1.22268907563025,0.899161332009893
1.22268907563025,-2.55112110574084
1.22268907563025,1.6355794679326
1.22268907563025,0.899161331997771
1.22268907563025,-2.55112110574636
1.22268907563025,1.63557946793094
1.22268907563025,0.899161332005431
1.22268907563025,-2.55112110575007
1.22268907563025,1.63557946792826
1.22268907563025,0.899161332017865
1.22268907563025,-2.55112110574537
1.22268907563025,1.63557946793103
1.22268907563025,0.899161332000968
1.22268907563025,-2.55112110575067
1.22268907563025,1.63557946792823
1.22268907563025,0.899161332020679
1.22268907563025,-2.55112110574654
1.22268907563025,1.63557946792861
1.22268907563025,0.899161332020039
1.22268907563025,-2.55112110575036
1.22268907563025,1.63557946792945
1.22268907563025,0.899161332012124
1.22268907563025,-2.55112110574509
1.22268907563025,1.63557946792904
1.22268907563025,0.899161332019784
1.22268907563025,-2.55112110574936
1.22268907563025,1.63557946792703
1.22268907563025,0.899161332027898
1.22268907563025,-2.55112110574227
1.22268907563025,1.63557946793128
1.22268907563025,0.899161331999064
1.22268907563025,-2.55112110574632
1.22268907563025,1.63557946793008
1.22268907563025,0.89916133201184
1.22268907563025,-2.55112110574162
1.22268907563025,1.63557946793239
1.22268907563025,0.89916133199824
1.22268907563025,-2.5511211057509
1.22268907563025,1.63557946792573
1.22268907563025,0.899161332034208
1.22268907563025,-2.55112110574153
1.22268907563025,1.63557946793248
1.22268907563025,0.899161331997984
1.22268907563025,-2.55112110574638
1.22268907563025,1.6355794679299
1.22268907563025,0.899161332010873
1.22268907563025,-2.55112110574327
1.22268907563025,1.63557946793097
1.22268907563025,0.899161332007505
1.22268907563025,-2.55112110574402
1.22268907563025,1.63557946793044
1.22268907563025,0.899161332005388
1.22268907563025,-2.55112110574943
1.22268907563025,1.63557946792685
1.22268907563025,0.899161332027031
1.22268907563025,-2.55112110574393
1.22268907563025,1.63557946793098
1.22268907563025,0.899161332000926
1.22268907563025,-2.55112110574935
1.22268907563025,1.63557946792739
1.22268907563025,0.899161332027116
1.22268907563025,-2.55112110574919
1.22268907563025,1.63557946792971
1.22268907563025,0.899161332011811
1.22268907563025,-2.55112110574733
1.22268907563025,1.63557946792691
1.22268907563025,0.899161332028452
1.22268907563025,-2.55112110574615
1.22268907563025,1.6355794679307
1.22268907563025,0.899161332006894
1.22268907563025,-2.55112110574531
1.22268907563025,1.63557946792904
1.22268907563025,0.899161332015805
1.22268907563025,-2.55112110575243
1.22268907563025,1.63557946792487
1.22268907563025,0.899161332037902
1.22268907563025,-2.55112110574352
1.22268907563025,1.6355794679281
1.22773109243697,1.39879441550936
1.22773109243697,1.32011265932535
1.22773109243697,-0.0427965115381603
1.22773109243697,2.16941681559036
1.22773109243697,1.18971921469884
1.22773109243697,-3.02462016440187
1.22773109243697,2.32361992740485
1.22773109243697,1.39994633082493
1.22773109243697,1.27045316391382
1.22773109243697,-0.121764398703871
1.22773109243697,1.36558328924404
1.22773109243697,1.14679290429671
1.22773109243697,1.38905355126703
1.22773109243697,1.16455390590637
1.22773109243697,2.82241686974363
1.22773109243697,-0.434489506863129
1.22773109243697,1.26162841883985
1.22773109243697,-0.297730413212551
1.22773109243697,1.39986040668415
1.22773109243697,1.30962677096236
1.22773109243697,-0.0173349848259328
1.22773109243697,-0.540317255125824
1.22773109243697,1.40428629762597
1.22773109243697,1.18743716938891
1.22773109243697,-0.0357851392409216
1.22773109243697,2.87738500804862
1.22773109243697,-0.763007437232925
1.22773109243697,1.40402524752052
1.22773109243697,1.27607981413584
1.22773109243697,-0.100304082760186
1.22773109243697,1.2724354224118
1.22773109243697,1.11594899657175
1.22773109243697,1.29328244365901
1.22773109243697,-0.0438644255548475
1.22773109243697,0.979846988984317
1.22773109243697,-2.89539108556217
1.22773109243697,1.86443334789385
1.22773109243697,0.116113158853491
1.22773109243697,1.20051569242148
1.22773109243697,3.01325268375971
1.22773109243697,-2.19232195782946
1.22773109243697,2.36730465739745
1.22773109243697,1.25365615777706
1.22773109243697,-0.11453630161979
1.22773109243697,1.3453106163288
1.22773109243697,1.13748088283387
1.22773109243697,1.39049348101355
1.22773109243697,1.37033944413881
1.22773109243697,1.16182583852855
1.22773109243697,1.10036039886335
1.22773109243697,1.25238146965409
1.22773109243697,-0.191271978967126
1.22773109243697,1.40657356570739
1.22773109243697,1.2243400748141
1.22773109243697,-0.133315046086299
1.22773109243697,1.38595316008737
1.22773109243697,1.16015267798431
1.22773109243697,-0.139063170110642
1.22773109243697,1.17753001112174
1.22773109243697,-0.0173698067361023
1.22773109243697,-0.567479296510815
1.22773109243697,1.39858780027042
1.22773109243697,1.17385488176026
1.22773109243697,-0.0699053378239718
1.22773109243697,0.380437806745608
1.22773109243697,2.31660971749615
1.22773109243697,1.4015829198534
1.22773109243697,1.25227205516446
1.22773109243697,-0.170647110807071
1.22773109243697,1.40595577731142
1.22773109243697,1.20017776362759
1.22773109243697,-0.0245181500862834
1.22773109243697,-0.0709066635486302
1.22773109243697,0.754325780667532
1.22773109243697,-2.73211079438002
1.22773109243697,1.59600811094213
1.22773109243697,0.973914045456429
1.22773109243697,-2.80678086039938
1.22773109243697,1.68345458200197
1.22773109243697,0.575365527793952
1.22773109243697,2.95409999399579
1.22773109243697,-1.61464952965151
1.22773109243697,-0.573719367201701
1.22773109243697,1.39910048381291
1.22773109243697,1.17469895029653
1.22773109243697,-0.0894114744119285
1.22773109243697,0.313310831879786
1.22773109243697,2.05416385398197
1.22773109243697,0.101097506218888
1.22773109243697,1.23187742176329
1.22773109243697,2.88917025624695
1.22773109243697,-0.9946868025207
1.22773109243697,0.162670469523544
1.22773109243697,1.1493241328478
1.22773109243697,0.127364376953334
1.22773109243697,1.1521772613791
1.22773109243697,-1.77563209304737
1.22773109243697,-1.24759972461087
1.22773109243697,-0.0141578630817811
1.22773109243697,-0.401215696369352
1.22773109243697,1.40250252988583
1.2327731092437,-2.82972248686891
1.2327731092437,1.64553597100072
1.2327731092437,0.639741568380732
1.2327731092437,2.9061576233808
1.2327731092437,-1.26295551151506
1.2327731092437,-0.0762190257151438
1.2327731092437,0.568697906946891
1.2327731092437,2.88971789964546
1.2327731092437,-1.10209857230207
1.2327731092437,1.4706709604619
1.2327731092437,1.35227528935839
1.2327731092437,2.05365959365642
1.2327731092437,0.0985993645996395
1.2327731092437,1.10638377406792
1.2327731092437,3.05953911128387
1.2327731092437,-2.752793926939
1.2327731092437,1.54935816152063
1.2327731092437,1.08809260090204
1.2327731092437,3.07463554060073
1.2327731092437,-2.88318708794074
1.2327731092437,1.76092619378811
1.2327731092437,0.272770243334261
1.2327731092437,1.66219940498206
1.2327731092437,0.530035294368343
1.2327731092437,2.59660935178738
1.2327731092437,0.8330603343646
1.2327731092437,1.14836544571776
1.2327731092437,1.40631403350578
1.2327731092437,1.20335601357498
1.2327731092437,-0.0329511072503372
1.2327731092437,-3.1380790955678
1.2327731092437,2.95767081632817
1.2327731092437,-1.72465918568534
1.2327731092437,-1.04757526822523
1.2327731092437,0.0176541615267958
1.2327731092437,0.607031655936137
1.2327731092437,2.85741679196305
1.2327731092437,-0.797772710258204
1.2327731092437,1.40803309536371
1.2327731092437,1.23834278905742
1.2327731092437,-0.0428213275706675
1.2327731092437,2.30432886508884
1.2327731092437,1.4033886359571
1.2327731092437,1.18957057358031
1.2327731092437,-0.104194265998448
1.2327731092437,0.23003736995793
1.2327731092437,1.58342935420029
1.2327731092437,0.847558499507688
1.2327731092437,-3.04407862629416
1.2327731092437,2.30780608875935
1.2327731092437,1.33750742074821
1.2327731092437,1.13286702637667
1.2327731092437,1.32279466227132
1.2327731092437,-0.0975250118843967
1.2327731092437,0.293776179784512
1.2327731092437,1.86549956813946
1.2327731092437,0.0782170897033403
1.2327731092437,0.949145582793623
1.2327731092437,-3.00370417876632
1.2327731092437,2.12733820324982
1.2327731092437,0.509465997152336
1.2327731092437,2.71936349493256
1.2327731092437,0.263891659793206
1.2327731092437,1.15982460461289
1.2327731092437,0.247211775902816
1.2327731092437,1.14342395925828
1.2327731092437,1.40611511064965
1.2327731092437,1.20006313520926
1.2327731092437,-0.048174917779793
1.2327731092437,1.67453599333396
1.2327731092437,0.560673031417164
1.2327731092437,2.69042002120229
1.2327731092437,0.428555992697238
1.2327731092437,1.15135080656608
1.2327731092437,1.34515890157696
1.2327731092437,1.13554678732728
1.2327731092437,1.33511830266891
1.2327731092437,-0.00399912237491051
1.2327731092437,0.537662740324013
1.2327731092437,2.65845387693893
1.2327731092437,0.588064536065321
1.2327731092437,1.14601351860271
1.2327731092437,1.40643727264908
1.2327731092437,1.20702776746515
1.2327731092437,-0.0218906837865838
1.2327731092437,-1.48336122037627
1.2327731092437,-0.292930298533211
1.2327731092437,1.38926145929299
1.2327731092437,1.38336106647516
1.2327731092437,1.39668986153962
1.2327731092437,1.30701818290715
1.2327731092437,-0.0395451680437056
1.2327731092437,2.3947718320698
1.2327731092437,1.20075765682266
1.2327731092437,-0.0951327274845006
1.2327731092437,0.317166994288986
1.2327731092437,1.96342932409797
1.2327731092437,0.0185774454458034
1.2327731092437,0.776068069948646
1.2327731092437,-3.0840996534529
1.2327731092437,2.51872165072273
1.23781512605042,-0.0147016796710986
1.23781512605042,-0.35524901515792
1.23781512605042,1.38447883879294
1.23781512605042,1.39544428371324
1.23781512605042,1.30788775375916
1.23781512605042,-0.0931346971650533
1.23781512605042,0.295425862231195
1.23781512605042,1.71281081203821
1.23781512605042,0.315325525572089
1.23781512605042,1.66023045493136
1.23781512605042,0.464617746518574
1.23781512605042,2.18132925896449
1.23781512605042,2.96499918455487
1.23781512605042,-1.83774364799003
1.23781512605042,-1.68607302498298
1.23781512605042,-1.05578046218356
1.23781512605042,0.13498221321824
1.23781512605042,0.912195285082955
1.23781512605042,3.05114104980024
1.23781512605042,-2.8139153736928
1.23781512605042,1.55423914125159
1.23781512605042,0.936252840284194
1.23781512605042,3.0203857057556
1.23781512605042,-2.53049038214651
1.23781512605042,1.49680744620891
1.23781512605042,1.24313593038282
1.23781512605042,2.35159359157439
1.23781512605042,1.25016923023699
1.23781512605042,-0.026579928362171
1.23781512605042,-2.31801698050619
1.23781512605042,1.81297412398327
1.23781512605042,0.142936866883442
1.23781512605042,1.05422490759384
1.23781512605042,2.92723174803896
1.23781512605042,-1.59757361843615
1.23781512605042,-0.389796030752816
1.23781512605042,1.385147431944
1.23781512605042,1.39292127912067
1.23781512605042,1.32496931821801
1.23781512605042,0.028951191639603
1.23781512605042,0.571722686654827
1.23781512605042,2.54427345040834
1.23781512605042,0.968979875094522
1.23781512605042,1.16116317440598
1.23781512605042,1.40254806561403
1.23781512605042,1.1772298206996
1.23781512605042,0.808041493410773
1.23781512605042,1.09460446218626
1.23781512605042,1.22080683961881
1.23781512605042,-0.0325094936477761
1.23781512605042,3.11611556254288
1.23781512605042,3.04541458350894
1.23781512605042,-2.71408455915684
1.23781512605042,1.45786821652753
1.23781512605042,1.4320979639963
1.23781512605042,1.44646524822212
1.23781512605042,1.3734827808427
1.23781512605042,1.74604323094985
1.23781512605042,0.234682237126311
1.23781512605042,1.37129455211882
1.23781512605042,1.77428595500674
1.23781512605042,0.17923222673377
1.23781512605042,1.17739011299337
1.23781512605042,2.61705808467152
1.23781512605042,0.734224794427764
1.23781512605042,1.14443189628467
1.23781512605042,1.36036330988357
1.23781512605042,1.15453839310666
1.23781512605042,1.08917395960481
1.23781512605042,1.21156404113216
1.23781512605042,-0.063901029152408
1.23781512605042,0.855557626837953
1.23781512605042,-3.07312834924309
1.23781512605042,2.34364692948564
1.23781512605042,1.29368205619959
1.23781512605042,-0.0696100622215816
1.23781512605042,0.691322626383933
1.23781512605042,2.98605444940073
1.23781512605042,-2.19353410621979
1.23781512605042,2.3558573005717
1.23781512605042,1.2754925178981
1.23781512605042,-0.0351377045091006
1.23781512605042,2.79077380476373
1.23781512605042,-0.198475086836385
1.23781512605042,1.20323849424092
1.23781512605042,-0.0313440070991469
1.23781512605042,-3.01278448727538
1.23781512605042,2.12337054051525
1.23781512605042,0.49083279585216
1.23781512605042,2.45240687696322
1.23781512605042,1.13062098174145
1.23781512605042,1.25483051971161
1.23781512605042,-0.0139578136179814
1.23781512605042,-0.163848343670484
1.23781512605042,1.40393072384861
1.23781512605042,1.26656708709291
1.23781512605042,-0.0164690139146764
1.23781512605042,-0.677920158754223
1.23781512605042,1.38698521145986
1.23781512605042,1.1555155072015
1.23781512605042,1.38931101547125
1.24285714285714,-0.0156742615694441
1.24285714285714,-0.670584692234671
1.24285714285714,1.40707274691959
1.24285714285714,1.17652674669958
1.24285714285714,1.39164541374935
1.24285714285714,1.15897384760683
1.24285714285714,1.35982594016992
1.24285714285714,1.32823935743421
1.24285714285714,1.12046255832363
1.24285714285714,1.23733156654972
1.24285714285714,-0.0695251844347489
1.24285714285714,0.63730496167447
1.24285714285714,2.65072957431536
1.24285714285714,0.556518339777416
1.24285714285714,1.14584484211573
1.24285714285714,1.33000551027592
1.24285714285714,2.2384183611357
1.24285714285714,-0.0142092604449182
1.24285714285714,-0.0116852660242479
1.24285714285714,-0.0363561081429999
1.24285714285714,-1.49809860254942
1.24285714285714,-0.0400545317551568
1.24285714285714,0.254234140857189
1.24285714285714,1.14263592525686
1.24285714285714,1.32833964298244
1.24285714285714,1.7218013979711
1.24285714285714,0.230296337815876
1.24285714285714,1.22308834625352
1.24285714285714,2.23205586815627
1.24285714285714,-0.110742731279995
1.24285714285714,1.41049728416138
1.24285714285714,1.1904996696519
1.24285714285714,0.508519983545579
1.24285714285714,1.11811349374429
1.24285714285714,1.24697322967999
1.24285714285714,-0.0569364078044039
1.24285714285714,1.05384914504303
1.24285714285714,2.88432541371507
1.24285714285714,-1.2772365353145
1.24285714285714,-0.0924690700528537
1.24285714285714,0.248363697352598
1.24285714285714,1.39069804362601
1.24285714285714,1.5001659447025
1.24285714285714,0.979565909100732
1.24285714285714,2.76443595871403
1.24285714285714,-0.170751183192703
1.24285714285714,1.19932371521193
1.24285714285714,-0.0690161349539586
1.24285714285714,0.246157417661625
1.24285714285714,1.3218853161169
1.24285714285714,1.82154375082826
1.24285714285714,0.0793586169981317
1.24285714285714,0.757759178862482
1.24285714285714,2.71864721639469
1.24285714285714,0.163074533418719
1.24285714285714,1.16779066303364
1.24285714285714,1.36937988383415
1.24285714285714,1.14144212100326
1.24285714285714,1.28516746003034
1.24285714285714,-0.0824705628464351
1.24285714285714,0.386157275957256
1.24285714285714,1.88757874145159
1.24285714285714,0.0196925484914594
1.24285714285714,0.600141325962333
1.24285714285714,2.41096232717065
1.24285714285714,1.1710406477086
1.24285714285714,1.38289123122388
1.24285714285714,1.37242522606561
1.24285714285714,1.40823552462463
1.24285714285714,1.21984713504854
1.24285714285714,-0.0868718877312169
1.24285714285714,0.202992292572983
1.24285714285714,1.18878533685423
1.24285714285714,2.35325875533232
1.24285714285714,1.242562652109
1.24285714285714,-0.0965046433135193
1.24285714285714,0.216633392056696
1.24285714285714,1.27359451610135
1.24285714285714,2.03291324338234
1.24285714285714,0.0476710925822861
1.24285714285714,0.735383061767646
1.24285714285714,2.68684909558877
1.24285714285714,0.361732852954479
1.24285714285714,1.15497801767154
1.24285714285714,1.38379178927509
1.24285714285714,1.36791997860611
1.24285714285714,1.40601411277568
1.24285714285714,1.1809250169042
1.24285714285714,1.31546859742198
1.24285714285714,1.1153479281581
1.24285714285714,1.22989178197707
1.24285714285714,-0.08457430460955
1.24285714285714,0.355536146706317
1.24285714285714,1.77919376228935
1.24285714285714,0.139559913044739
1.24285714285714,0.934864461885265
1.24285714285714,2.81512680413015
1.24285714285714,-0.601360485369728
1.24285714285714,1.30537875672464
1.24285714285714,-0.0901811349691677
1.24285714285714,0.284868097851938
1.24789915966387,0.474613524926408
1.24789915966387,2.02194404860909
1.24789915966387,0.024819893463313
1.24789915966387,0.592594877044039
1.24789915966387,2.19184330468408
1.24789915966387,-1.88398712740196
1.24789915966387,-2.20394391624842
1.24789915966387,2.16867563536143
1.24789915966387,1.71590540772688
1.24789915966387,0.262191967455298
1.24789915966387,1.19743763202748
1.24789915966387,2.11042927477819
1.24789915966387,0.495423605729183
1.24789915966387,2.08442030460779
1.24789915966387,0.234239527962242
1.24789915966387,1.24133174287563
1.24789915966387,1.95830430515114
1.24789915966387,-0.0145746052026503
1.24789915966387,0.468664490644041
1.24789915966387,1.86188170249561
1.24789915966387,0.0211086841934609
1.24789915966387,0.531123826235248
1.24789915966387,2.03539308513944
1.24789915966387,0.0473828270049985
1.24789915966387,0.658714642989008
1.24789915966387,2.33749303067731
1.24789915966387,1.27744027276996
1.24789915966387,0.047880882719749
1.24789915966387,0.491255369990089
1.24789915966387,1.92462639475124
1.24789915966387,-0.011278439650436
1.24789915966387,0.466052380666394
1.24789915966387,1.85420722495084
1.24789915966387,0.0271162810253678
1.24789915966387,0.544824986792509
1.24789915966387,2.07158804660387
1.24789915966387,0.161881633557531
1.24789915966387,1.00777853885816
1.24789915966387,2.53493432517358
1.24789915966387,0.965842434729463
1.24789915966387,1.15755665444408
1.24789915966387,1.32509526563545
1.24789915966387,-1.62160430642409
1.24789915966387,-0.26110123979667
1.24789915966387,1.36288944189243
1.24789915966387,1.38984404644501
1.24789915966387,1.15364042306613
1.24789915966387,1.29563605099263
1.24789915966387,0.0759013081053475
1.24789915966387,0.56497497978172
1.24789915966387,2.1221805656522
1.24789915966387,0.677571636321485
1.24789915966387,2.54420688386172
1.24789915966387,0.941290599885402
1.24789915966387,1.15393144585349
1.24789915966387,1.31080953073412
1.24789915966387,0.985947202069109
1.24789915966387,2.45649140605142
1.24789915966387,1.11960738388047
1.24789915966387,1.21377936304639
1.24789915966387,2.29080237397061
1.24789915966387,1.40061276221237
1.24789915966387,1.1676384185455
1.24789915966387,1.35600771953987
1.24789915966387,1.36958292547668
1.24789915966387,1.13732036726554
1.24789915966387,1.2517524771877
1.24789915966387,-0.0877487905119345
1.24789915966387,0.170938313627513
1.24789915966387,0.979092061229
1.24789915966387,2.56310584401897
1.24789915966387,0.883776152669004
1.24789915966387,1.14766470526206
1.24789915966387,1.28986064917823
1.24789915966387,-0.0118524049682627
1.24789915966387,0.342012009446474
1.24789915966387,1.48010124731919
1.24789915966387,0.954447787465806
1.24789915966387,2.55709673361639
1.24789915966387,0.902677018107493
1.24789915966387,1.14942085099667
1.24789915966387,1.29524730126604
1.24789915966387,0.0671621586824891
1.24789915966387,0.541734571747231
1.24789915966387,2.06227246413088
1.24789915966387,0.122069836075813
1.24789915966387,0.883293650507792
1.24789915966387,2.59514843819504
1.24789915966387,0.770764370130305
1.24789915966387,1.14187968494304
1.24789915966387,1.27536872440769
1.24789915966387,-0.082267425413324
1.24789915966387,0.181386094964186
1.24789915966387,1.00547037359658
1.24789915966387,2.53707694888151
1.24789915966387,0.960145762021934
1.24789915966387,1.15665665911348
1.24789915966387,1.32140422091338
1.24789915966387,-2.79762870095565
1.24789915966387,1.3974753564447
1.24789915966387,1.40738842831269
1.25294117647059,0.080540617587932
1.25294117647059,0.678603224120234
1.25294117647059,2.17477920254617
1.25294117647059,-2.93448415048675
1.25294117647059,1.58624102144644
1.25294117647059,0.524867529453534
1.25294117647059,1.80984380020328
1.25294117647059,0.0484701000186512
1.25294117647059,0.525321184942978
1.25294117647059,1.8398269275245
1.25294117647059,0.0211472321971762
1.25294117647059,0.466155078991822
1.25294117647059,1.68510588664727
1.25294117647059,0.236650321059773
1.25294117647059,1.00610545476722
1.25294117647059,2.31866573787733
1.25294117647059,1.33108722907259
1.25294117647059,1.14802687979425
1.25294117647059,1.06498045519032
1.25294117647059,1.18528495915738
1.25294117647059,1.40300907834391
1.25294117647059,1.2522710540019
1.25294117647059,0.979789814210523
1.25294117647059,2.24923301690269
1.25294117647059,-0.0909453260792823
1.25294117647059,0.189122538918017
1.25294117647059,0.962172418409008
1.25294117647059,2.35842846837166
1.25294117647059,1.22909473650381
1.25294117647059,0.418167503069956
1.25294117647059,1.12225032169207
1.25294117647059,1.22907102901054
1.25294117647059,-2.34031987251257
1.25294117647059,1.83671723918217
1.25294117647059,0.0386731276366952
1.25294117647059,0.503351866954123
1.25294117647059,1.78358456070799
1.25294117647059,0.0777470426977125
1.25294117647059,0.592689071918908
1.25294117647059,2.00086184082156
1.25294117647059,-0.00368405150092954
1.25294117647059,0.453250714959285
1.25294117647059,1.65067709651982
1.25294117647059,0.312296953768485
1.25294117647059,1.22025320586567
1.25294117647059,1.836810471613
1.25294117647059,0.0229111167830744
1.25294117647059,0.469860321004351
1.25294117647059,1.69507732422656
1.25294117647059,0.21676304828053
1.25294117647059,0.951058124026144
1.25294117647059,2.36435542475593
1.25294117647059,1.22049126885987
1.25294117647059,1.06427040688623
1.25294117647059,1.0613929867664
1.25294117647059,1.18430770843409
1.25294117647059,1.39975144278536
1.25294117647059,1.26597926056933
1.25294117647059,0.683481641299682
1.25294117647059,2.07595413503226
1.25294117647059,0.194191176093145
1.25294117647059,1.00304629158091
1.25294117647059,2.32300674277447
1.25294117647059,1.31489317640225
1.25294117647059,0.265818564460549
1.25294117647059,1.13949095578404
1.25294117647059,1.25970735394138
1.25294117647059,0.508818944266029
1.25294117647059,1.68552545688162
1.25294117647059,0.235631749837527
1.25294117647059,1.00327088882045
1.25294117647059,2.32179844133508
1.25294117647059,1.31927054643668
1.25294117647059,0.6082773410422
1.25294117647059,1.0994931976323
1.25294117647059,1.20630047943697
1.25294117647059,1.1975807314906
1.25294117647059,1.07069059949044
1.25294117647059,1.18734548335105
1.25294117647059,1.40866134671019
1.25294117647059,1.22764904394731
1.25294117647059,-1.01762931313118
1.25294117647059,1.38697984876795
1.25294117647059,1.14293963939169
1.25294117647059,1.24601179233155
1.25294117647059,0.982252613980901
1.25294117647059,2.24723708531456
1.25294117647059,-0.0796567980314755
1.25294117647059,0.33910216037064
1.25294117647059,1.42624085458471
1.25294117647059,1.04998754455718
1.25294117647059,2.23992242709771
1.25294117647059,-0.0238004279918691
1.25294117647059,-2.10589164926402
1.25294117647059,2.65097221316257
1.25294117647059,0.549965796007388
1.25294117647059,1.14321534974524
1.25294117647059,1.26174364261064
1.25294117647059,0.492818216598668
1.25294117647059,1.64339743692568
1.25294117647059,0.329485972261683
1.25798319327731,1.3548991962094
1.25798319327731,1.18926725370152
1.25798319327731,1.73200840451899
1.25798319327731,0.118304756370183
1.25798319327731,0.613636336059809
1.25798319327731,1.8642604379407
1.25798319327731,-0.0106642952032026
1.25798319327731,0.350074709682136
1.25798319327731,1.22773052751611
1.25798319327731,1.63092399804679
1.25798319327731,0.304257897726028
1.25798319327731,1.07742688097094
1.25798319327731,2.00861347705637
1.25798319327731,0.000191460130697152
1.25798319327731,0.411765057374605
1.25798319327731,1.38922651806911
1.25798319327731,1.06314297141997
1.25798319327731,2.01657759779515
1.25798319327731,0.0106906499217523
1.25798319327731,0.436871494197508
1.25798319327731,1.45386382871362
1.25798319327731,0.829895480123316
1.25798319327731,2.13367643242564
1.25798319327731,1.15381293997644
1.25798319327731,2.0303942554124
1.25798319327731,0.0348943272020286
1.25798319327731,0.494855645986444
1.25798319327731,1.59900828802254
1.25798319327731,0.3837797210366
1.25798319327731,1.28730733049499
1.25798319327731,1.43252297760584
1.25798319327731,0.898191769974066
1.25798319327731,2.15272931048954
1.25798319327731,2.04791653311007
1.25798319327731,0.0320264250039024
1.25798319327731,0.488113900667631
1.25798319327731,1.58251220238872
1.25798319327731,0.426789578509517
1.25798319327731,1.39971743172132
1.25798319327731,1.02452562868041
1.25798319327731,2.07269591191382
1.25798319327731,0.188034835939607
1.25798319327731,0.886864622061193
1.25798319327731,2.17336240939185
1.25798319327731,-2.7208051944464
1.25798319327731,1.23521158917356
1.25798319327731,1.72607997597199
1.25798319327731,0.126883729183913
1.25798319327731,0.633373701105658
1.25798319327731,1.90273621245646
1.25798319327731,-0.0272603682163997
1.25798319327731,0.325102380507598
1.25798319327731,1.16249727476819
1.25798319327731,1.81962946960214
1.25798319327731,0.0197615234289579
1.25798319327731,0.40494576612512
1.25798319327731,1.37093206426164
1.25798319327731,1.13044624354248
1.25798319327731,1.88329908415715
1.25798319327731,-0.0203342676707514
1.25798319327731,0.334697647574647
1.25798319327731,1.187526534683
1.25798319327731,1.75128937556703
1.25798319327731,0.091968555591091
1.25798319327731,0.5544317022181
1.25798319327731,1.73819053520853
1.25798319327731,0.110814195674141
1.25798319327731,0.596568556217459
1.25798319327731,1.82947491279086
1.25798319327731,0.0124393542878884
1.25798319327731,0.391118205886944
1.25798319327731,1.33498483137496
1.25798319327731,1.26228935777499
1.25798319327731,1.50599390527102
1.25798319327731,0.648310654343209
1.25798319327731,1.90675855352647
1.25798319327731,-0.0284227024833648
1.25798319327731,0.323740519581857
1.25798319327731,1.15895320790027
1.25798319327731,1.82886644102886
1.25798319327731,0.0123699669837301
1.25798319327731,0.391000949188278
1.25798319327731,1.33467957258494
1.25798319327731,1.26340118660302
1.25798319327731,1.50228481934122
1.25798319327731,0.660250921337305
1.25798319327731,1.92829730289118
1.25798319327731,-0.0325409961541432
1.25798319327731,0.32086137589204
1.25798319327731,1.15151178905424
1.25798319327731,1.84789547934126
1.25798319327731,-0.00116847550116361
1.25798319327731,0.366403675051263
1.25798319327731,1.27045299321821
1.25798319327731,1.49079102723387
1.25798319327731,0.697754305736719
1.25798319327731,1.99057688476325
1.25798319327731,-0.0172119934821104
1.25798319327731,0.369499657072527
1.25798319327731,1.27904435200788
1.25798319327731,1.46135344503367
1.26302521008403,0.277647195177753
1.26302521008403,0.931592525121214
1.26302521008403,1.97016769324194
1.26302521008403,-0.0341572391903107
1.26302521008403,0.287743405999823
1.26302521008403,0.955546244779793
1.26302521008403,1.95885746143981
1.26302521008403,-0.0380153378808963
1.26302521008403,0.277817416486091
1.26302521008403,0.931995541003328
1.26302521008403,1.97002057061428
1.26302521008403,-0.0342190507953184
1.26302521008403,0.28759218839706
1.26302521008403,0.955186732369395
1.26302521008403,1.9590660324723
1.26302521008403,-0.0379596641678894
1.26302521008403,0.277971185445342
1.26302521008403,0.932359629009266
1.26302521008403,1.96988639677318
1.26302521008403,-0.0342751392812239
1.26302521008403,0.287454820342919
1.26302521008403,0.954860165723357
1.26302521008403,1.95925445869236
1.26302521008403,-0.0379088958314959
1.26302521008403,0.278110991372291
1.26302521008403,0.932690676276064
1.26302521008403,1.96976335897063
1.26302521008403,-0.0343263359027652
1.26302521008403,0.287329305494485
1.26302521008403,0.95456179378699
1.26302521008403,1.95942575867153
1.26302521008403,-0.0378623520444457
1.26302521008403,0.278238824581724
1.26302521008403,0.932993390277129
1.26302521008403,1.96964998417457
1.26302521008403,-0.0343733116244245
1.26302521008403,0.287214030265364
1.26302521008403,0.954287776748924
1.26302521008403,1.95958235446105
1.26302521008403,-0.0378194778236356
1.26302521008403,0.278356298417538
1.26302521008403,0.93327158721733
1.26302521008403,1.96954506081176
1.26302521008403,-0.0344166149036802
1.26302521008403,0.287107674010475
1.26302521008403,0.9540349721408
1.26302521008403,1.95972621504714
1.26302521008403,-0.0377798155264522
1.26302521008403,0.278464736588791
1.26302521008403,0.933528398438266
1.26302521008403,1.96944758164887
1.26302521008403,-0.0344566990838509
1.26302521008403,0.28700914382414
1.26302521008403,0.953800779574816
1.26302521008403,1.9598589597243
1.26302521008403,-0.0377429838914658
1.26302521008403,0.278565236922095
1.26302521008403,0.933766421153717
1.26302521008403,1.96935670120019
1.26302521008403,-0.0344939426668454
1.26302521008403,0.286917526215451
1.26302521008403,0.953583025706177
1.26302521008403,1.95998193408096
1.26302521008403,-0.0377086623413483
1.26302521008403,0.27865871874106
1.26302521008403,0.933987830416054
1.26302521008403,1.96927170364052
1.26302521008403,-0.0345286645064995
1.26302521008403,0.286832050845806
1.26302521008403,0.953379877871907
1.26302521008403,1.96009626666509
1.26302521008403,-0.0376765790814524
1.26302521008403,0.278745958592385
1.26302521008403,0.934194463601596
1.26302521008403,1.96919197815822
1.26302521008403,-0.0345611353975848
1.26302521008403,0.286752062839458
1.26302521008403,0.95318977818307
1.26302521008403,1.96020291202129
1.26302521008403,-0.037646501919145
1.26302521008403,0.278827617624149
1.26302521008403,0.934387885138317
1.26302521008403,1.96911699981672
1.26302521008403,-0.0345915870399018
1.26302521008403,0.28667700134945
1.26302521008403,0.953011392534062
1.26302521008403,1.96030268368415
1.26302521008403,-0.0376182311279116
1.26302521008403,0.278904262760324
1.26302521008403,0.934569436576378
1.26302521008403,1.96904631456602
1.26302521008403,-0.0346202190015994
1.26302521008403,0.286606382886124
1.26302521008403,0.952843570851098
1.26302521008403,1.96039627983797
1.26302521008403,-0.0375915938300899
1.26302521008403,0.278976383314063
1.26302521008403,0.934740275873747
1.26302521008403,1.9689795273273
1.26302521008403,-0.0346472042515167
1.26302521008403,0.286539788038727
1.26806722689076,0.289767657307454
1.26806722689076,0.858801258932527
1.26806722689076,1.79086699134109
1.26806722689076,0.0100661719340245
1.26806722689076,0.289767590958537
1.26806722689076,0.858801114477227
1.26806722689076,1.7908669582275
1.26806722689076,0.0100661985874204
1.26806722689076,0.289767632289358
1.26806722689076,0.858801204460899
1.26806722689076,1.79086697885345
1.26806722689076,0.0100661819851346
1.26806722689076,0.289767606545855
1.26806722689076,0.858801148412237
1.26806722689076,1.79086696600908
1.26806722689076,0.0100661923239009
1.26806722689076,0.289767622577035
1.26806722689076,0.858801183314977
1.26806722689076,1.79086697400533
1.26806722689076,0.0100661858880606
1.26806722689076,0.28976761259678
1.26806722689076,0.858801161586097
1.26806722689076,1.79086696902741
1.26806722689076,0.0100661898945837
1.26806722689076,0.289767618809169
1.26806722689076,0.858801175114575
1.26806722689076,1.79086697212398
1.26806722689076,0.0100661874018577
1.26806722689076,0.289767614944129
1.26806722689076,0.858801166697742
1.26806722689076,1.79086697019912
1.26806722689076,0.0100661889516083
1.26806722689076,0.289767617347326
1.26806722689076,0.858801171929581
1.26806722689076,1.79086697138962
1.26806722689076,0.0100661879929724
1.26806722689076,0.289767615860729
1.26806722689076,0.858801168697095
1.26806722689076,1.7908669706562
1.26806722689076,0.0100661885844566
1.26806722689076,0.289767616779177
1.26806722689076,0.858801170693862
1.26806722689076,1.79086697111274
1.26806722689076,0.0100661882160828
1.26806722689076,0.289767616207985
1.26806722689076,0.8588011694501
1.26806722689076,1.79086697082474
1.26806722689076,0.0100661884483166
1.26806722689076,0.289767616567207
1.26806722689076,0.8588011702311
1.26806722689076,1.79086697100513
1.26806722689076,0.0100661883022006
1.26806722689076,0.289767616340601
1.26806722689076,0.858801169739262
1.26806722689076,1.79086697089346
1.26806722689076,0.0100661883925532
1.26806722689076,0.289767616480635
1.26806722689076,0.858801170040959
1.26806722689076,1.7908669709604
1.26806722689076,0.0100661883386373
1.26806722689076,0.28976761639807
1.26806722689076,0.858801169865057
1.26806722689076,1.79086697092115
1.26806722689076,0.0100661883701001
1.26806722689076,0.289767616445221
1.26806722689076,0.858801169970757
1.26806722689076,1.79086697095022
1.26806722689076,0.0100661883466522
1.26806722689076,0.289767616411428
1.26806722689076,0.858801169893763
1.26806722689076,1.79086697092257
1.26806722689076,0.0100661883703843
1.26806722689076,0.289767616444028
1.26806722689076,0.858801169969109
1.26806722689076,1.79086697094198
1.26806722689076,0.010066188354326
1.26806722689076,0.289767616419784
1.26806722689076,0.858801169908485
1.26806722689076,1.7908669709282
1.26806722689076,0.0100661883646431
1.26806722689076,0.289767616439423
1.26806722689076,0.858801169952681
1.26806722689076,1.79086697093851
1.26806722689076,0.0100661883560882
1.26806722689076,0.289767616426548
1.26806722689076,0.858801169926618
1.26806722689076,1.79086697094224
1.26806722689076,0.0100661883536723
1.26806722689076,0.289767616420722
1.26806722689076,0.858801169911924
1.26806722689076,1.79086697093163
1.26806722689076,0.0100661883626252
1.26806722689076,0.289767616434677
1.26806722689076,0.858801169942932
1.26806722689076,1.79086697094695
1.26806722689076,0.0100661883495228
1.26806722689076,0.289767616414753
1.26806722689076,0.858801169897088
1.26806722689076,1.79086697092885
1.26806722689076,0.0100661883646147
1.26806722689076,0.28976761643894
1.27310924369748,0.666258499672228
1.27310924369748,1.46308538865172
1.27310924369748,0.533792882896822
1.27310924369748,1.23120512137384
1.27310924369748,1.15960746903527
1.27310924369748,1.31747967536553
1.27310924369748,0.925070383719092
1.27310924369748,1.60386813807235
1.27310924369748,0.223763012914578
1.27310924369748,0.614826241020449
1.27310924369748,1.38763431248487
1.27310924369748,0.735433480406837
1.27310924369748,1.52926798138275
1.27310924369748,0.374691328400683
1.27310924369748,0.917891938659327
1.27310924369748,1.61876733032016
1.27310924369748,0.197860191336833
1.27310924369748,0.565217129750845
1.27310924369748,1.30533482830197
1.27310924369748,0.963761979095604
1.27310924369748,1.58654613207868
1.27310924369748,0.255502937219898
1.27310924369748,0.676930392485335
1.27310924369748,1.47728259529947
1.27310924369748,0.497961550832674
1.27310924369748,1.16392372382522
1.27310924369748,1.31682907925944
1.27310924369748,0.926823959855906
1.27310924369748,1.60334033996331
1.27310924369748,0.224701245571065
1.27310924369748,0.616642414574844
1.27310924369748,1.39048235602518
1.27310924369748,0.727579067907488
1.27310924369748,1.52114936751012
1.27310924369748,0.393023475569525
1.27310924369748,0.955254179672945
1.27310924369748,1.60376938584402
1.27310924369748,0.223847596226801
1.27310924369748,0.614990392163893
1.27310924369748,1.38789224723018
1.27310924369748,0.734721656051779
1.27310924369748,1.52854652886291
1.27310924369748,0.376305910243961
1.27310924369748,0.921185945739321
1.27310924369748,1.61788775670447
1.27310924369748,0.199342849728293
1.27310924369748,0.568027788644404
1.27310924369748,1.31021254336377
1.27310924369748,0.950353892858022
1.27310924369748,1.59388940239249
1.27310924369748,0.241814413764136
1.27310924369748,0.649985195927936
1.27310924369748,1.44043029074571
1.27310924369748,0.592588057039574
1.27310924369748,1.33437306306459
1.27310924369748,0.883359283772503
1.27310924369748,1.60939084445012
1.27310924369748,0.214118917266926
1.27310924369748,0.596233027194959
1.27310924369748,1.35777532521339
1.27310924369748,0.818301415125791
1.27310924369748,1.59225404905693
1.27310924369748,0.245284151745896
1.27310924369748,0.656790951738284
1.27310924369748,1.45004938552639
1.27310924369748,0.567398185747361
1.27310924369748,1.29142923443101
1.27310924369748,1.00162270839658
1.27310924369748,1.55800899698902
1.27310924369748,0.311828030015317
1.27310924369748,0.789824122702701
1.27310924369748,1.59042151405572
1.27310924369748,0.248803087631945
1.27310924369748,0.663710446833573
1.27310924369748,1.45961707044097
1.27310924369748,0.542670756278508
1.27310924369748,1.24741180832915
1.27310924369748,1.11837501605283
1.27310924369748,1.39817957923609
1.27310924369748,0.70283146861885
1.27310924369748,1.49337580495406
1.27310924369748,0.458332588956505
1.27310924369748,1.08667247145297
1.27310924369748,1.46202477852753
1.27310924369748,0.534044508016837
1.27310924369748,1.23167700379572
1.27310924369748,1.15842287661187
1.27310924369748,1.31995678990688
1.27310924369748,0.918273611640434
1.27310924369748,1.60568698391834
1.27310924369748,0.220545129558847
1.27310924369748,0.608607030519206
1.27310924369748,1.37778750827612
1.27310924369748,0.762672036811306
1.27310924369748,1.55466588524101
1.27310924369748,0.319711542844455
1.27310924369748,0.805812826870767
1.27310924369748,1.60026444552043
1.27310924369748,0.230626505850072
1.27310924369748,0.628139142396346
1.27310924369748,1.4082146751703
1.2781512605042,1.38570043469538
1.2781512605042,0.647775103141253
1.2781512605042,1.2816788385552
1.2781512605042,0.911117137762201
1.2781512605042,1.450244717845
1.2781512605042,0.492033402793435
1.2781512605042,1.036151501788
1.2781512605042,1.37780302934618
1.2781512605042,0.66742965379753
1.2781512605042,1.3069894973219
1.2781512605042,0.848243221765703
1.2781512605042,1.44837944656066
1.2781512605042,0.496745951793049
1.2781512605042,1.04444615991691
1.2781512605042,1.36816858915134
1.2781512605042,0.691499946414236
1.2781512605042,1.33572425438532
1.2781512605042,0.775840262601474
1.2781512605042,1.41388382044409
1.2781512605042,0.579841536139636
1.2781512605042,1.18307516865666
1.2781512605042,1.13760434720298
1.2781512605042,1.21978774859574
1.2781512605042,1.05250004214133
1.2781512605042,1.34976793144644
1.2781512605042,0.737693050555588
1.2781512605042,1.3831722139841
1.2781512605042,0.656056395323244
1.2781512605042,1.29252941296237
1.2781512605042,0.884306200030448
1.2781512605042,1.45281205004838
1.2781512605042,0.486190605875603
1.2781512605042,1.0258144573581
1.2781512605042,1.3891028387428
1.2781512605042,0.639333107584893
1.2781512605042,1.27032862010108
1.2781512605042,0.938880147642681
1.2781512605042,1.44214739368983
1.2781512605042,0.510907491243049
1.2781512605042,1.06914297291632
1.2781512605042,1.33652837891715
1.2781512605042,0.770893984158459
1.2781512605042,1.41037377491222
1.2781512605042,0.588461185191445
1.2781512605042,1.19643796458614
1.2781512605042,1.10927877914595
1.2781512605042,1.26844491226862
1.2781512605042,0.939210203523597
1.2781512605042,1.44203507289861
1.2781512605042,0.511171035916941
1.2781512605042,1.06959902469828
1.2781512605042,1.33590299515313
1.2781512605042,0.772463636339513
1.2781512605042,1.41150672867657
1.2781512605042,0.585676064789684
1.2781512605042,1.19214480933544
1.2781512605042,1.11847635232325
1.2781512605042,1.25320974728701
1.2781512605042,0.975540900647676
1.2781512605042,1.42280993798803
1.2781512605042,0.556926629167027
1.2781512605042,1.14651662808275
1.2781512605042,1.21020861637263
1.2781512605042,1.07370991788906
1.2781512605042,1.32203267322048
1.2781512605042,0.807267050939327
1.2781512605042,1.43288571568224
1.2781512605042,0.533688515488873
1.2781512605042,1.10803946782157
1.2781512605042,1.27798480207077
1.2781512605042,0.916099520434589
1.2781512605042,1.44921973361749
1.2781512605042,0.494403085869767
1.2781512605042,1.04032791587921
1.2781512605042,1.37301494059642
1.2781512605042,0.679380966744215
1.2781512605042,1.32157955717797
1.2781512605042,0.811568358011993
1.2781512605042,1.43500367042865
1.2781512605042,0.528601582957489
1.2781512605042,1.09944873313141
1.2781512605042,1.29180616869926
1.2781512605042,0.882293671196638
1.2781512605042,1.45281594409394
1.2781512605042,0.486192497430171
1.2781512605042,1.02581776837378
1.2781512605042,1.3890993450718
1.2781512605042,0.639341767343236
1.2781512605042,1.27034040534706
1.2781512605042,0.938851487077084
1.2781512605042,1.44215864864129
1.2781512605042,0.510881061096907
1.2781512605042,1.06909722952183
1.2781512605042,1.33659102535706
1.2781512605042,0.770736740539096
1.2781512605042,1.41025949718113
1.2781512605042,0.588742265917478
1.2781512605042,1.19686991880847
1.2781512605042,1.1083483923203
1.2781512605042,1.269955092326
1.2781512605042,0.935573052919427
1.28319327731092,1.30785917782926
1.28319327731092,0.745250505158975
1.28319327731092,1.25235443519432
1.28319327731092,0.869843047670113
1.28319327731092,1.30785917782537
1.28319327731092,0.745250505168269
1.28319327731092,1.25235443520953
1.28319327731092,0.869843047637797
1.28319327731092,1.30785917782625
1.28319327731092,0.745250505166648
1.28319327731092,1.25235443520404
1.28319327731092,0.869843047647773
1.28319327731092,1.30785917782338
1.28319327731092,0.745250505173669
1.28319327731092,1.25235443521038
1.28319327731092,0.869843047638309
1.28319327731092,1.30785917782869
1.28319327731092,0.745250505163067
1.28319327731092,1.25235443520183
1.28319327731092,0.869843047655333
1.28319327731092,1.30785917782923
1.28319327731092,0.745250505159856
1.28319327731092,1.25235443519748
1.28319327731092,0.869843047663377
1.28319327731092,1.30785917782818
1.28319327731092,0.745250505160396
1.28319327731092,1.25235443519552
1.28319327731092,0.869843047667441
1.28319327731092,1.30785917782679
1.28319327731092,0.745250505166506
1.28319327731092,1.25235443520333
1.28319327731092,0.869843047649109
1.28319327731092,1.30785917782756
1.28319327731092,0.745250505163977
1.28319327731092,1.25235443520149
1.28319327731092,0.869843047656129
1.28319327731092,1.30785917782901
1.28319327731092,0.745250505160424
1.28319327731092,1.25235443519566
1.28319327731092,0.869843047666105
1.28319327731092,1.30785917782716
1.28319327731092,0.745250505166307
1.28319327731092,1.25235443520348
1.28319327731092,0.86984304764891
1.28319327731092,1.30785917782747
1.28319327731092,0.745250505164574
1.28319327731092,1.25235443520356
1.28319327731092,0.8698430476482
1.28319327731092,1.30785917782494
1.28319327731092,0.745250505171366
1.28319327731092,1.25235443520956
1.28319327731092,0.869843047640213
1.28319327731092,1.30785917782457
1.28319327731092,0.745250505170997
1.28319327731092,1.25235443520487
1.28319327731092,0.86984304764712
1.28319327731092,1.30785917782318
1.28319327731092,0.745250505175175
1.28319327731092,1.25235443521155
1.28319327731092,0.869843047634586
1.28319327731092,1.30785917782952
1.28319327731092,0.745250505159799
1.28319327731092,1.25235443519719
1.28319327731092,0.869843047662297
1.28319327731092,1.3078591778296
1.28319327731092,0.745250505154655
1.28319327731092,1.25235443519205
1.28319327731092,0.869843047673182
1.28319327731092,1.30785917783605
1.28319327731092,0.745250505147236
1.28319327731092,1.25235443518759
1.28319327731092,0.869843047679861
1.28319327731092,1.30785917783068
1.28319327731092,0.74525050515528
1.28319327731092,1.25235443519745
1.28319327731092,0.86984304766062
1.28319327731092,1.30785917782349
1.28319327731092,0.745250505175601
1.28319327731092,1.25235443521413
1.28319327731092,0.86984304763342
1.28319327731092,1.30785917782153
1.28319327731092,0.745250505180461
1.28319327731092,1.25235443521627
1.28319327731092,0.869843047622819
1.28319327731092,1.30785917782434
1.28319327731092,0.745250505168041
1.28319327731092,1.25235443519748
1.28319327731092,0.869843047665423
1.28319327731092,1.3078591778267
1.28319327731092,0.745250505165171
1.28319327731092,1.25235443520438
1.28319327731092,0.869843047650729
1.28319327731092,1.30785917781974
1.28319327731092,0.745250505183218
1.28319327731092,1.25235443521698
1.28319327731092,0.869843047618527
1.28319327731092,1.30785917782346
1.28319327731092,0.7452505051758
1.28319327731092,1.25235443521524
1.28319327731092,0.869843047631573
1.28319327731092,1.30785917783219
1.28823529411765,0.91875168705106
1.28823529411765,1.17076036050399
1.28823529411765,0.918751687051785
1.28823529411765,1.17076036050176
1.28823529411765,0.918751687055579
1.28823529411765,1.17076036049998
1.28823529411765,0.918751687063466
1.28823529411765,1.17076036049809
1.28823529411765,0.918751687061462
1.28823529411765,1.17076036049904
1.28823529411765,0.918751687063097
1.28823529411765,1.17076036050136
1.28823529411765,0.91875168705791
1.28823529411765,1.17076036050129
1.28823529411765,0.918751687058975
1.28823529411765,1.17076036050247
1.28823529411765,0.918751687053675
1.28823529411765,1.17076036050547
1.28823529411765,0.918751687050307
1.28823529411765,1.17076036050426
1.28823529411765,0.918751687050918
1.28823529411765,1.17076036050385
1.28823529411765,0.918751687052325
1.28823529411765,1.17076036050321
1.28823529411765,0.918751687054073
1.28823529411765,1.17076036050302
1.28823529411765,0.918751687051842
1.28823529411765,1.17076036050227
1.28823529411765,0.918751687055636
1.28823529411765,1.17076036050186
1.28823529411765,0.918751687053973
1.28823529411765,1.17076036050133
1.28823529411765,0.918751687055607
1.28823529411765,1.17076036050171
1.28823529411765,0.918751687056446
1.28823529411765,1.1707603605021
1.28823529411765,0.918751687054897
1.28823529411765,1.17076036050498
1.28823529411765,0.918751687051643
1.28823529411765,1.17076036050173
1.28823529411765,0.918751687056915
1.28823529411765,1.17076036050348
1.28823529411765,0.918751687051273
1.28823529411765,1.17076036050284
1.28823529411765,0.918751687052225
1.28823529411765,1.17076036050276
1.28823529411765,0.918751687053973
1.28823529411765,1.17076036050326
1.28823529411765,0.918751687053447
1.28823529411765,1.17076036050399
1.28823529411765,0.918751687051444
1.28823529411765,1.17076036050392
1.28823529411765,0.918751687051145
1.28823529411765,1.17076036050316
1.28823529411765,0.918751687052438
1.28823529411765,1.17076036050264
1.28823529411765,0.918751687053277
1.28823529411765,1.17076036050473
1.28823529411765,0.918751687052183
1.28823529411765,1.17076036050079
1.28823529411765,0.91875168705916
1.28823529411765,1.1707603605022
1.28823529411765,0.918751687054655
1.28823529411765,1.17076036050247
1.28823529411765,0.918751687054925
1.28823529411765,1.17076036050342
1.28823529411765,0.918751687053376
1.28823529411765,1.17076036049869
1.28823529411765,0.918751687061604
1.28823529411765,1.17076036050555
1.28823529411765,0.918751687048005
1.28823529411765,1.17076036049832
1.28823529411765,0.918751687059871
1.28823529411765,1.170760360497
1.28823529411765,0.918751687064688
1.28823529411765,1.17076036049908
1.28823529411765,0.91875168705791
1.28823529411765,1.17076036050049
1.28823529411765,0.918751687056815
1.28823529411765,1.17076036049849
1.28823529411765,0.918751687068681
1.28823529411765,1.17076036049694
1.28823529411765,0.918751687065313
1.28823529411765,1.17076036049812
1.28823529411765,0.918751687061491
1.28823529411765,1.17076036050066
1.28823529411765,0.918751687054485
1.28823529411765,1.17076036049934
1.28823529411765,0.918751687057711
1.28823529411765,1.17076036050029
1.28823529411765,0.918751687055479
1.28823529411765,1.17076036050375
1.28823529411765,0.918751687051429
1.28823529411765,1.17076036050447
1.28823529411765,0.918751687049653
1.28823529411765,1.17076036050065
1.28823529411765,0.91875168705538
1.28823529411765,1.17076036050092
1.28823529411765,0.91875168705565
1.28823529411765,1.17076036050778
1.28823529411765,0.918751687043187
1.29327731092437,1.00671116784254
1.29327731092437,1.0067111678512
1.29327731092437,1.00671116784395
1.29327731092437,1.00671116785329
1.29327731092437,1.00671116784524
1.29327731092437,1.00671116785243
1.29327731092437,1.00671116784426
1.29327731092437,1.00671116785315
1.29327731092437,1.00671116784317
1.29327731092437,1.0067111678524
1.29327731092437,1.00671116784196
1.29327731092437,1.00671116785108
1.29327731092437,1.00671116784791
1.29327731092437,1.0067111678501
1.29327731092437,1.00671116784796
1.29327731092437,1.0067111678498
1.29327731092437,1.00671116784857
1.29327731092437,1.00671116784984
1.29327731092437,1.00671116784747
1.29327731092437,1.00671116785125
1.29327731092437,1.00671116784888
1.29327731092437,1.0067111678497
1.29327731092437,1.00671116784926
1.29327731092437,1.00671116784963
1.29327731092437,1.00671116784942
1.29327731092437,1.00671116784899
1.29327731092437,1.00671116784844
1.29327731092437,1.00671116785005
1.29327731092437,1.00671116784803
1.29327731092437,1.00671116784998
1.29327731092437,1.00671116784921
1.29327731092437,1.00671116785014
1.29327731092437,1.00671116784732
1.29327731092437,1.00671116784916
1.29327731092437,1.00671116784963
1.29327731092437,1.00671116785045
1.29327731092437,1.00671116784808
1.29327731092437,1.00671116784936
1.29327731092437,1.00671116784801
1.29327731092437,1.00671116785031
1.29327731092437,1.00671116784953
1.29327731092437,1.0067111678499
1.29327731092437,1.00671116784969
1.29327731092437,1.00671116784721
1.29327731092437,1.00671116784996
1.29327731092437,1.00671116784907
1.29327731092437,1.00671116784784
1.29327731092437,1.00671116784957
1.29327731092437,1.00671116784664
1.29327731092437,1.00671116784961
1.29327731092437,1.00671116784907
1.29327731092437,1.00671116785011
1.29327731092437,1.00671116784899
1.29327731092437,1.00671116784981
1.29327731092437,1.00671116784961
1.29327731092437,1.00671116784894
1.29327731092437,1.00671116784862
1.29327731092437,1.00671116785092
1.29327731092437,1.00671116784855
1.29327731092437,1.00671116784983
1.29327731092437,1.00671116784962
1.29327731092437,1.00671116784907
1.29327731092437,1.00671116784989
1.29327731092437,1.00671116784912
1.29327731092437,1.00671116784561
1.29327731092437,1.00671116785109
1.29327731092437,1.00671116784861
1.29327731092437,1.00671116784431
1.29327731092437,1.00671116784934
1.29327731092437,1.00671116784413
1.29327731092437,1.00671116785279
1.29327731092437,1.00671116784281
1.29327731092437,1.00671116785169
1.29327731092437,1.00671116785012
1.29327731092437,1.00671116785015
1.29327731092437,1.00671116784562
1.29327731092437,1.00671116784814
1.29327731092437,1.00671116784543
1.29327731092437,1.0067111678475
1.29327731092437,1.00671116784775
1.29327731092437,1.006711167848
1.29327731092437,1.00671116784575
1.29327731092437,1.00671116784941
1.29327731092437,1.0067111678467
1.29327731092437,1.00671116785104
1.29327731092437,1.00671116784538
1.29327731092437,1.00671116784972
1.29327731092437,1.00671116784519
1.29327731092437,1.0067111678459
1.29327731092437,1.00671116784956
1.29327731092437,1.00671116784503
1.29327731092437,1.00671116784596
1.29327731092437,1.00671116784871
1.29327731092437,1.00671116784509
1.29327731092437,1.00671116785057
1.29327731092437,1.00671116784491
1.29327731092437,1.00671116784698
1.29327731092437,1.0067111678495
1.29327731092437,1.00671116784702
1.29327731092437,1.00671116784568
1.29327731092437,1.00671116784888
1.29831932773109,0.934404704373566
1.29831932773109,0.934404704371541
1.29831932773109,0.934404704373723
1.29831932773109,0.934404704373062
1.29831932773109,0.934404704373538
1.29831932773109,0.934404704372763
1.29831932773109,0.934404704375627
1.29831932773109,0.934404704374284
1.29831932773109,0.934404704373055
1.29831932773109,0.934404704376487
1.29831932773109,0.934404704370824
1.29831932773109,0.934404704374142
1.29831932773109,0.934404704371094
1.29831932773109,0.934404704372138
1.29831932773109,0.934404704370795
1.29831932773109,0.934404704372863
1.29831932773109,0.934404704376067
1.29831932773109,0.934404704374383
1.29831932773109,0.9344047043727
1.29831932773109,0.93440470437454
1.29831932773109,0.934404704372515
1.29831932773109,0.934404704373218
1.29831932773109,0.934404704373012
1.29831932773109,0.93440470437201
1.29831932773109,0.934404704371349
1.29831932773109,0.934404704371371
1.29831932773109,0.934404704372756
1.29831932773109,0.93440470437562
1.29831932773109,0.934404704374959
1.29831932773109,0.934404704374526
1.29831932773109,0.934404704372955
1.29831932773109,0.934404704373545
1.29831932773109,0.93440470437152
1.29831932773109,0.934404704373247
1.29831932773109,0.934404704371222
1.29831932773109,0.934404704372152
1.29831932773109,0.93440470437206
1.29831932773109,0.934404704373218
1.29831932773109,0.934404704375059
1.29831932773109,0.93440470437292
1.29831932773109,0.934404704375101
1.29831932773109,0.934404704372849
1.29831932773109,0.934404704373325
1.29831932773109,0.934404704371641
1.29831932773109,0.934404704373254
1.29831932773109,0.934404704371229
1.29831932773109,0.934404704372614
1.29831932773109,0.934404704371271
1.29831932773109,0.934404704372884
1.29831932773109,0.934404704373588
1.29831932773109,0.934404704373041
1.29831932773109,0.934404704374995
1.29831932773109,0.934404704375357
1.29831932773109,0.934404704371854
1.29831932773109,0.934404704372785
1.29831932773109,0.934404704373716
1.29831932773109,0.9344047043726
1.29831932773109,0.934404704372167
1.29831932773109,0.934404704372529
1.29831932773109,0.934404704371754
1.29831932773109,0.934404704373254
1.29831932773109,0.934404704376686
1.29831932773109,0.934404704372955
1.29831932773109,0.934404704373545
1.29831932773109,0.934404704377091
1.29831932773109,0.934404704373247
1.29831932773109,0.934404704377133
1.29831932773109,0.934404704371243
1.29831932773109,0.934404704377631
1.29831932773109,0.934404704373105
1.29831932773109,0.934404704378128
1.29831932773109,0.934404704373375
1.29831932773109,0.934404704377261
1.29831932773109,0.934404704373417
1.29831932773109,0.934404704377304
1.29831932773109,0.934404704372778
1.29831932773109,0.934404704378711
1.29831932773109,0.934404704373048
1.29831932773109,0.934404704377389
1.29831932773109,0.934404704374
1.29831932773109,0.934404704377204
1.29831932773109,0.934404704375861
1.29831932773109,0.934404704377702
1.29831932773109,0.934404704372039
1.29831932773109,0.934404704374561
1.29831932773109,0.934404704374582
1.29831932773109,0.934404704373922
1.29831932773109,0.934404704378718
1.29831932773109,0.934404704367143
1.29831932773109,0.934404704375805
1.29831932773109,0.934404704373552
1.29831932773109,0.934404704378576
1.29831932773109,0.934404704377688
1.29831932773109,0.934404704377254
1.29831932773109,0.934404704373183
1.29831932773109,0.934404704379116
1.29831932773109,0.934404704370497
1.29831932773109,0.934404704378931
1.29831932773109,0.934404704372586
1.29831932773109,0.934404704373289
1.29831932773109,0.934404704374447
1.30336134453782,0.841109286746889
1.30336134453782,0.841109286744523
1.30336134453782,0.841109286744771
1.30336134453782,0.841109286746498
1.30336134453782,0.84110928674561
1.30336134453782,0.841109286744608
1.30336134453782,0.841109286744857
1.30336134453782,0.841109286746242
1.30336134453782,0.841109286747059
1.30336134453782,0.841109286749013
1.30336134453782,0.841109286747102
1.30336134453782,0.841109286748488
1.30336134453782,0.841109286746917
1.30336134453782,0.841109286747166
1.30336134453782,0.841109286745255
1.30336134453782,0.841109286745617
1.30336134453782,0.841109286745752
1.30336134453782,0.841109286747479
1.30336134453782,0.841109286745453
1.30336134453782,0.84110928674718
1.30336134453782,0.841109286746633
1.30336134453782,0.84110928674745
1.30336134453782,0.841109286748495
1.30336134453782,0.841109286746924
1.30336134453782,0.8411092867474
1.30336134453782,0.841109286745375
1.30336134453782,0.841109286745624
1.30336134453782,0.841109286745759
1.30336134453782,0.84110928674669
1.30336134453782,0.84110928674728
1.30336134453782,0.84110928674605
1.30336134453782,0.841109286747322
1.30336134453782,0.841109286747002
1.30336134453782,0.841109286747479
1.30336134453782,0.841109286747841
1.30336134453782,0.841109286748772
1.30336134453782,0.841109286745155
1.30336134453782,0.841109286745972
1.30336134453782,0.841109286745425
1.30336134453782,0.841109286747379
1.30336134453782,0.841109286746377
1.30336134453782,0.841109286746512
1.30336134453782,0.841109286745738
1.30336134453782,0.841109286747692
1.30336134453782,0.841109286747599
1.30336134453782,0.841109286748416
1.30336134453782,0.841109286747301
1.30336134453782,0.841109286745617
1.30336134453782,0.841109286745638
1.30336134453782,0.841109286744864
1.30336134453782,0.841109286742839
1.30336134453782,0.841109286743883
1.30336134453782,0.841109286746633
1.30336134453782,0.841109286747336
1.30336134453782,0.84110928674804
1.30336134453782,0.841109286748061
1.30336134453782,0.841109286745809
1.30336134453782,0.84110928674799
1.30336134453782,0.841109286747329
1.30336134453782,0.841109286745191
1.30336134453782,0.841109286746121
1.30336134453782,0.84110928674512
1.30336134453782,0.841109286745368
1.30336134453782,0.841109286746754
1.30336134453782,0.841109286748367
1.30336134453782,0.841109286751117
1.30336134453782,0.841109286748637
1.30336134453782,0.841109286751159
1.30336134453782,0.841109286747315
1.30336134453782,0.841109286750292
1.30336134453782,0.841109286751905
1.30336134453782,0.841109286747606
1.30336134453782,0.841109286752857
1.30336134453782,0.841109286747194
1.30336134453782,0.841109286749262
1.30336134453782,0.84110928675133
1.30336134453782,0.841109286746349
1.30336134453782,0.84110928674728
1.30336134453782,0.841109286751166
1.30336134453782,0.841109286749823
1.30336134453782,0.841109286750982
1.30336134453782,0.841109286749411
1.30336134453782,0.841109286750342
1.30336134453782,0.841109286751045
1.30336134453782,0.841109286748793
1.30336134453782,0.841109286749951
1.30336134453782,0.8411092867502
1.30336134453782,0.841109286748857
1.30336134453782,0.841109286752062
1.30336134453782,0.841109286748217
1.30336134453782,0.841109286751195
1.30336134453782,0.841109286748488
1.30336134453782,0.84110928675101
1.30336134453782,0.841109286748303
1.30336134453782,0.841109286751962
1.30336134453782,0.8411092867488
1.30336134453782,0.841109286752005
1.30336134453782,0.841109286747251
1.30336134453782,0.841109286750456
1.30336134453782,0.841109286751841
1.30336134453782,0.841109286748225
1.30840336134454,0.69584404305893
1.30840336134454,0.695844043059406
1.30840336134454,0.695844043060223
1.30840336134454,0.695844043060017
1.30840336134454,0.695844043059925
1.30840336134454,0.69584404306006
1.30840336134454,0.695844043058717
1.30840336134454,0.695844043059306
1.30840336134454,0.69584404306001
1.30840336134454,0.695844043059235
1.30840336134454,0.695844043058575
1.30840336134454,0.695844043058937
1.30840336134454,0.695844043059186
1.30840336134454,0.695844043059662
1.30840336134454,0.69584404306082
1.30840336134454,0.695844043060614
1.30840336134454,0.695844043060408
1.30840336134454,0.695844043060088
1.30840336134454,0.695844043059655
1.30840336134454,0.695844043058994
1.30840336134454,0.695844043058901
1.30840336134454,0.695844043058582
1.30840336134454,0.695844043059058
1.30840336134454,0.69584404305942
1.30840336134454,0.695844043060465
1.30840336134454,0.695844043061737
1.30840336134454,0.69584404306244
1.30840336134454,0.695844043061438
1.30840336134454,0.6958440430618
1.30840336134454,0.695844043062163
1.30840336134454,0.695844043062298
1.30840336134454,0.695844043063683
1.30840336134454,0.695844043062682
1.30840336134454,0.695844043061566
1.30840336134454,0.695844043060905
1.30840336134454,0.695844043061722
1.30840336134454,0.695844043062539
1.30840336134454,0.695844043061538
1.30840336134454,0.695844043061786
1.30840336134454,0.695844043062376
1.30840336134454,0.695844043061602
1.30840336134454,0.695844043060827
1.30840336134454,0.695844043060053
1.30840336134454,0.695844043059278
1.30840336134454,0.695844043059413
1.30840336134454,0.695844043059662
1.30840336134454,0.69584404305991
1.30840336134454,0.695844043059932
1.30840336134454,0.695844043059385
1.30840336134454,0.695844043059179
1.30840336134454,0.695844043058973
1.30840336134454,0.695844043058766
1.30840336134454,0.695844043058788
1.30840336134454,0.695844043058468
1.30840336134454,0.695844043059058
1.30840336134454,0.695844043058624
1.30840336134454,0.695844043059328
1.30840336134454,0.695844043059463
1.30840336134454,0.695844043059484
1.30840336134454,0.69584404305996
1.30840336134454,0.69584404305964
1.30840336134454,0.69584404306023
1.30840336134454,0.695844043059569
1.30840336134454,0.695844043059704
1.30840336134454,0.695844043061658
1.30840336134454,0.695844043063726
1.30840336134454,0.695844043061928
1.30840336134454,0.695844043063769
1.30840336134454,0.695844043064017
1.30840336134454,0.695844043062674
1.30840336134454,0.695844043062696
1.30840336134454,0.695844043063854
1.30840336134454,0.695844043059555
1.30840336134454,0.695844043061623
1.30840336134454,0.695844043062781
1.30840336134454,0.695844043065076
1.30840336134454,0.695844043063051
1.30840336134454,0.695844043062845
1.30840336134454,0.695844043064458
1.30840336134454,0.69584404306266
1.30840336134454,0.695844043064728
1.30840336134454,0.695844043063612
1.30840336134454,0.695844043061133
1.30840336134454,0.695844043061609
1.30840336134454,0.695844043061857
1.30840336134454,0.695844043062333
1.30840336134454,0.695844043065083
1.30840336134454,0.695844043063058
1.30840336134454,0.695844043063989
1.30840336134454,0.695844043064238
1.30840336134454,0.695844043063804
1.30840336134454,0.695844043066781
1.30840336134454,0.695844043066121
1.30840336134454,0.695844043063413
1.30840336134454,0.695844043061388
1.30840336134454,0.695844043061864
1.30840336134454,0.69584404306234
1.30840336134454,0.695844043064181
1.30840336134454,0.695844043064202
1.30840336134454,0.695844043064223
1.30840336134454,0.695844043064017
1.31344537815126,0.152895770139214
1.31344537815126,0.152895769299317
1.31344537815126,0.152895768605962
1.31344537815126,0.152895768033002
1.31344537815126,0.152895767559517
1.31344537815126,0.152895767168342
1.31344537815126,0.152895766845266
1.31344537815126,0.152895766579601
1.31344537815126,0.152895766359411
1.31344537815126,0.152895766177419
1.31344537815126,0.152895766028283
1.31344537815126,0.15289576590359
1.31344537815126,0.152895765801521
1.31344537815126,0.152895765715822
1.31344537815126,0.152895765645471
1.31344537815126,0.152895765588195
1.31344537815126,0.152895765540126
1.31344537815126,0.152895765500812
1.31344537815126,0.152895765468205
1.31344537815126,0.152895765441738
1.31344537815126,0.152895765418908
1.31344537815126,0.152895765400626
1.31344537815126,0.152895765386436
1.31344537815126,0.152895765373724
1.31344537815126,0.152895765362263
1.31344537815126,0.152895765353531
1.31344537815126,0.152895765346504
1.31344537815126,0.152895765341182
1.31344537815126,0.152895765336769
1.31344537815126,0.152895765332584
1.31344537815126,0.152895765329763
1.31344537815126,0.152895765326601
1.31344537815126,0.15289576532469
1.31344537815126,0.152895765321983
1.31344537815126,0.152895765320526
1.31344537815126,0.15289576531816
1.31344537815126,0.152895765317499
1.31344537815126,0.152895765316384
1.31344537815126,0.15289576531595
1.31344537815126,0.152895765315403
1.31344537815126,0.152895765315311
1.31344537815126,0.152895765315446
1.31344537815126,0.152895765315467
1.31344537815126,0.152895765315261
1.31344537815126,0.152895765315396
1.31344537815126,0.15289576531428
1.31344537815126,0.152895765314302
1.31344537815126,0.152895765314323
1.31344537815126,0.152895765314117
1.31344537815126,0.152895765313001
1.31344537815126,0.152895765312909
1.31344537815126,0.15289576531384
1.31344537815126,0.152895765312952
1.31344537815126,0.152895765312973
1.31344537815126,0.152895765313108
1.31344537815126,0.152895765311992
1.31344537815126,0.152895765312582
1.31344537815126,0.152895765313513
1.31344537815126,0.152895765313421
1.31344537815126,0.152895765313101
1.31344537815126,0.15289576531244
1.31344537815126,0.152895765312802
1.31344537815126,0.152895765313961
1.31344537815126,0.152895765313868
1.31344537815126,0.152895765312412
1.31344537815126,0.152895765312206
1.31344537815126,0.152895765313136
1.31344537815126,0.152895765314295
1.31344537815126,0.152895765315908
1.31344537815126,0.152895765315929
1.31344537815126,0.152895765314586
1.31344537815126,0.152895765314835
1.31344537815126,0.152895765315993
1.31344537815126,0.152895765314877
1.31344537815126,0.152895765316035
1.31344537815126,0.152895765316284
1.31344537815126,0.152895765315851
1.31344537815126,0.152895765315417
1.31344537815126,0.152895765315211
1.31344537815126,0.152895765315233
1.31344537815126,0.152895765315026
1.31344537815126,0.15289576531573
1.31344537815126,0.152895765315069
1.31344537815126,0.152895765314863
1.31344537815126,0.152895765315794
1.31344537815126,0.152895765316497
1.31344537815126,0.152895765316291
1.31344537815126,0.152895765315858
1.31344537815126,0.152895765315424
1.31344537815126,0.152895765315218
1.31344537815126,0.152895765315694
1.31344537815126,0.152895765315261
1.31344537815126,0.152895765315964
1.31344537815126,0.152895765314849
1.31344537815126,0.15289576531487
1.31344537815126,0.152895765315346
1.31344537815126,0.152895765316504
1.31344537815126,0.152895765316298
1.31344537815126,0.15289576531632
1.31344537815126,0.152895765316341
1.31344537815126,0.152895765315225
1.31848739495798,0.0644619989045232
1.31848739495798,0.0644619989046582
1.31848739495798,0.0644619989046795
1.31848739495798,0.0644619989044735
1.31848739495798,0.0644619989044948
1.31848739495798,0.0644619989045161
1.31848739495798,0.0644619989049922
1.31848739495798,0.0644619989050135
1.31848739495798,0.0644619989048074
1.31848739495798,0.0644619989046014
1.31848739495798,0.064461998904509
1.31848739495798,0.0644619989045303
1.31848739495798,0.0644619989044379
1.31848739495798,0.0644619989048003
1.31848739495798,0.0644619989045943
1.31848739495798,0.0644619989047293
1.31848739495798,0.0644619989050916
1.31848739495798,0.0644619989055677
1.31848739495798,0.0644619989053616
1.31848739495798,0.0644619989051556
1.31848739495798,0.0644619989050632
1.31848739495798,0.0644619989044024
1.31848739495798,0.0644619989044237
1.31848739495798,0.064461998904445
1.31848739495798,0.06446199890458
1.31848739495798,0.064461998904715
1.31848739495798,0.0644619989046227
1.31848739495798,0.0644619989049851
1.31848739495798,0.0644619989046653
1.31848739495798,0.0644619989048003
1.31848739495798,0.0644619989048216
1.31848739495798,0.0644619989049566
1.31848739495798,0.0644619989044095
1.31848739495798,0.0644619989042035
1.31848739495798,0.0644619989045658
1.31848739495798,0.0644619989045871
1.31848739495798,0.0644619989047222
1.31848739495798,0.0644619989046298
1.31848739495798,0.0644619989048785
1.31848739495798,0.0644619989047861
1.31848739495798,0.0644619989046937
1.31848739495798,0.0644619989046014
1.31848739495798,0.0644619989046227
1.31848739495798,0.0644619989043029
1.31848739495798,0.0644619989042106
1.31848739495798,0.0644619989044593
1.31848739495798,0.0644619989047079
1.31848739495798,0.0644619989043882
1.31848739495798,0.0644619989047506
1.31848739495798,0.0644619989049993
1.31848739495798,0.0644619989047932
1.31848739495798,0.0644619989047008
1.31848739495798,0.0644619989043811
1.31848739495798,0.0644619989044024
1.31848739495798,0.06446199890431
1.31848739495798,0.064461998904445
1.31848739495798,0.0644619989044664
1.31848739495798,0.064461998904715
1.31848739495798,0.064461998904509
1.31848739495798,0.064461998904644
1.31848739495798,0.0644619989051201
1.31848739495798,0.0644619989043456
1.31848739495798,0.0644619989043669
1.31848739495798,0.0644619989046156
1.31848739495798,0.0644619989045232
1.31848739495798,0.0644619989047719
1.31848739495798,0.0644619989043385
1.31848739495798,0.0644619989043598
1.31848739495798,0.0644619989034716
1.31848739495798,0.064461998902356
1.31848739495798,0.0644619989032869
1.31848739495798,0.0644619989028534
1.31848739495798,0.06446199890242
1.31848739495798,0.0644619989024413
1.31848739495798,0.0644619989033721
1.31848739495798,0.0644619989029387
1.31848739495798,0.0644619989031874
1.31848739495798,0.0644619989043456
1.31848739495798,0.06446199890323
1.31848739495798,0.0644619989023418
1.31848739495798,0.0644619989030453
1.31848739495798,0.0644619989030666
1.31848739495798,0.0644619989030879
1.31848739495798,0.0644619989031092
1.31848739495798,0.0644619989033579
1.31848739495798,0.0644619989033792
1.31848739495798,0.0644619989038553
1.31848739495798,0.064461998904104
1.31848739495798,0.0644619989050348
1.31848739495798,0.064461998904374
1.31848739495798,0.0644619989039406
1.31848739495798,0.0644619989030524
1.31848739495798,0.0644619989028463
1.31848739495798,0.0644619989021855
1.31848739495798,0.064461998902889
1.31848739495798,0.0644619989029103
1.31848739495798,0.064461998903159
1.31848739495798,0.064461998903635
1.31848739495798,0.0644619989036563
1.31848739495798,0.064461998903905
1.31848739495798,0.0644619989043811
1.32352941176471,0.0248114393169381
1.32352941176471,0.0248114393168457
1.32352941176471,0.0248114393169807
1.32352941176471,0.024811439317002
1.32352941176471,0.0248114393170233
1.32352941176471,0.0248114393171583
1.32352941176471,0.0248114393167249
1.32352941176471,0.0248114393166325
1.32352941176471,0.0248114393166539
1.32352941176471,0.0248114393167889
1.32352941176471,0.0248114393169239
1.32352941176471,0.0248114393169452
1.32352941176471,0.0248114393170802
1.32352941176471,0.0248114393171015
1.32352941176471,0.0248114393170091
1.32352941176471,0.0248114393168031
1.32352941176471,0.0248114393167107
1.32352941176471,0.024811439316732
1.32352941176471,0.0248114393169807
1.32352941176471,0.0248114393167747
1.32352941176471,0.0248114393169097
1.32352941176471,0.0248114393170447
1.32352941176471,0.0248114393168386
1.32352941176471,0.0248114393170873
1.32352941176471,0.0248114393169949
1.32352941176471,0.0248114393170162
1.32352941176471,0.0248114393166965
1.32352941176471,0.0248114393167178
1.32352941176471,0.0248114393167391
1.32352941176471,0.0248114393168741
1.32352941176471,0.0248114393167818
1.32352941176471,0.0248114393169168
1.32352941176471,0.0248114393170518
1.32352941176471,0.0248114393169594
1.32352941176471,0.0248114393172081
1.32352941176471,0.0248114393168883
1.32352941176471,0.0248114393170233
1.32352941176471,0.0248114393167036
1.32352941176471,0.0248114393168386
1.32352941176471,0.0248114393166325
1.32352941176471,0.0248114393169949
1.32352941176471,0.0248114393172436
1.32352941176471,0.0248114393171512
1.32352941176471,0.0248114393169452
1.32352941176471,0.0248114393169665
1.32352941176471,0.0248114393172152
1.32352941176471,0.0248114393168954
1.32352941176471,0.0248114393170304
1.32352941176471,0.0248114393168244
1.32352941176471,0.024811439316732
1.32352941176471,0.0248114393167533
1.32352941176471,0.0248114393168883
1.32352941176471,0.024811439317137
1.32352941176471,0.0248114393168173
1.32352941176471,0.0248114393168386
1.32352941176471,0.0248114393168599
1.32352941176471,0.0248114393169949
1.32352941176471,0.0248114393169026
1.32352941176471,0.0248114393170376
1.32352941176471,0.0248114393168315
1.32352941176471,0.0248114393168528
1.32352941176471,0.0248114393167604
1.32352941176471,0.0248114393167818
1.32352941176471,0.0248114393178263
1.32352941176471,0.0248114393177339
1.32352941176471,0.0248114393170731
1.32352941176471,0.0248114393180039
1.32352941176471,0.0248114393180252
1.32352941176471,0.0248114393178192
1.32352941176471,0.0248114393173857
1.32352941176471,0.024811439317407
1.32352941176471,0.0248114393185652
1.32352941176471,0.0248114393181318
1.32352941176471,0.024811439317471
1.32352941176471,0.0248114393174923
1.32352941176471,0.0248114393175136
1.32352941176471,0.0248114393177623
1.32352941176471,0.0248114393175562
1.32352941176471,0.0248114393175776
1.32352941176471,0.0248114393173715
1.32352941176471,0.0248114393178476
1.32352941176471,0.0248114393176415
1.32352941176471,0.0248114393176628
1.32352941176471,0.0248114393176841
1.32352941176471,0.0248114393177055
1.32352941176471,0.0248114393179542
1.32352941176471,0.0248114393175207
1.32352941176471,0.0248114393177694
1.32352941176471,0.0248114393177907
1.32352941176471,0.0248114393175847
1.32352941176471,0.0248114393173786
1.32352941176471,0.0248114393185368
1.32352941176471,0.0248114393176486
1.32352941176471,0.0248114393174426
1.32352941176471,0.024811439318146
1.32352941176471,0.0248114393177126
1.32352941176471,0.0248114393179613
1.32352941176471,0.0248114393177552
1.32352941176471,0.0248114393177765
1.32352941176471,0.0248114393180252
1.32352941176471,0.0248114393175918
1.32857142857143,0.00019858643414139
1.32857142857143,0.000198586434617454
1.32857142857143,0.000198586434752457
1.32857142857143,0.000198586434546399
1.32857142857143,0.000198586433885595
1.32857142857143,0.000198586433906911
1.32857142857143,0.000198586434724035
1.32857142857143,0.000198586434176917
1.32857142857143,0.000198586434766668
1.32857142857143,0.000198586434674297
1.32857142857143,0.000198586434581927
1.32857142857143,0.000198586434489556
1.32857142857143,0.00019858643496562
1.32857142857143,0.000198586433963754
1.32857142857143,0.000198586434326131
1.32857142857143,0.000198586434347447
1.32857142857143,0.000198586434368764
1.32857142857143,0.000198586434617454
1.32857142857143,0.000198586434411396
1.32857142857143,0.000198586434546399
1.32857142857143,0.000198586434340342
1.32857142857143,0.000198586435043779
1.32857142857143,0.000198586434951409
1.32857142857143,0.000198586434972725
1.32857142857143,0.00019858643397086
1.32857142857143,0.00019858643421955
1.32857142857143,0.000198586434581927
1.32857142857143,0.000198586434262182
1.32857142857143,0.000198586434624559
1.32857142857143,0.000198586434759562
1.32857142857143,0.000198586434439818
1.32857142857143,0.000198586434120074
1.32857142857143,0.000198586434596137
1.32857142857143,0.000198586434276393
1.32857142857143,0.00019858643429771
1.32857142857143,0.000198586434319026
1.32857142857143,0.000198586433771908
1.32857142857143,0.000198586434816406
1.32857142857143,0.000198586434724035
1.32857142857143,0.000198586434176917
1.32857142857143,0.00019858643397086
1.32857142857143,0.000198586434333237
1.32857142857143,0.000198586433786119
1.32857142857143,0.000198586434148496
1.32857142857143,0.000198586434397185
1.32857142857143,0.000198586434304815
1.32857142857143,0.000198586434780879
1.32857142857143,0.000198586434461134
1.32857142857143,0.000198586434709824
1.32857142857143,0.00019858643439008
1.32857142857143,0.000198586434411396
1.32857142857143,0.000198586433750592
1.32857142857143,0.000198586434340342
1.32857142857143,0.000198586434020598
1.32857142857143,0.000198586434269288
1.32857142857143,0.000198586434859038
1.32857142857143,0.000198586435107728
1.32857142857143,0.000198586434901671
1.32857142857143,0.000198586434013492
1.32857142857143,0.000198586434603243
1.32857142857143,0.000198586434851933
1.32857142857143,0.000198586434418502
1.32857142857143,0.000198586433871384
1.32857142857143,0.000198586434915882
1.32857142857143,0.000198586435050885
1.32857142857143,0.000198586435072201
1.32857142857143,0.000198586434866144
1.32857142857143,0.000198586434660086
1.32857142857143,0.000198586434681403
1.32857142857143,0.000198586434702719
1.32857142857143,0.000198586434496661
1.32857142857143,0.000198586434290604
1.32857142857143,0.00019858643431192
1.32857142857143,0.000198586434787984
1.32857142857143,0.000198586435036674
1.32857142857143,0.000198586434148496
1.32857142857143,0.000198586434851933
1.32857142857143,0.000198586435100623
1.32857142857143,0.000198586434667192
1.32857142857143,0.000198586434688508
1.32857142857143,0.000198586435164572
1.32857142857143,0.000198586434958514
1.32857142857143,0.00019858643429771
1.32857142857143,0.000198586434546399
1.32857142857143,0.000198586434795089
1.32857142857143,0.000198586435043779
1.32857142857143,0.000198586434382975
1.32857142857143,0.000198586434859038
1.32857142857143,0.000198586435107728
1.32857142857143,0.000198586434901671
1.32857142857143,0.000198586434695613
1.32857142857143,0.000198586434944303
1.32857142857143,0.000198586434510872
1.32857142857143,0.000198586434304815
1.32857142857143,0.000198586435008252
1.32857142857143,0.000198586434802195
1.32857142857143,0.000198586434596137
1.32857142857143,0.000198586434617454
1.32857142857143,0.000198586434411396
1.32857142857143,0.000198586435114834
1.32857142857143,0.000198586434908776
1.33361344537815,-0.0168923952505047
1.33361344537815,-0.016892395250256
1.33361344537815,-0.0168923952509168
1.33361344537815,-0.0168923952506681
1.33361344537815,-0.0168923952504194
1.33361344537815,-0.0168923952505118
1.33361344537815,-0.0168923952504905
1.33361344537815,-0.0168923952504691
1.33361344537815,-0.0168923952506752
1.33361344537815,-0.0168923952505402
1.33361344537815,-0.0168923952502915
1.33361344537815,-0.0168923952508386
1.33361344537815,-0.0168923952508173
1.33361344537815,-0.0168923952506823
1.33361344537815,-0.0168923952504336
1.33361344537815,-0.0168923952506397
1.33361344537815,-0.0168923952506184
1.33361344537815,-0.0168923952503697
1.33361344537815,-0.0168923952506894
1.33361344537815,-0.016892395250327
1.33361344537815,-0.0168923952504194
1.33361344537815,-0.0168923952505118
1.33361344537815,-0.0168923952507178
1.33361344537815,-0.0168923952508102
1.33361344537815,-0.0168923952506752
1.33361344537815,-0.0168923952504265
1.33361344537815,-0.0168923952506326
1.33361344537815,-0.0168923952507249
1.33361344537815,-0.0168923952503626
1.33361344537815,-0.0168923952504549
1.33361344537815,-0.0168923952504336
1.33361344537815,-0.0168923952506397
1.33361344537815,-0.0168923952505047
1.33361344537815,-0.0168923952507107
1.33361344537815,-0.0168923952508031
1.33361344537815,-0.0168923952507818
1.33361344537815,-0.0168923952506468
1.33361344537815,-0.0168923952503981
1.33361344537815,-0.0168923952506042
1.33361344537815,-0.0168923952505828
1.33361344537815,-0.0168923952502205
1.33361344537815,-0.0168923952504265
1.33361344537815,-0.0168923952504052
1.33361344537815,-0.0168923952504976
1.33361344537815,-0.0168923952504763
1.33361344537815,-0.016892395250796
1.33361344537815,-0.0168923952507747
1.33361344537815,-0.0168923952506397
1.33361344537815,-0.0168923952501636
1.33361344537815,-0.016892395250597
1.33361344537815,-0.0168923952503484
1.33361344537815,-0.0168923952504407
1.33361344537815,-0.0168923952504194
1.33361344537815,-0.0168923952502844
1.33361344537815,-0.0168923952503768
1.33361344537815,-0.0168923952505828
1.33361344537815,-0.0168923952506752
1.33361344537815,-0.0168923952508813
1.33361344537815,-0.0168923952506326
1.33361344537815,-0.0168923952506113
1.33361344537815,-0.0168923952508173
1.33361344537815,-0.0168923952504549
1.33361344537815,-0.0168923952504336
1.33361344537815,-0.016892395250526
1.33361344537815,-0.0168923952510731
1.33361344537815,-0.0168923952512792
1.33361344537815,-0.0168923952517126
1.33361344537815,-0.0168923952519187
1.33361344537815,-0.0168923952512152
1.33361344537815,-0.0168923952514213
1.33361344537815,-0.0168923952514
1.33361344537815,-0.0168923952518334
1.33361344537815,-0.0168923952515847
1.33361344537815,-0.0168923952511086
1.33361344537815,-0.0168923952515421
1.33361344537815,-0.0168923952515208
1.33361344537815,-0.0168923952521816
1.33361344537815,-0.0168923952514781
1.33361344537815,-0.0168923952516842
1.33361344537815,-0.0168923952514355
1.33361344537815,-0.0168923952505047
1.33361344537815,-0.0168923952516202
1.33361344537815,-0.0168923952511442
1.33361344537815,-0.0168923952511228
1.33361344537815,-0.0168923952517837
1.33361344537815,-0.016892395251535
1.33361344537815,-0.0168923952515136
1.33361344537815,-0.0168923952519471
1.33361344537815,-0.0168923952519258
1.33361344537815,-0.0168923952519044
1.33361344537815,-0.016892395251201
1.33361344537815,-0.0168923952514071
1.33361344537815,-0.0168923952516131
1.33361344537815,-0.0168923952515918
1.33361344537815,-0.0168923952517979
1.33361344537815,-0.0168923952513218
1.33361344537815,-0.0168923952517552
1.33361344537815,-0.0168923952519613
1.33361344537815,-0.01689239525194
1.33361344537815,-0.0168923952519187
1.33361344537815,-0.0168923952518973
1.33865546218487,-0.0294720234533479
1.33865546218487,-0.0294720234534402
1.33865546218487,-0.0294720234538737
1.33865546218487,-0.029472023453625
1.33865546218487,-0.02947202345349
1.33865546218487,-0.0294720234534687
1.33865546218487,-0.0294720234539021
1.33865546218487,-0.0294720234536534
1.33865546218487,-0.0294720234534047
1.33865546218487,-0.0294720234533834
1.33865546218487,-0.0294720234531347
1.33865546218487,-0.0294720234536818
1.33865546218487,-0.0294720234534331
1.33865546218487,-0.0294720234536392
1.33865546218487,-0.0294720234535042
1.33865546218487,-0.029472023454165
1.33865546218487,-0.0294720234535752
1.33865546218487,-0.0294720234530992
1.33865546218487,-0.0294720234531916
1.33865546218487,-0.0294720234530566
1.33865546218487,-0.0294720234532626
1.33865546218487,-0.029472023453355
1.33865546218487,-0.029472023453561
1.33865546218487,-0.029472023453426
1.33865546218487,-0.0294720234537458
1.33865546218487,-0.0294720234536108
1.33865546218487,-0.0294720234539305
1.33865546218487,-0.0294720234537955
1.33865546218487,-0.0294720234533195
1.33865546218487,-0.0294720234531844
1.33865546218487,-0.0294720234531631
1.33865546218487,-0.0294720234531418
1.33865546218487,-0.0294720234533479
1.33865546218487,-0.0294720234535539
1.33865546218487,-0.0294720234535326
1.33865546218487,-0.0294720234535113
1.33865546218487,-0.02947202345349
1.33865546218487,-0.0294720234539234
1.33865546218487,-0.0294720234536747
1.33865546218487,-0.0294720234537671
1.33865546218487,-0.0294720234531773
1.33865546218487,-0.0294720234530423
1.33865546218487,-0.0294720234533621
1.33865546218487,-0.0294720234533408
1.33865546218487,-0.0294720234535468
1.33865546218487,-0.0294720234535255
1.33865546218487,-0.0294720234536179
1.33865546218487,-0.0294720234542787
1.33865546218487,-0.0294720234539163
1.33865546218487,-0.0294720234537813
1.33865546218487,-0.0294720234536463
1.33865546218487,-0.0294720234532839
1.33865546218487,-0.0294720234531489
1.33865546218487,-0.0294720234532413
1.33865546218487,-0.0294720234533337
1.33865546218487,-0.0294720234536534
1.33865546218487,-0.0294720234537458
1.33865546218487,-0.0294720234538381
1.33865546218487,-0.0294720234537031
1.33865546218487,-0.0294720234537955
1.33865546218487,-0.0294720234536605
1.33865546218487,-0.0294720234535255
1.33865546218487,-0.0294720234537316
1.33865546218487,-0.0294720234530281
1.33865546218487,-0.0294720234528931
1.33865546218487,-0.0294720234530992
1.33865546218487,-0.0294720234533052
1.33865546218487,-0.0294720234530566
1.33865546218487,-0.0294720234532626
1.33865546218487,-0.0294720234539234
1.33865546218487,-0.0294720234539021
1.33865546218487,-0.0294720234536534
1.33865546218487,-0.0294720234538595
1.33865546218487,-0.0294720234536108
1.33865546218487,-0.0294720234533621
1.33865546218487,-0.0294720234540229
1.33865546218487,-0.0294720234537742
1.33865546218487,-0.0294720234537529
1.33865546218487,-0.0294720234532768
1.33865546218487,-0.0294720234537102
1.33865546218487,-0.0294720234534616
1.33865546218487,-0.0294720234536676
1.33865546218487,-0.0294720234536463
1.33865546218487,-0.0294720234531702
1.33865546218487,-0.0294720234533763
1.33865546218487,-0.0294720234535824
1.33865546218487,-0.0294720234531063
1.33865546218487,-0.0294720234539945
1.33865546218487,-0.0294720234539732
1.33865546218487,-0.0294720234532697
1.33865546218487,-0.0294720234534758
1.33865546218487,-0.0294720234527723
1.33865546218487,-0.0294720234529784
1.33865546218487,-0.0294720234529571
1.33865546218487,-0.0294720234536179
1.33865546218487,-0.0294720234538239
1.33865546218487,-0.0294720234535752
1.33865546218487,-0.0294720234533266
1.33865546218487,-0.0294720234533052
1.33865546218487,-0.029472023453966
1.33865546218487,-0.0294720234532626
1.3436974789916,-0.039061657072164
1.3436974789916,-0.0390616570719153
1.3436974789916,-0.0390616570714393
1.3436974789916,-0.039061657071759
1.3436974789916,-0.0390616570719651
1.3436974789916,-0.0390616570719438
1.3436974789916,-0.0390616570721498
1.3436974789916,-0.0390616570720148
1.3436974789916,-0.0390616570719935
1.3436974789916,-0.0390616570720859
1.3436974789916,-0.0390616570718372
1.3436974789916,-0.0390616570718159
1.3436974789916,-0.0390616570716809
1.3436974789916,-0.0390616570720006
1.3436974789916,-0.0390616570719793
1.3436974789916,-0.0390616570717306
1.3436974789916,-0.039061657071823
1.3436974789916,-0.0390616570718016
1.3436974789916,-0.0390616570720077
1.3436974789916,-0.0390616570718727
1.3436974789916,-0.0390616570719651
1.3436974789916,-0.0390616570719438
1.3436974789916,-0.0390616570719224
1.3436974789916,-0.0390616570716737
1.3436974789916,-0.0390616570721072
1.3436974789916,-0.0390616570721996
1.3436974789916,-0.0390616570717235
1.3436974789916,-0.0390616570717022
1.3436974789916,-0.0390616570719082
1.3436974789916,-0.0390616570721143
1.3436974789916,-0.0390616570718656
1.3436974789916,-0.039061657071958
1.3436974789916,-0.0390616570719367
1.3436974789916,-0.039061657072029
1.3436974789916,-0.039061657071894
1.3436974789916,-0.0390616570721001
1.3436974789916,-0.0390616570721924
1.3436974789916,-0.0390616570722848
1.3436974789916,-0.039061657071354
1.3436974789916,-0.0390616570717874
1.3436974789916,-0.0390616570717661
1.3436974789916,-0.0390616570719722
1.3436974789916,-0.0390616570720645
1.3436974789916,-0.0390616570719295
1.3436974789916,-0.0390616570719082
1.3436974789916,-0.0390616570720006
1.3436974789916,-0.0390616570719793
1.3436974789916,-0.0390616570721853
1.3436974789916,-0.0390616570720503
1.3436974789916,-0.0390616570714606
1.3436974789916,-0.0390616570720077
1.3436974789916,-0.0390616570718727
1.3436974789916,-0.0390616570718514
1.3436974789916,-0.0390616570720574
1.3436974789916,-0.0390616570720361
1.3436974789916,-0.0390616570714464
1.3436974789916,-0.0390616570714251
1.3436974789916,-0.0390616570723132
1.3436974789916,-0.0390616570718372
1.3436974789916,-0.0390616570720432
1.3436974789916,-0.0390616570721356
1.3436974789916,-0.0390616570714322
1.3436974789916,-0.039061657072093
1.3436974789916,-0.0390616570718443
1.3436974789916,-0.0390616570707998
1.3436974789916,-0.0390616570710058
1.3436974789916,-0.0390616570721214
1.3436974789916,-0.039061657071418
1.3436974789916,-0.0390616570723061
1.3436974789916,-0.0390616570725122
1.3436974789916,-0.0390616570722635
1.3436974789916,-0.0390616570717874
1.3436974789916,-0.0390616570717661
1.3436974789916,-0.0390616570719722
1.3436974789916,-0.0390616570719509
1.3436974789916,-0.0390616570719295
1.3436974789916,-0.0390616570725904
1.3436974789916,-0.039061657072569
1.3436974789916,-0.0390616570714108
1.3436974789916,-0.0390616570713895
1.3436974789916,-0.0390616570713682
1.3436974789916,-0.0390616570715743
1.3436974789916,-0.0390616570717803
1.3436974789916,-0.039061657071759
1.3436974789916,-0.0390616570719651
1.3436974789916,-0.039061657071489
1.3436974789916,-0.0390616570710129
1.3436974789916,-0.0390616570714464
1.3436974789916,-0.0390616570711977
1.3436974789916,-0.039061657070949
1.3436974789916,-0.0390616570713824
1.3436974789916,-0.039061657070679
1.3436974789916,-0.039061657070885
1.3436974789916,-0.0390616570713185
1.3436974789916,-0.0390616570717519
1.3436974789916,-0.039061657071958
1.3436974789916,-0.0390616570717093
1.3436974789916,-0.0390616570710058
1.3436974789916,-0.0390616570714393
1.3436974789916,-0.0390616570716453
1.3436974789916,-0.039061657071624
1.34873949579832,-0.0465382711867441
1.34873949579832,-0.0465382711863818
1.34873949579832,-0.0465382711872699
1.34873949579832,-0.0465382711866802
1.34873949579832,-0.0465382711867726
1.34873949579832,-0.0465382711868649
1.34873949579832,-0.0465382711867299
1.34873949579832,-0.0465382711864812
1.34873949579832,-0.0465382711866873
1.34873949579832,-0.0465382711863249
1.34873949579832,-0.0465382711863036
1.34873949579832,-0.0465382711869644
1.34873949579832,-0.0465382711870568
1.34873949579832,-0.0465382711869218
1.34873949579832,-0.046538271186332
1.34873949579832,-0.0465382711873339
1.34873949579832,-0.0465382711868578
1.34873949579832,-0.0465382711866091
1.34873949579832,-0.0465382711864741
1.34873949579832,-0.0465382711863391
1.34873949579832,-0.0465382711865452
1.34873949579832,-0.0465382711864102
1.34873949579832,-0.0465382711874121
1.34873949579832,-0.0465382711867086
1.34873949579832,-0.0465382711869147
1.34873949579832,-0.046538271186666
1.34873949579832,-0.0465382711870994
1.34873949579832,-0.0465382711868507
1.34873949579832,-0.046538271186602
1.34873949579832,-0.046538271186467
1.34873949579832,-0.0465382711865594
1.34873949579832,-0.0465382711866518
1.34873949579832,-0.0465382711867441
1.34873949579832,-0.0465382711872913
1.34873949579832,-0.0465382711864741
1.34873949579832,-0.0465382711871349
1.34873949579832,-0.0465382711867726
1.34873949579832,-0.0465382711866376
1.34873949579832,-0.0465382711869573
1.34873949579832,-0.0465382711865949
1.34873949579832,-0.0465382711869147
1.34873949579832,-0.0465382711867797
1.34873949579832,-0.046538271186872
1.34873949579832,-0.0465382711862823
1.34873949579832,-0.0465382711868294
1.34873949579832,-0.0465382711868081
1.34873949579832,-0.0465382711866731
1.34873949579832,-0.0465382711867655
1.34873949579832,-0.0465382711869715
1.34873949579832,-0.0465382711866091
1.34873949579832,-0.0465382711867015
1.34873949579832,-0.0465382711866802
1.34873949579832,-0.0465382711874547
1.34873949579832,-0.0465382711873197
1.34873949579832,-0.0465382711866162
1.34873949579832,-0.0465382711871634
1.34873949579832,-0.046538271187142
1.34873949579832,-0.046538271186666
1.34873949579832,-0.0465382711866447
1.34873949579832,-0.046538271186396
1.34873949579832,-0.0465382711873978
1.34873949579832,-0.0465382711870355
1.34873949579832,-0.0465382711867868
1.34873949579832,-0.0465382711865381
1.34873949579832,-0.0465382711864031
1.34873949579832,-0.0465382711863818
1.34873949579832,-0.0465382711861331
1.34873949579832,-0.0465382711858844
1.34873949579832,-0.0465382711858631
1.34873949579832,-0.0465382711856144
1.34873949579832,-0.0465382711860478
1.34873949579832,-0.0465382711862539
1.34873949579832,-0.0465382711860052
1.34873949579832,-0.0465382711857565
1.34873949579832,-0.0465382711857352
1.34873949579832,-0.0465382711861686
1.34873949579832,-0.0465382711859199
1.34873949579832,-0.046538271186126
1.34873949579832,-0.046538271186332
1.34873949579832,-0.0465382711860833
1.34873949579832,-0.046538271186062
1.34873949579832,-0.0465382711858133
1.34873949579832,-0.0465382711864741
1.34873949579832,-0.0465382711862254
1.34873949579832,-0.0465382711862041
1.34873949579832,-0.0465382711857281
1.34873949579832,-0.0465382711859341
1.34873949579832,-0.0465382711859128
1.34873949579832,-0.0465382711858915
1.34873949579832,-0.0465382711860975
1.34873949579832,-0.0465382711858489
1.34873949579832,-0.0465382711858275
1.34873949579832,-0.0465382711855789
1.34873949579832,-0.046538271186467
1.34873949579832,-0.0465382711857636
1.34873949579832,-0.0465382711864244
1.34873949579832,-0.046538271185721
1.34873949579832,-0.0465382711866091
1.34873949579832,-0.0465382711868152
1.34873949579832,-0.0465382711872486
1.34873949579832,-0.0465382711867726
1.35378151260504,-0.0524526883489607
1.35378151260504,-0.0524526883489393
1.35378151260504,-0.0524526883492591
1.35378151260504,-0.0524526883490104
1.35378151260504,-0.0524526883492165
1.35378151260504,-0.0524526883489678
1.35378151260504,-0.0524526883490601
1.35378151260504,-0.0524526883490388
1.35378151260504,-0.0524526883492449
1.35378151260504,-0.0524526883491099
1.35378151260504,-0.0524526883490886
1.35378151260504,-0.0524526883489536
1.35378151260504,-0.0524526883492733
1.35378151260504,-0.052452688349252
1.35378151260504,-0.052452688349117
1.35378151260504,-0.0524526883490957
1.35378151260504,-0.0524526883490744
1.35378151260504,-0.0524526883491667
1.35378151260504,-0.0524526883490317
1.35378151260504,-0.0524526883493515
1.35378151260504,-0.0524526883489891
1.35378151260504,-0.0524526883489678
1.35378151260504,-0.0524526883492875
1.35378151260504,-0.0524526883489251
1.35378151260504,-0.0524526883490175
1.35378151260504,-0.0524526883492236
1.35378151260504,-0.0524526883494296
1.35378151260504,-0.0524526883490672
1.35378151260504,-0.0524526883492733
1.35378151260504,-0.052452688349252
1.35378151260504,-0.0524526883493444
1.35378151260504,-0.052452688348982
1.35378151260504,-0.052452688348847
1.35378151260504,-0.052452688349053
1.35378151260504,-0.052452688348918
1.35378151260504,-0.0524526883493515
1.35378151260504,-0.0524526883491028
1.35378151260504,-0.0524526883491951
1.35378151260504,-0.0524526883491738
1.35378151260504,-0.0524526883490388
1.35378151260504,-0.0524526883493586
1.35378151260504,-0.0524526883489962
1.35378151260504,-0.0524526883494296
1.35378151260504,-0.0524526883489536
1.35378151260504,-0.0524526883491596
1.35378151260504,-0.0524526883487972
1.35378151260504,-0.052452688349117
1.35378151260504,-0.0524526883490957
1.35378151260504,-0.052452688349188
1.35378151260504,-0.0524526883491667
1.35378151260504,-0.0524526883492591
1.35378151260504,-0.0524526883492378
1.35378151260504,-0.0524526883489891
1.35378151260504,-0.0524526883495362
1.35378151260504,-0.0524526883490601
1.35378151260504,-0.0524526883490388
1.35378151260504,-0.0524526883487901
1.35378151260504,-0.0524526883492236
1.35378151260504,-0.0524526883493159
1.35378151260504,-0.0524526883491809
1.35378151260504,-0.0524526883492733
1.35378151260504,-0.0524526883490246
1.35378151260504,-0.052452688349117
1.35378151260504,-0.0524526883495504
1.35378151260504,-0.052452688349188
1.35378151260504,-0.052452688348712
1.35378151260504,-0.0524526883484633
1.35378151260504,-0.0524526883488967
1.35378151260504,-0.0524526883497849
1.35378151260504,-0.0524526883486267
1.35378151260504,-0.0524526883492875
1.35378151260504,-0.0524526883490388
1.35378151260504,-0.0524526883485628
1.35378151260504,-0.0524526883489962
1.35378151260504,-0.0524526883494296
1.35378151260504,-0.0524526883482714
1.35378151260504,-0.0524526883491596
1.35378151260504,-0.0524526883482288
1.35378151260504,-0.0524526883486622
1.35378151260504,-0.052452688349323
1.35378151260504,-0.0524526883483922
1.35378151260504,-0.0524526883483709
1.35378151260504,-0.0524526883490317
1.35378151260504,-0.0524526883490104
1.35378151260504,-0.0524526883487617
1.35378151260504,-0.0524526883494225
1.35378151260504,-0.0524526883484917
1.35378151260504,-0.0524526883493799
1.35378151260504,-0.0524526883486764
1.35378151260504,-0.0524526883484278
1.35378151260504,-0.0524526883486338
1.35378151260504,-0.0524526883486125
1.35378151260504,-0.0524526883488186
1.35378151260504,-0.0524526883485699
1.35378151260504,-0.0524526883487759
1.35378151260504,-0.0524526883485272
1.35378151260504,-0.052452688349188
1.35378151260504,-0.0524526883482572
1.35378151260504,-0.0524526883491454
1.35378151260504,-0.052452688348442
1.35378151260504,-0.0524526883491028
1.35882352941176,-0.057172487276528
1.35882352941176,-0.0571724872765067
1.35882352941176,-0.0571724872769401
1.35882352941176,-0.0571724872769188
1.35882352941176,-0.0571724872773522
1.35882352941176,-0.0571724872771036
1.35882352941176,-0.0571724872771959
1.35882352941176,-0.0571724872769472
1.35882352941176,-0.0571724872769259
1.35882352941176,-0.0571724872770183
1.35882352941176,-0.0571724872767696
1.35882352941176,-0.0571724872766346
1.35882352941176,-0.0571724872768407
1.35882352941176,-0.0571724872771604
1.35882352941176,-0.0571724872771391
1.35882352941176,-0.0571724872772315
1.35882352941176,-0.0571724872772101
1.35882352941176,-0.0571724872771888
1.35882352941176,-0.0571724872769401
1.35882352941176,-0.0571724872769188
1.35882352941176,-0.0571724872770112
1.35882352941176,-0.0571724872766488
1.35882352941176,-0.0571724872768549
1.35882352941176,-0.0571724872767199
1.35882352941176,-0.0571724872771533
1.35882352941176,-0.0571724872770183
1.35882352941176,-0.0571724872772243
1.35882352941176,-0.057172487277203
1.35882352941176,-0.057172487277068
1.35882352941176,-0.0571724872770467
1.35882352941176,-0.0571724872769117
1.35882352941176,-0.0571724872770041
1.35882352941176,-0.0571724872766417
1.35882352941176,-0.0571724872768478
1.35882352941176,-0.0571724872767128
1.35882352941176,-0.0571724872770325
1.35882352941176,-0.0571724872770112
1.35882352941176,-0.0571724872773309
1.35882352941176,-0.0571724872774233
1.35882352941176,-0.0571724872770609
1.35882352941176,-0.0571724872771533
1.35882352941176,-0.0571724872767909
1.35882352941176,-0.0571724872772243
1.35882352941176,-0.0571724872765209
1.35882352941176,-0.0571724872772954
1.35882352941176,-0.0571724872768193
1.35882352941176,-0.0571724872770254
1.35882352941176,-0.0571724872771178
1.35882352941176,-0.0571724872769828
1.35882352941176,-0.0571724872774162
1.35882352941176,-0.0571724872770538
1.35882352941176,-0.0571724872769188
1.35882352941176,-0.0571724872766701
1.35882352941176,-0.0571724872771036
1.35882352941176,-0.0571724872766275
1.35882352941176,-0.0571724872767199
1.35882352941176,-0.0571724872768122
1.35882352941176,-0.0571724872770183
1.35882352941176,-0.0571724872768833
1.35882352941176,-0.0571724872769757
1.35882352941176,-0.0571724872774091
1.35882352941176,-0.0571724872770467
1.35882352941176,-0.0571724872769117
1.35882352941176,-0.0571724872774588
1.35882352941176,-0.0571724872773238
1.35882352941176,-0.0571724872775299
1.35882352941176,-0.0571724872765991
1.35882352941176,-0.0571724872768051
1.35882352941176,-0.0571724872765564
1.35882352941176,-0.0571724872772172
1.35882352941176,-0.0571724872767412
1.35882352941176,-0.0571724872767199
1.35882352941176,-0.0571724872766985
1.35882352941176,-0.0571724872766772
1.35882352941176,-0.0571724872766559
1.35882352941176,-0.057172487276862
1.35882352941176,-0.0571724872772954
1.35882352941176,-0.0571724872768193
1.35882352941176,-0.057172487276798
1.35882352941176,-0.0571724872770041
1.35882352941176,-0.0571724872772101
1.35882352941176,-0.0571724872771888
1.35882352941176,-0.0571724872767128
1.35882352941176,-0.0571724872764641
1.35882352941176,-0.0571724872768975
1.35882352941176,-0.0571724872766488
1.35882352941176,-0.0571724872770822
1.35882352941176,-0.0571724872772883
1.35882352941176,-0.0571724872768122
1.35882352941176,-0.0571724872767909
1.35882352941176,-0.0571724872772243
1.35882352941176,-0.0571724872765209
1.35882352941176,-0.0571724872771817
1.35882352941176,-0.0571724872767057
1.35882352941176,-0.0571724872769117
1.35882352941176,-0.057172487276663
1.35882352941176,-0.0571724872764143
1.35882352941176,-0.0571724872770751
1.35882352941176,-0.0571724872768264
1.35882352941176,-0.0571724872768051
1.35882352941176,-0.0571724872770112
1.36386554621849,-0.0609542816576258
1.36386554621849,-0.0609542816573772
1.36386554621849,-0.0609542816576969
1.36386554621849,-0.0609542816577893
1.36386554621849,-0.0609542816578816
1.36386554621849,-0.0609542816575193
1.36386554621849,-0.0609542816577253
1.36386554621849,-0.060954281657704
1.36386554621849,-0.0609542816579101
1.36386554621849,-0.0609542816575477
1.36386554621849,-0.0609542816574127
1.36386554621849,-0.0609542816577324
1.36386554621849,-0.0609542816575974
1.36386554621849,-0.0609542816579172
1.36386554621849,-0.0609542816577822
1.36386554621849,-0.0609542816579882
1.36386554621849,-0.0609542816579669
1.36386554621849,-0.0609542816579456
1.36386554621849,-0.0609542816573558
1.36386554621849,-0.0609542816574482
1.36386554621849,-0.0609542816575406
1.36386554621849,-0.0609542816575193
1.36386554621849,-0.0609542816580664
1.36386554621849,-0.0609542816575903
1.36386554621849,-0.0609542816580237
1.36386554621849,-0.0609542816576614
1.36386554621849,-0.0609542816580948
1.36386554621849,-0.0609542816579598
1.36386554621849,-0.0609542816579385
1.36386554621849,-0.0609542816574624
1.36386554621849,-0.0609542816574411
1.36386554621849,-0.0609542816575335
1.36386554621849,-0.0609542816576258
1.36386554621849,-0.0609542816578319
1.36386554621849,-0.0609542816576969
1.36386554621849,-0.0609542816580166
1.36386554621849,-0.0609542816578816
1.36386554621849,-0.0609542816580877
1.36386554621849,-0.0609542816576116
1.36386554621849,-0.0609542816575903
1.36386554621849,-0.060954281657569
1.36386554621849,-0.060954281657434
1.36386554621849,-0.0609542816576401
1.36386554621849,-0.0609542816576187
1.36386554621849,-0.0609542816580522
1.36386554621849,-0.0609542816576898
1.36386554621849,-0.0609542816578958
1.36386554621849,-0.0609542816577608
1.36386554621849,-0.0609542816578532
1.36386554621849,-0.0609542816576045
1.36386554621849,-0.0609542816575832
1.36386554621849,-0.0609542816575619
1.36386554621849,-0.0609542816576543
1.36386554621849,-0.0609542816576329
1.36386554621849,-0.0609542816577253
1.36386554621849,-0.0609542816578177
1.36386554621849,-0.0609542816576827
1.36386554621849,-0.0609542816581161
1.36386554621849,-0.0609542816577537
1.36386554621849,-0.0609542816576187
1.36386554621849,-0.0609542816580522
1.36386554621849,-0.0609542816575761
1.36386554621849,-0.0609542816575548
1.36386554621849,-0.0609542816582156
1.36386554621849,-0.0609542816580806
1.36386554621849,-0.0609542816580593
1.36386554621849,-0.0609542816584927
1.36386554621849,-0.0609542816580166
1.36386554621849,-0.0609542816582227
1.36386554621849,-0.0609542816584288
1.36386554621849,-0.0609542816584074
1.36386554621849,-0.0609542816583861
1.36386554621849,-0.0609542816581374
1.36386554621849,-0.0609542816581161
1.36386554621849,-0.0609542816574127
1.36386554621849,-0.0609542816580735
1.36386554621849,-0.0609542816580522
1.36386554621849,-0.0609542816578035
1.36386554621849,-0.0609542816580095
1.36386554621849,-0.060954281658443
1.36386554621849,-0.0609542816579669
1.36386554621849,-0.0609542816584003
1.36386554621849,-0.0609542816586064
1.36386554621849,-0.0609542816576756
1.36386554621849,-0.0609542816576543
1.36386554621849,-0.0609542816578603
1.36386554621849,-0.0609542816580664
1.36386554621849,-0.0609542816580451
1.36386554621849,-0.060954281657569
1.36386554621849,-0.0609542816582298
1.36386554621849,-0.0609542816582085
1.36386554621849,-0.0609542816581872
1.36386554621849,-0.0609542816583932
1.36386554621849,-0.0609542816585993
1.36386554621849,-0.0609542816576685
1.36386554621849,-0.0609542816578745
1.36386554621849,-0.0609542816576258
1.36386554621849,-0.0609542816576045
1.36386554621849,-0.0609542816578106
1.36386554621849,-0.0609542816580166
1.36386554621849,-0.0609542816579953
1.36890756302521,-0.0639835836715683
1.36890756302521,-0.0639835836716607
1.36890756302521,-0.0639835836716394
1.36890756302521,-0.0639835836713907
1.36890756302521,-0.0639835836715967
1.36890756302521,-0.0639835836714617
1.36890756302521,-0.0639835836717815
1.36890756302521,-0.0639835836715328
1.36890756302521,-0.0639835836715115
1.36890756302521,-0.0639835836718312
1.36890756302521,-0.0639835836715825
1.36890756302521,-0.0639835836716749
1.36890756302521,-0.0639835836714262
1.36890756302521,-0.0639835836717459
1.36890756302521,-0.0639835836714973
1.36890756302521,-0.063983583671817
1.36890756302521,-0.0639835836717957
1.36890756302521,-0.0639835836716607
1.36890756302521,-0.0639835836715257
1.36890756302521,-0.0639835836717317
1.36890756302521,-0.0639835836715967
1.36890756302521,-0.0639835836718028
1.36890756302521,-0.0639835836716678
1.36890756302521,-0.0639835836715328
1.36890756302521,-0.0639835836717388
1.36890756302521,-0.0639835836716038
1.36890756302521,-0.0639835836718099
1.36890756302521,-0.0639835836717886
1.36890756302521,-0.0639835836716536
1.36890756302521,-0.0639835836716323
1.36890756302521,-0.0639835836718383
1.36890756302521,-0.0639835836715896
1.36890756302521,-0.0639835836719094
1.36890756302521,-0.0639835836717744
1.36890756302521,-0.0639835836716394
1.36890756302521,-0.063983583671618
1.36890756302521,-0.0639835836713694
1.36890756302521,-0.0639835836716891
1.36890756302521,-0.0639835836718952
1.36890756302521,-0.0639835836717602
1.36890756302521,-0.0639835836717388
1.36890756302521,-0.0639835836719449
1.36890756302521,-0.0639835836716962
1.36890756302521,-0.0639835836717886
1.36890756302521,-0.0639835836717673
1.36890756302521,-0.0639835836714049
1.36890756302521,-0.0639835836717246
1.36890756302521,-0.0639835836715896
1.36890756302521,-0.063983583671682
1.36890756302521,-0.0639835836720017
1.36890756302521,-0.0639835836715257
1.36890756302521,-0.0639835836718454
1.36890756302521,-0.0639835836718241
1.36890756302521,-0.0639835836715754
1.36890756302521,-0.0639835836715541
1.36890756302521,-0.0639835836716465
1.36890756302521,-0.0639835836716252
1.36890756302521,-0.0639835836718312
1.36890756302521,-0.0639835836713551
1.36890756302521,-0.0639835836719023
1.36890756302521,-0.063983583671881
1.36890756302521,-0.0639835836716323
1.36890756302521,-0.0639835836718383
1.36890756302521,-0.0639835836713623
1.36890756302521,-0.0639835836721367
1.36890756302521,-0.0639835836718881
1.36890756302521,-0.0639835836720941
1.36890756302521,-0.0639835836720728
1.36890756302521,-0.0639835836720515
1.36890756302521,-0.0639835836720302
1.36890756302521,-0.0639835836720088
1.36890756302521,-0.0639835836717602
1.36890756302521,-0.0639835836721936
1.36890756302521,-0.0639835836712628
1.36890756302521,-0.0639835836714688
1.36890756302521,-0.063983583672357
1.36890756302521,-0.0639835836721083
1.36890756302521,-0.0639835836714049
1.36890756302521,-0.0639835836718383
1.36890756302521,-0.0639835836722717
1.36890756302521,-0.0639835836717957
1.36890756302521,-0.0639835836717744
1.36890756302521,-0.0639835836719804
1.36890756302521,-0.0639835836717317
1.36890756302521,-0.0639835836721652
1.36890756302521,-0.0639835836714617
1.36890756302521,-0.0639835836723499
1.36890756302521,-0.0639835836723286
1.36890756302521,-0.0639835836716252
1.36890756302521,-0.0639835836718312
1.36890756302521,-0.0639835836722646
1.36890756302521,-0.0639835836717886
1.36890756302521,-0.063983583672222
1.36890756302521,-0.0639835836722007
1.36890756302521,-0.0639835836717246
1.36890756302521,-0.0639835836721581
1.36890756302521,-0.0639835836714546
1.36890756302521,-0.0639835836716607
1.36890756302521,-0.0639835836711846
1.36890756302521,-0.0639835836720728
1.36890756302521,-0.0639835836720515
1.37394957983193,-0.0663982767232874
1.37394957983193,-0.0663982767236071
1.37394957983193,-0.0663982767236995
1.37394957983193,-0.0663982767233371
1.37394957983193,-0.0663982767237705
1.37394957983193,-0.0663982767231808
1.37394957983193,-0.0663982767239553
1.37394957983193,-0.0663982767232518
1.37394957983193,-0.0663982767234579
1.37394957983193,-0.0663982767237776
1.37394957983193,-0.0663982767235289
1.37394957983193,-0.0663982767239624
1.37394957983193,-0.0663982767233726
1.37394957983193,-0.066398276723465
1.37394957983193,-0.06639827672333
1.37394957983193,-0.0663982767236497
1.37394957983193,-0.0663982767235147
1.37394957983193,-0.0663982767236071
1.37394957983193,-0.0663982767234721
1.37394957983193,-0.0663982767234508
1.37394957983193,-0.0663982767237705
1.37394957983193,-0.0663982767235218
1.37394957983193,-0.0663982767239553
1.37394957983193,-0.0663982767233655
1.37394957983193,-0.06639827672414
1.37394957983193,-0.0663982767232092
1.37394957983193,-0.0663982767239837
1.37394957983193,-0.0663982767233939
1.37394957983193,-0.0663982767236
1.37394957983193,-0.066398276723465
1.37394957983193,-0.0663982767235574
1.37394957983193,-0.0663982767238771
1.37394957983193,-0.0663982767232874
1.37394957983193,-0.0663982767234934
1.37394957983193,-0.0663982767234721
1.37394957983193,-0.0663982767236782
1.37394957983193,-0.0663982767232021
1.37394957983193,-0.066398276724204
1.37394957983193,-0.0663982767233868
1.37394957983193,-0.0663982767237066
1.37394957983193,-0.0663982767234579
1.37394957983193,-0.0663982767234366
1.37394957983193,-0.0663982767235289
1.37394957983193,-0.0663982767235076
1.37394957983193,-0.0663982767234863
1.37394957983193,-0.0663982767235787
1.37394957983193,-0.0663982767234437
1.37394957983193,-0.066398276723536
1.37394957983193,-0.0663982767236284
1.37394957983193,-0.0663982767234934
1.37394957983193,-0.0663982767236995
1.37394957983193,-0.0663982767235645
1.37394957983193,-0.0663982767234295
1.37394957983193,-0.0663982767237492
1.37394957983193,-0.0663982767235005
1.37394957983193,-0.0663982767234792
1.37394957983193,-0.0663982767236853
1.37394957983193,-0.0663982767235503
1.37394957983193,-0.0663982767235289
1.37394957983193,-0.0663982767235076
1.37394957983193,-0.0663982767238274
1.37394957983193,-0.066398276723465
1.37394957983193,-0.0663982767237847
1.37394957983193,-0.0663982767229676
1.37394957983193,-0.06639827672306
1.37394957983193,-0.0663982767234934
1.37394957983193,-0.0663982767239268
1.37394957983193,-0.0663982767236782
1.37394957983193,-0.0663982767238842
1.37394957983193,-0.0663982767238629
1.37394957983193,-0.0663982767233868
1.37394957983193,-0.0663982767238203
1.37394957983193,-0.0663982767237989
1.37394957983193,-0.0663982767237776
1.37394957983193,-0.0663982767242111
1.37394957983193,-0.066398276723735
1.37394957983193,-0.0663982767232589
1.37394957983193,-0.0663982767236924
1.37394957983193,-0.0663982767241258
1.37394957983193,-0.0663982767238771
1.37394957983193,-0.0663982767227189
1.37394957983193,-0.0663982767238345
1.37394957983193,-0.0663982767240405
1.37394957983193,-0.0663982767240192
1.37394957983193,-0.0663982767235431
1.37394957983193,-0.0663982767226123
1.37394957983193,-0.0663982767237279
1.37394957983193,-0.0663982767241613
1.37394957983193,-0.0663982767234579
1.37394957983193,-0.0663982767236639
1.37394957983193,-0.06639827672387
1.37394957983193,-0.0663982767238487
1.37394957983193,-0.0663982767240547
1.37394957983193,-0.0663982767242608
1.37394957983193,-0.0663982767242395
1.37394957983193,-0.0663982767237634
1.37394957983193,-0.0663982767239695
1.37394957983193,-0.0663982767234934
1.37394957983193,-0.0663982767236995
1.37394957983193,-0.0663982767227687
1.37394957983193,-0.0663982767234295
1.37899159663866,-0.0683031901529993
1.37899159663866,-0.0683031901527507
1.37899159663866,-0.0683031901529567
1.37899159663866,-0.0683031901531628
1.37899159663866,-0.0683031901529141
1.37899159663866,-0.0683031901530065
1.37899159663866,-0.0683031901529851
1.37899159663866,-0.0683031901530775
1.37899159663866,-0.0683031901529425
1.37899159663866,-0.0683031901529212
1.37899159663866,-0.0683031901528999
1.37899159663866,-0.0683031901531059
1.37899159663866,-0.0683031901530846
1.37899159663866,-0.0683031901530633
1.37899159663866,-0.068303190153042
1.37899159663866,-0.0683031901533617
1.37899159663866,-0.0683031901529993
1.37899159663866,-0.0683031901528643
1.37899159663866,-0.0683031901529567
1.37899159663866,-0.0683031901529354
1.37899159663866,-0.0683031901529141
1.37899159663866,-0.0683031901530065
1.37899159663866,-0.0683031901530988
1.37899159663866,-0.0683031901530775
1.37899159663866,-0.0683031901531699
1.37899159663866,-0.0683031901531486
1.37899159663866,-0.0683031901533546
1.37899159663866,-0.0683031901529922
1.37899159663866,-0.0683031901527436
1.37899159663866,-0.0683031901532907
1.37899159663866,-0.0683031901528146
1.37899159663866,-0.0683031901527933
1.37899159663866,-0.0683031901528857
1.37899159663866,-0.0683031901532054
1.37899159663866,-0.0683031901530704
1.37899159663866,-0.0683031901531628
1.37899159663866,-0.0683031901531415
1.37899159663866,-0.0683031901530065
1.37899159663866,-0.0683031901529851
1.37899159663866,-0.0683031901529638
1.37899159663866,-0.0683031901529425
1.37899159663866,-0.0683031901529212
1.37899159663866,-0.0683031901528999
1.37899159663866,-0.0683031901529922
1.37899159663866,-0.0683031901529709
1.37899159663866,-0.0683031901530633
1.37899159663866,-0.068303190153042
1.37899159663866,-0.068303190153248
1.37899159663866,-0.068303190152772
1.37899159663866,-0.0683031901532054
1.37899159663866,-0.0683031901529567
1.37899159663866,-0.0683031901530491
1.37899159663866,-0.0683031901526867
1.37899159663866,-0.0683031901528928
1.37899159663866,-0.0683031901530988
1.37899159663866,-0.0683031901530775
1.37899159663866,-0.0683031901531699
1.37899159663866,-0.0683031901529212
1.37899159663866,-0.0683031901531272
1.37899159663866,-0.0683031901528786
1.37899159663866,-0.0683031901530846
1.37899159663866,-0.0683031901530633
1.37899159663866,-0.068303190153042
1.37899159663866,-0.0683031901527933
1.37899159663866,-0.0683031901526583
1.37899159663866,-0.0683031901524096
1.37899159663866,-0.0683031901530704
1.37899159663866,-0.0683031901521396
1.37899159663866,-0.0683031901530278
1.37899159663866,-0.0683031901523243
1.37899159663866,-0.0683031901538946
1.37899159663866,-0.0683031901522817
1.37899159663866,-0.0683031901527151
1.37899159663866,-0.0683031901524664
1.37899159663866,-0.0683031901526725
1.37899159663866,-0.0683031901526512
1.37899159663866,-0.0683031901530846
1.37899159663866,-0.0683031901523812
1.37899159663866,-0.0683031901528146
1.37899159663866,-0.0683031901521112
1.37899159663866,-0.0683031901525446
1.37899159663866,-0.0683031901522959
1.37899159663866,-0.0683031901529567
1.37899159663866,-0.0683031901531628
1.37899159663866,-0.068303190152232
1.37899159663866,-0.0683031901531201
1.37899159663866,-0.0683031901524167
1.37899159663866,-0.0683031901533049
1.37899159663866,-0.0683031901523741
1.37899159663866,-0.0683031901534896
1.37899159663866,-0.0683031901523314
1.37899159663866,-0.0683031901525375
1.37899159663866,-0.0683031901522888
1.37899159663866,-0.0683031901529496
1.37899159663866,-0.0683031901531557
1.37899159663866,-0.0683031901522249
1.37899159663866,-0.0683031901528857
1.37899159663866,-0.0683031901521822
1.37899159663866,-0.068303190152843
1.37899159663866,-0.0683031901525943
1.37899159663866,-0.0683031901528004
1.38403361344538,-0.0697795317973195
1.38403361344538,-0.0697795317972982
1.38403361344538,-0.0697795317972769
1.38403361344538,-0.0697795317977103
1.38403361344538,-0.0697795317974617
1.38403361344538,-0.069779531797213
1.38403361344538,-0.0697795317975327
1.38403361344538,-0.069779531797284
1.38403361344538,-0.0697795317974901
1.38403361344538,-0.0697795317972414
1.38403361344538,-0.0697795317973338
1.38403361344538,-0.0697795317974261
1.38403361344538,-0.0697795317976322
1.38403361344538,-0.0697795317974972
1.38403361344538,-0.0697795317973622
1.38403361344538,-0.0697795317973409
1.38403361344538,-0.0697795317974332
1.38403361344538,-0.0697795317972982
1.38403361344538,-0.0697795317972769
1.38403361344538,-0.0697795317971419
1.38403361344538,-0.069779531797348
1.38403361344538,-0.069779531797213
1.38403361344538,-0.0697795317976464
1.38403361344538,-0.0697795317975114
1.38403361344538,-0.0697795317978311
1.38403361344538,-0.0697795317973551
1.38403361344538,-0.0697795317975611
1.38403361344538,-0.0697795317971988
1.38403361344538,-0.0697795317974048
1.38403361344538,-0.0697795317971561
1.38403361344538,-0.0697795317972485
1.38403361344538,-0.0697795317972272
1.38403361344538,-0.0697795317972059
1.38403361344538,-0.069779531797753
1.38403361344538,-0.0697795317973906
1.38403361344538,-0.069779531797824
1.38403361344538,-0.0697795317972343
1.38403361344538,-0.0697795317974403
1.38403361344538,-0.069779531797419
1.38403361344538,-0.0697795317975114
1.38403361344538,-0.0697795317973764
1.38403361344538,-0.0697795317973551
1.38403361344538,-0.0697795317973338
1.38403361344538,-0.0697795317974261
1.38403361344538,-0.0697795317977459
1.38403361344538,-0.0697795317973835
1.38403361344538,-0.0697795317978169
1.38403361344538,-0.0697795317972272
1.38403361344538,-0.0697795317972059
1.38403361344538,-0.0697795317974119
1.38403361344538,-0.0697795317975043
1.38403361344538,-0.0697795317973693
1.38403361344538,-0.0697795317974617
1.38403361344538,-0.0697795317974403
1.38403361344538,-0.0697795317971917
1.38403361344538,-0.0697795317978525
1.38403361344538,-0.0697795317974901
1.38403361344538,-0.0697795317974688
1.38403361344538,-0.0697795317974474
1.38403361344538,-0.0697795317973124
1.38403361344538,-0.0697795317974048
1.38403361344538,-0.0697795317973835
1.38403361344538,-0.0697795317973622
1.38403361344538,-0.0697795317971135
1.38403361344538,-0.0697795317965237
1.38403361344538,-0.0697795317974119
1.38403361344538,-0.0697795317967085
1.38403361344538,-0.0697795317964598
1.38403361344538,-0.0697795317966659
1.38403361344538,-0.069779531797554
1.38403361344538,-0.0697795317966232
1.38403361344538,-0.069779531797284
1.38403361344538,-0.069779531796808
1.38403361344538,-0.0697795317967866
1.38403361344538,-0.069779531796538
1.38403361344538,-0.0697795317965166
1.38403361344538,-0.0697795317974048
1.38403361344538,-0.0697795317962466
1.38403361344538,-0.0697795317969074
1.38403361344538,-0.0697795317977956
1.38403361344538,-0.0697795317968648
1.38403361344538,-0.0697795317966161
1.38403361344538,-0.0697795317972769
1.38403361344538,-0.0697795317970282
1.38403361344538,-0.0697795317967795
1.38403361344538,-0.0697795317967582
1.38403361344538,-0.0697795317965095
1.38403361344538,-0.0697795317971703
1.38403361344538,-0.0697795317964669
1.38403361344538,-0.069779531796673
1.38403361344538,-0.0697795317973338
1.38403361344538,-0.0697795317970851
1.38403361344538,-0.0697795317972911
1.38403361344538,-0.0697795317972698
1.38403361344538,-0.0697795317970211
1.38403361344538,-0.0697795317969998
1.38403361344538,-0.0697795317967511
1.38403361344538,-0.0697795317969572
1.38403361344538,-0.0697795317964811
1.38403361344538,-0.0697795317973693
1.38403361344538,-0.0697795317971206
1.3890756302521,-0.0708912096326166
1.3890756302521,-0.0708912096325953
1.3890756302521,-0.0708912096326877
1.3890756302521,-0.0708912096330074
1.3890756302521,-0.0708912096327587
1.3890756302521,-0.0708912096328511
1.3890756302521,-0.0708912096328298
1.3890756302521,-0.0708912096326948
1.3890756302521,-0.0708912096331282
1.3890756302521,-0.0708912096327659
1.3890756302521,-0.0708912096330856
1.3890756302521,-0.0708912096327232
1.3890756302521,-0.0708912096324745
1.3890756302521,-0.0708912096327943
1.3890756302521,-0.070891209632773
1.3890756302521,-0.0708912096327516
1.3890756302521,-0.0708912096327303
1.3890756302521,-0.0708912096328227
1.3890756302521,-0.0708912096326877
1.3890756302521,-0.0708912096328937
1.3890756302521,-0.0708912096325314
1.3890756302521,-0.0708912096328511
1.3890756302521,-0.0708912096327161
1.3890756302521,-0.0708912096325811
1.3890756302521,-0.0708912096329009
1.3890756302521,-0.0708912096327659
1.3890756302521,-0.0708912096328582
1.3890756302521,-0.0708912096328369
1.3890756302521,-0.0708912096329293
1.3890756302521,-0.0708912096326806
1.3890756302521,-0.0708912096328866
1.3890756302521,-0.0708912096328653
1.3890756302521,-0.070891209632844
1.3890756302521,-0.070891209632709
1.3890756302521,-0.070891209632574
1.3890756302521,-0.0708912096328937
1.3890756302521,-0.0708912096328724
1.3890756302521,-0.0708912096330785
1.3890756302521,-0.0708912096328298
1.3890756302521,-0.0708912096328085
1.3890756302521,-0.0708912096327872
1.3890756302521,-0.0708912096326522
1.3890756302521,-0.0708912096329719
1.3890756302521,-0.0708912096328369
1.3890756302521,-0.0708912096328156
1.3890756302521,-0.0708912096330216
1.3890756302521,-0.070891209633114
1.3890756302521,-0.0708912096328653
1.3890756302521,-0.0708912096329577
1.3890756302521,-0.0708912096330501
1.3890756302521,-0.0708912096326877
1.3890756302521,-0.0708912096328937
1.3890756302521,-0.0708912096327587
1.3890756302521,-0.0708912096326237
1.3890756302521,-0.0708912096327161
1.3890756302521,-0.0708912096330359
1.3890756302521,-0.0708912096330145
1.3890756302521,-0.0708912096331069
1.3890756302521,-0.0708912096328582
1.3890756302521,-0.0708912096330643
1.3890756302521,-0.0708912096332703
1.3890756302521,-0.0708912096327943
1.3890756302521,-0.0708912096330003
1.3890756302521,-0.0708912096330927
1.3890756302521,-0.0708912096329577
1.3890756302521,-0.0708912096331638
1.3890756302521,-0.0708912096333698
1.3890756302521,-0.0708912096331211
1.3890756302521,-0.0708912096330998
1.3890756302521,-0.0708912096335332
1.3890756302521,-0.0708912096330572
1.3890756302521,-0.0708912096332632
1.3890756302521,-0.0708912096325598
1.3890756302521,-0.0708912096332206
1.3890756302521,-0.0708912096327445
1.3890756302521,-0.0708912096334053
1.3890756302521,-0.0708912096331566
1.3890756302521,-0.070891209632908
1.3890756302521,-0.0708912096333414
1.3890756302521,-0.0708912096335474
1.3890756302521,-0.0708912096332988
1.3890756302521,-0.0708912096332774
1.3890756302521,-0.0708912096328014
1.3890756302521,-0.0708912096332348
1.3890756302521,-0.0708912096327587
1.3890756302521,-0.0708912096331922
1.3890756302521,-0.0708912096327161
1.3890756302521,-0.0708912096333769
1.3890756302521,-0.0708912096329009
1.3890756302521,-0.0708912096331069
1.3890756302521,-0.0708912096337677
1.3890756302521,-0.0708912096332917
1.3890756302521,-0.0708912096332703
1.3890756302521,-0.0708912096334764
1.3890756302521,-0.0708912096336825
1.3890756302521,-0.0708912096325243
1.3890756302521,-0.0708912096331851
1.3890756302521,-0.070891209632709
1.3890756302521,-0.0708912096331424
1.3890756302521,-0.0708912096326664
1.3890756302521,-0.0708912096333272
1.39411764705882,-0.071689201524844
1.39411764705882,-0.0716892015253912
1.39411764705882,-0.0716892015248014
1.39411764705882,-0.0716892015252348
1.39411764705882,-0.0716892015249861
1.39411764705882,-0.0716892015251922
1.39411764705882,-0.0716892015246025
1.39411764705882,-0.0716892015256043
1.39411764705882,-0.0716892015250146
1.39411764705882,-0.0716892015251069
1.39411764705882,-0.0716892015245172
1.39411764705882,-0.0716892015254054
1.39411764705882,-0.0716892015249293
1.39411764705882,-0.0716892015253627
1.39411764705882,-0.071689201524773
1.39411764705882,-0.0716892015253201
1.39411764705882,-0.0716892015247304
1.39411764705882,-0.0716892015251638
1.39411764705882,-0.0716892015248014
1.39411764705882,-0.0716892015250075
1.39411764705882,-0.0716892015249861
1.39411764705882,-0.0716892015253059
1.39411764705882,-0.0716892015247161
1.39411764705882,-0.0716892015251496
1.39411764705882,-0.0716892015252419
1.39411764705882,-0.0716892015253343
1.39411764705882,-0.0716892015248582
1.39411764705882,-0.0716892015254054
1.39411764705882,-0.0716892015245882
1.39411764705882,-0.0716892015250217
1.39411764705882,-0.0716892015248867
1.39411764705882,-0.0716892015255475
1.39411764705882,-0.071689201524844
1.39411764705882,-0.0716892015253912
1.39411764705882,-0.0716892015249151
1.39411764705882,-0.0716892015254622
1.39411764705882,-0.0716892015248725
1.39411764705882,-0.0716892015250785
1.39411764705882,-0.0716892015248298
1.39411764705882,-0.0716892015248085
1.39411764705882,-0.0716892015250146
1.39411764705882,-0.0716892015249933
1.39411764705882,-0.0716892015249719
1.39411764705882,-0.0716892015252917
1.39411764705882,-0.0716892015251567
1.39411764705882,-0.071689201525249
1.39411764705882,-0.0716892015248867
1.39411764705882,-0.0716892015252064
1.39411764705882,-0.071689201524844
1.39411764705882,-0.0716892015250501
1.39411764705882,-0.0716892015250288
1.39411764705882,-0.0716892015252348
1.39411764705882,-0.0716892015246451
1.39411764705882,-0.0716892015250785
1.39411764705882,-0.0716892015246025
1.39411764705882,-0.0716892015251496
1.39411764705882,-0.0716892015245598
1.39411764705882,-0.0716892015251069
1.39411764705882,-0.0716892015251993
1.39411764705882,-0.0716892015250643
1.39411764705882,-0.071689201525043
1.39411764705882,-0.0716892015250217
1.39411764705882,-0.0716892015250004
1.39411764705882,-0.0716892015254338
1.39411764705882,-0.0716892015257535
1.39411764705882,-0.0716892015245953
1.39411764705882,-0.0716892015254835
1.39411764705882,-0.0716892015245527
1.39411764705882,-0.0716892015252135
1.39411764705882,-0.0716892015245101
1.39411764705882,-0.0716892015251709
1.39411764705882,-0.0716892015258317
1.39411764705882,-0.0716892015253556
1.39411764705882,-0.0716892015251069
1.39411764705882,-0.0716892015250856
1.39411764705882,-0.0716892015248369
1.39411764705882,-0.0716892015254977
1.39411764705882,-0.0716892015250217
1.39411764705882,-0.0716892015254551
1.39411764705882,-0.0716892015247517
1.39411764705882,-0.0716892015251851
1.39411764705882,-0.0716892015249364
1.39411764705882,-0.0716892015255972
1.39411764705882,-0.0716892015251211
1.39411764705882,-0.0716892015244177
1.39411764705882,-0.0716892015250785
1.39411764705882,-0.0716892015248298
1.39411764705882,-0.0716892015254906
1.39411764705882,-0.0716892015254693
1.39411764705882,-0.0716892015252206
1.39411764705882,-0.0716892015247446
1.39411764705882,-0.071689201525178
1.39411764705882,-0.0716892015249293
1.39411764705882,-0.0716892015258175
1.39411764705882,-0.0716892015253414
1.39411764705882,-0.0716892015253201
1.39411764705882,-0.0716892015250714
1.39411764705882,-0.0716892015252775
1.39411764705882,-0.0716892015248014
1.39411764705882,-0.0716892015250075
1.39411764705882,-0.0716892015252135
1.39915966386555,-0.0722146444376612
1.39915966386555,-0.0722146444376399
1.39915966386555,-0.0722146444376186
1.39915966386555,-0.072214644437711
1.39915966386555,-0.0722146444376897
1.39915966386555,-0.0722146444376683
1.39915966386555,-0.0722146444375333
1.39915966386555,-0.0722146444372846
1.39915966386555,-0.0722146444377181
1.39915966386555,-0.0722146444373557
1.39915966386555,-0.0722146444374481
1.39915966386555,-0.0722146444377678
1.39915966386555,-0.0722146444374054
1.39915966386555,-0.0722146444378389
1.39915966386555,-0.0722146444377039
1.39915966386555,-0.0722146444379099
1.39915966386555,-0.0722146444376612
1.39915966386555,-0.0722146444375262
1.39915966386555,-0.0722146444373912
1.39915966386555,-0.0722146444372562
1.39915966386555,-0.0722146444376897
1.39915966386555,-0.072214644437441
1.39915966386555,-0.0722146444375333
1.39915966386555,-0.072214644437512
1.39915966386555,-0.0722146444378318
1.39915966386555,-0.0722146444376968
1.39915966386555,-0.0722146444379028
1.39915966386555,-0.0722146444375404
1.39915966386555,-0.0722146444375191
1.39915966386555,-0.0722146444373841
1.39915966386555,-0.0722146444372491
1.39915966386555,-0.0722146444376826
1.39915966386555,-0.0722146444373202
1.39915966386555,-0.0722146444377536
1.39915966386555,-0.0722146444377323
1.39915966386555,-0.0722146444374836
1.39915966386555,-0.0722146444374623
1.39915966386555,-0.0722146444378957
1.39915966386555,-0.072214644437647
1.39915966386555,-0.072214644437512
1.39915966386555,-0.0722146444374907
1.39915966386555,-0.0722146444373557
1.39915966386555,-0.0722146444374481
1.39915966386555,-0.0722146444375404
1.39915966386555,-0.0722146444377465
1.39915966386555,-0.0722146444374978
1.39915966386555,-0.0722146444378176
1.39915966386555,-0.0722146444377962
1.39915966386555,-0.0722146444376612
1.39915966386555,-0.0722146444377536
1.39915966386555,-0.0722146444376186
1.39915966386555,-0.0722146444374836
1.39915966386555,-0.0722146444373486
1.39915966386555,-0.0722146444376683
1.39915966386555,-0.0722146444375333
1.39915966386555,-0.0722146444377394
1.39915966386555,-0.0722146444376044
1.39915966386555,-0.0722146444379241
1.39915966386555,-0.0722146444379028
1.39915966386555,-0.0722146444377678
1.39915966386555,-0.0722146444375191
1.39915966386555,-0.0722146444371567
1.39915966386555,-0.0722146444378176
1.39915966386555,-0.0722146444376826
1.39915966386555,-0.0722146444373202
1.39915966386555,-0.072214644437981
1.39915966386555,-0.0722146444370502
1.39915966386555,-0.0722146444374836
1.39915966386555,-0.0722146444374623
1.39915966386555,-0.0722146444381231
1.39915966386555,-0.0722146444369649
1.39915966386555,-0.0722146444376257
1.39915966386555,-0.0722146444366949
1.39915966386555,-0.0722146444373557
1.39915966386555,-0.0722146444368796
1.39915966386555,-0.0722146444382226
1.39915966386555,-0.0722146444375191
1.39915966386555,-0.0722146444379526
1.39915966386555,-0.0722146444372491
1.39915966386555,-0.0722146444383647
1.39915966386555,-0.0722146444367517
1.39915966386555,-0.0722146444380947
1.39915966386555,-0.0722146444376186
1.39915966386555,-0.0722146444371425
1.39915966386555,-0.0722146444378033
1.39915966386555,-0.0722146444370999
1.39915966386555,-0.0722146444375333
1.39915966386555,-0.0722146444377394
1.39915966386555,-0.0722146444377181
1.39915966386555,-0.072214644437242
1.39915966386555,-0.0722146444383576
1.39915966386555,-0.072214644436972
1.39915966386555,-0.0722146444380876
1.39915966386555,-0.0722146444373841
1.39915966386555,-0.0722146444380449
1.39915966386555,-0.0722146444371141
1.39915966386555,-0.0722146444380023
1.39915966386555,-0.0722146444372989
1.39915966386555,-0.0722146444377323
1.39915966386555,-0.0722146444372562
1.39915966386555,-0.0722146444383718
1.40420168067227,-0.0725010724170652
1.40420168067227,-0.0725010724171575
1.40420168067227,-0.0725010724169088
1.40420168067227,-0.0725010724167738
1.40420168067227,-0.0725010724172073
1.40420168067227,-0.0725010724170723
1.40420168067227,-0.0725010724172783
1.40420168067227,-0.0725010724170296
1.40420168067227,-0.072501072417122
1.40420168067227,-0.0725010724171007
1.40420168067227,-0.0725010724169657
1.40420168067227,-0.072501072416717
1.40420168067227,-0.0725010724169231
1.40420168067227,-0.072501072416788
1.40420168067227,-0.0725010724172215
1.40420168067227,-0.0725010724174275
1.40420168067227,-0.0725010724172925
1.40420168067227,-0.0725010724172712
1.40420168067227,-0.0725010724170225
1.40420168067227,-0.0725010724172286
1.40420168067227,-0.0725010724172073
1.40420168067227,-0.0725010724169586
1.40420168067227,-0.0725010724168236
1.40420168067227,-0.0725010724169159
1.40420168067227,-0.0725010724173494
1.40420168067227,-0.0725010724171007
1.40420168067227,-0.0725010724174204
1.40420168067227,-0.0725010724170581
1.40420168067227,-0.0725010724173778
1.40420168067227,-0.0725010724169017
1.40420168067227,-0.0725010724171078
1.40420168067227,-0.0725010724172002
1.40420168067227,-0.0725010724169515
1.40420168067227,-0.0725010724169302
1.40420168067227,-0.0725010724165678
1.40420168067227,-0.0725010724171149
1.40420168067227,-0.0725010724168662
1.40420168067227,-0.0725010724172996
1.40420168067227,-0.0725010724170509
1.40420168067227,-0.072501072417257
1.40420168067227,-0.0725010724170083
1.40420168067227,-0.0725010724171007
1.40420168067227,-0.0725010724171931
1.40420168067227,-0.0725010724170581
1.40420168067227,-0.0725010724169231
1.40420168067227,-0.072501072416447
1.40420168067227,-0.0725010724172215
1.40420168067227,-0.0725010724167454
1.40420168067227,-0.0725010724171788
1.40420168067227,-0.0725010724170438
1.40420168067227,-0.0725010724171362
1.40420168067227,-0.0725010724170012
1.40420168067227,-0.0725010724170936
1.40420168067227,-0.0725010724172996
1.40420168067227,-0.0725010724170509
1.40420168067227,-0.072501072417257
1.40420168067227,-0.0725010724166673
1.40420168067227,-0.0725010724173281
1.40420168067227,-0.072501072416852
1.40420168067227,-0.0725010724172854
1.40420168067227,-0.0725010724172641
1.40420168067227,-0.0725010724170154
1.40420168067227,-0.0725010724172215
1.40420168067227,-0.0725010724162907
1.40420168067227,-0.0725010724166104
1.40420168067227,-0.0725010724168165
1.40420168067227,-0.0725010724165678
1.40420168067227,-0.0725010724167738
1.40420168067227,-0.0725010724162978
1.40420168067227,-0.0725010724169586
1.40420168067227,-0.0725010724158004
1.40420168067227,-0.0725010724171433
1.40420168067227,-0.0725010724162125
1.40420168067227,-0.0725010724175554
1.40420168067227,-0.0725010724163972
1.40420168067227,-0.0725010724168307
1.40420168067227,-0.0725010724168094
1.40420168067227,-0.0725010724165607
1.40420168067227,-0.072501072416312
1.40420168067227,-0.0725010724169728
1.40420168067227,-0.0725010724162694
1.40420168067227,-0.072501072416248
1.40420168067227,-0.0725010724171362
1.40420168067227,-0.0725010724164328
1.40420168067227,-0.0725010724166388
1.40420168067227,-0.0725010724161628
1.40420168067227,-0.0725010724168236
1.40420168067227,-0.0725010724168023
1.40420168067227,-0.0725010724165536
1.40420168067227,-0.0725010724165323
1.40420168067227,-0.0725010724167383
1.40420168067227,-0.0725010724164896
1.40420168067227,-0.0725010724162409
1.40420168067227,-0.0725010724171291
1.40420168067227,-0.0725010724164257
1.40420168067227,-0.0725010724166317
1.40420168067227,-0.0725010724161557
1.40420168067227,-0.0725010724170438
1.40420168067227,-0.0725010724163404
1.40420168067227,-0.0725010724172286
1.40420168067227,-0.0725010724162978
1.40924369747899,-0.0725760647142515
1.40924369747899,-0.0725760647134344
1.40924369747899,-0.0725760647143225
1.40924369747899,-0.0725760647135054
1.40924369747899,-0.0725760647139388
1.40924369747899,-0.0725760647136902
1.40924369747899,-0.0725760647140099
1.40924369747899,-0.0725760647137612
1.40924369747899,-0.0725760647137399
1.40924369747899,-0.0725760647138323
1.40924369747899,-0.0725760647134699
1.40924369747899,-0.0725760647141307
1.40924369747899,-0.072576064713882
1.40924369747899,-0.0725760647140881
1.40924369747899,-0.0725760647140667
1.40924369747899,-0.0725760647140454
1.40924369747899,-0.0725760647141378
1.40924369747899,-0.0725760647138891
1.40924369747899,-0.0725760647137541
1.40924369747899,-0.0725760647139602
1.40924369747899,-0.0725760647139388
1.40924369747899,-0.0725760647138038
1.40924369747899,-0.0725760647141236
1.40924369747899,-0.0725760647139886
1.40924369747899,-0.0725760647138536
1.40924369747899,-0.0725760647140596
1.40924369747899,-0.072576064714152
1.40924369747899,-0.0725760647141307
1.40924369747899,-0.072576064713882
1.40924369747899,-0.0725760647136333
1.40924369747899,-0.0725760647137257
1.40924369747899,-0.0725760647140454
1.40924369747899,-0.0725760647139104
1.40924369747899,-0.0725760647142302
1.40924369747899,-0.0725760647139815
1.40924369747899,-0.0725760647141875
1.40924369747899,-0.0725760647138252
1.40924369747899,-0.0725760647141449
1.40924369747899,-0.0725760647140099
1.40924369747899,-0.0725760647137612
1.40924369747899,-0.0725760647139673
1.40924369747899,-0.0725760647136049
1.40924369747899,-0.072576064713811
1.40924369747899,-0.0725760647137896
1.40924369747899,-0.0725760647141094
1.40924369747899,-0.0725760647140881
1.40924369747899,-0.0725760647139531
1.40924369747899,-0.0725760647139317
1.40924369747899,-0.0725760647137967
1.40924369747899,-0.0725760647140028
1.40924369747899,-0.0725760647139815
1.40924369747899,-0.0725760647138465
1.40924369747899,-0.0725760647137115
1.40924369747899,-0.0725760647139175
1.40924369747899,-0.0725760647137825
1.40924369747899,-0.0725760647141023
1.40924369747899,-0.072576064714081
1.40924369747899,-0.072576064714287
1.40924369747899,-0.0725760647139246
1.40924369747899,-0.0725760647135623
1.40924369747899,-0.0725760647141094
1.40924369747899,-0.0725760647140881
1.40924369747899,-0.0725760647137257
1.40924369747899,-0.0725760647137044
1.40924369747899,-0.072576064713342
1.40924369747899,-0.0725760647140028
1.40924369747899,-0.0725760647135267
1.40924369747899,-0.0725760647141875
1.40924369747899,-0.072576064712802
1.40924369747899,-0.0725760647134628
1.40924369747899,-0.0725760647136688
1.40924369747899,-0.0725760647134202
1.40924369747899,-0.0725760647143083
1.40924369747899,-0.0725760647129228
1.40924369747899,-0.072576064713811
1.40924369747899,-0.0725760647135623
1.40924369747899,-0.0725760647144504
1.40924369747899,-0.072576064713747
1.40924369747899,-0.0725760647139531
1.40924369747899,-0.0725760647139317
1.40924369747899,-0.0725760647136831
1.40924369747899,-0.0725760647138891
1.40924369747899,-0.0725760647143225
1.40924369747899,-0.0725760647140739
1.40924369747899,-0.0725760647133704
1.40924369747899,-0.0725760647140312
1.40924369747899,-0.0725760647137825
1.40924369747899,-0.0725760647139886
1.40924369747899,-0.0725760647139673
1.40924369747899,-0.0725760647137186
1.40924369747899,-0.0725760647136973
1.40924369747899,-0.0725760647136759
1.40924369747899,-0.0725760647134273
1.40924369747899,-0.0725760647138607
1.40924369747899,-0.0725760647129299
1.40924369747899,-0.0725760647140454
1.40924369747899,-0.072576064713342
1.40924369747899,-0.0725760647137754
1.40924369747899,-0.0725760647137541
1.40924369747899,-0.0725760647137328
1.40924369747899,-0.0725760647137115
1.41428571428571,-0.0724624848130979
1.41428571428571,-0.072462481099155
1.41428571428571,-0.072462484266449
1.41428571428571,-0.0724624815656831
1.41428571428571,-0.0724624838685024
1.41428571428571,-0.0724624819047683
1.41428571428571,-0.0724624835794678
1.41428571428571,-0.0724624821510851
1.41428571428571,-0.0724624833689909
1.41428571428571,-0.0724624823302129
1.41428571428571,-0.0724624832161531
1.41428571428571,-0.0724624824610238
1.41428571428571,-0.0724624831050384
1.41428571428571,-0.072462482555455
1.41428571428571,-0.0724624830247329
1.41428571428571,-0.0724624826246476
1.41428571428571,-0.0724624829658005
1.41428571428571,-0.0724624826745135
1.41428571428571,-0.0724624829227842
1.41428571428571,-0.0724624827113054
1.41428571428571,-0.0724624828912503
1.41428571428571,-0.0724624827378655
1.41428571428571,-0.0724624828689251
1.41428571428571,-0.0724624827571496
1.41428571428571,-0.0724624828520568
1.41428571428571,-0.0724624827713178
1.41428571428571,-0.0724624828406455
1.41428571428571,-0.0724624827817344
1.41428571428571,-0.0724624828317353
1.41428571428571,-0.0724624827886267
1.41428571428571,-0.0724624828254399
1.41428571428571,-0.0724624827942684
1.41428571428571,-0.0724624828207361
1.41428571428571,-0.0724624827982048
1.41428571428571,-0.0724624828172828
1.41428571428571,-0.0724624828008906
1.41428571428571,-0.0724624828147391
1.41428571428571,-0.0724624828034628
1.41428571428571,-0.0724624828133322
1.41428571428571,-0.0724624828047844
1.41428571428571,-0.072462482812039
1.41428571428571,-0.0724624828057649
1.41428571428571,-0.0724624828107459
1.41428571428571,-0.0724624828065181
1.41428571428571,-0.0724624828102485
1.41428571428571,-0.072462482807385
1.41428571428571,-0.0724624828097511
1.41428571428571,-0.0724624828075697
1.41428571428571,-0.0724624828094811
1.41428571428571,-0.0724624828076408
1.41428571428571,-0.0724624828095521
1.41428571428571,-0.0724624828078255
1.41428571428571,-0.0724624828088274
1.41428571428571,-0.0724624828080103
1.41428571428571,-0.0724624828086711
1.41428571428571,-0.0724624828084224
1.41428571428571,-0.0724624828086284
1.41428571428571,-0.0724624828088345
1.41428571428571,-0.0724624828090406
1.41428571428571,-0.0724624828087919
1.41428571428571,-0.0724624828088842
1.41428571428571,-0.0724624828082945
1.41428571428571,-0.0724624828087279
1.41428571428571,-0.0724624828084792
1.41428571428571,-0.0724624828085716
1.41428571428571,-0.0724624828085503
1.41428571428571,-0.0724624828087563
1.41428571428571,-0.072462482808735
1.41428571428571,-0.072462482808259
1.41428571428571,-0.072462482808465
1.41428571428571,-0.0724624828086711
1.41428571428571,-0.0724624828084224
1.41428571428571,-0.0724624828088558
1.41428571428571,-0.0724624828083797
1.41428571428571,-0.0724624828083584
1.41428571428571,-0.0724624828087919
1.41428571428571,-0.0724624828087705
1.41428571428571,-0.0724624828082945
1.41428571428571,-0.0724624828085005
1.41428571428571,-0.072462482808934
1.41428571428571,-0.0724624828080032
1.41428571428571,-0.072462482808664
1.41428571428571,-0.07246248280887
1.41428571428571,-0.072462482808394
1.41428571428571,-0.0724624828090548
1.41428571428571,-0.0724624828083513
1.41428571428571,-0.0724624828087848
1.41428571428571,-0.0724624828085361
1.41428571428571,-0.07246248280806
1.41428571428571,-0.0724624828084934
1.41428571428571,-0.0724624828089269
1.41428571428571,-0.0724624828082234
1.41428571428571,-0.0724624828084295
1.41428571428571,-0.0724624828090903
1.41428571428571,-0.0724624828083869
1.41428571428571,-0.0724624828090477
1.41428571428571,-0.0724624828081168
1.41428571428571,-0.0724624828094598
1.41428571428571,-0.0724624828076195
1.41428571428571,-0.072462482808735
1.41428571428571,-0.0724624828078042
1.41932773109244,-0.0721836507148446
1.41932773109244,-0.0721754958768948
1.41932773109244,-0.0721830210419476
1.41932773109244,-0.0721760772715676
1.41932773109244,-0.072182484857489
1.41932773109244,-0.0721765723006236
1.41932773109244,-0.0721820282829206
1.41932773109244,-0.0721769937979424
1.41932773109244,-0.0721816395016326
1.41932773109244,-0.0721773526862144
1.41932773109244,-0.0721813084491565
1.41932773109244,-0.0721776582676377
1.41932773109244,-0.0721810265543006
1.41932773109244,-0.0721779184608415
1.41932773109244,-0.0721807865182562
1.41932773109244,-0.0721781400081376
1.41932773109244,-0.0721805821271282
1.41932773109244,-0.0721783286504838
1.41932773109244,-0.0721804080868615
1.41932773109244,-0.0721784892751636
1.41932773109244,-0.0721802598922743
1.41932773109244,-0.0721786260433426
1.41932773109244,-0.0721801337045029
1.41932773109244,-0.0721787424989806
1.41932773109244,-0.0721800262558467
1.41932773109244,-0.0721788416590989
1.41932773109244,-0.0721799347634793
1.41932773109244,-0.0721789260921106
1.41932773109244,-0.0721798568585079
1.41932773109244,-0.0721789979852367
1.41932773109244,-0.0721797905228776
1.41932773109244,-0.0721790592011224
1.41932773109244,-0.0721797340380981
1.41932773109244,-0.0721791113258128
1.41932773109244,-0.072179685942384
1.41932773109244,-0.0721791557089979
1.41932773109244,-0.0721796449890455
1.41932773109244,-0.0721791935009612
1.41932773109244,-0.0721796101174981
1.41932773109244,-0.0721792256797507
1.41932773109244,-0.0721795804247272
1.41932773109244,-0.0721792530801686
1.41932773109244,-0.0721795551411866
1.41932773109244,-0.0721792764111662
1.41932773109244,-0.0721795336132907
1.41932773109244,-0.0721792962772163
1.41932773109244,-0.0721795152818139
1.41932773109244,-0.0721793131927519
1.41932773109244,-0.0721794996730232
1.41932773109244,-0.0721793275963769
1.41932773109244,-0.0721794863820797
1.41932773109244,-0.0721793398607566
1.41932773109244,-0.0721794750647398
1.41932773109244,-0.0721793503039869
1.41932773109244,-0.0721794654286008
1.41932773109244,-0.0721793591961877
1.41932773109244,-0.0721794572233243
1.41932773109244,-0.0721793667675747
1.41932773109244,-0.0721794502367707
1.41932773109244,-0.072179373214599
1.41932773109244,-0.0721794442880643
1.41932773109244,-0.0721793787044938
1.41932773109244,-0.0721794392219088
1.41932773109244,-0.072179383378117
1.41932773109244,-0.0721794349090423
1.41932773109244,-0.0721793873581369
1.41932773109244,-0.0721794312369148
1.41932773109244,-0.0721793907470989
1.41932773109244,-0.0721794281095747
1.41932773109244,-0.0721793936328829
1.41932773109244,-0.0721794254460768
1.41932773109244,-0.0721793960900676
1.41932773109244,-0.0721794231784365
1.41932773109244,-0.0721793981825449
1.41932773109244,-0.0721794212479914
1.41932773109244,-0.0721793999635203
1.41932773109244,-0.0721794196051739
1.41932773109244,-0.0721794014805148
1.41932773109244,-0.0721794182051916
1.41932773109244,-0.072179402772182
1.41932773109244,-0.0721794170128014
1.41932773109244,-0.0721794038728554
1.41932773109244,-0.07217941599799
1.41932773109244,-0.0721794048084554
1.41932773109244,-0.0721794151337001
1.41932773109244,-0.0721794056060396
1.41932773109244,-0.0721794143976489
1.41932773109244,-0.0721794062856169
1.41932773109244,-0.0721794137716465
1.41932773109244,-0.0721794068640129
1.41932773109244,-0.0721794132381852
1.41932773109244,-0.0721794073557795
1.41932773109244,-0.0721794127836226
1.41932773109244,-0.0721794077745592
1.41932773109244,-0.0721794123968174
1.41932773109244,-0.072179408131948
1.41932773109244,-0.0721794120673103
1.41932773109244,-0.0721794084363587
1.41932773109244,-0.0721794117862338
1.41932773109244,-0.0721794086946126
1.41932773109244,-0.0721794115483583
1.42436974789916,-0.0746064239602156
1.42436974789916,-0.0681250108480249
1.42436974789916,-0.0745631278924712
1.42436974789916,-0.0681945328724147
1.42436974789916,-0.0745206529603131
1.42436974789916,-0.0682621642554757
1.42436974789916,-0.074478974873184
1.42436974789916,-0.0683279838065154
1.42436974789916,-0.0744380704631844
1.42436974789916,-0.0683920656808432
1.42436974789916,-0.0743979176182243
1.42436974789916,-0.0684544797343598
1.42436974789916,-0.0743584952167673
1.42436974789916,-0.0685152918377874
1.42436974789916,-0.0743197830683719
1.42436974789916,-0.0685745641703228
1.42436974789916,-0.0742817618611689
1.42436974789916,-0.0686323554808901
1.42436974789916,-0.0742444131085414
1.42436974789916,-0.0686887213347269
1.42436974789916,-0.0742077191037644
1.42436974789916,-0.0687437143331415
1.42436974789916,-0.0741716628744165
1.42436974789916,-0.0687973843124645
1.42436974789916,-0.0741362281420201
1.42436974789916,-0.0688497785357249
1.42436974789916,-0.0741013992830482
1.42436974789916,-0.0689009418631805
1.42436974789916,-0.0740671612925432
1.42436974789916,-0.0689509169045444
1.42436974789916,-0.0740334997542185
1.42436974789916,-0.0689997441705295
1.42436974789916,-0.0740004008048736
1.42436974789916,-0.0690474622037023
1.42436974789916,-0.0739678511067687
1.42436974789916,-0.0690941077004688
1.42436974789916,-0.0739358378215904
1.42436974789916,-0.0691397156272622
1.42436974789916,-0.0739043512208148
1.42436974789916,-0.0691843192113346
1.42436974789916,-0.0738733741744504
1.42436974789916,-0.0692279504045992
1.42436974789916,-0.0738428977624004
1.42436974789916,-0.0692706395650795
1.42436974789916,-0.0738129108972423
1.42436974789916,-0.0693124157172527
1.42436974789916,-0.0737834028763835
1.42436974789916,-0.0693533066141221
1.42436974789916,-0.0737543633633031
1.42436974789916,-0.0693933388045203
1.42436974789916,-0.073725782370385
1.42436974789916,-0.0694325377062093
1.42436974789916,-0.0736976502405007
1.42436974789916,-0.0694709276661349
1.42436974789916,-0.0736699576341628
1.42436974789916,-0.0695085320182933
1.42436974789916,-0.0736426955138363
1.42436974789916,-0.0695453731417111
1.42436974789916,-0.0736158551274535
1.42436974789916,-0.0695814725086485
1.42436974789916,-0.073589427999547
1.42436974789916,-0.0696168507346222
1.42436974789916,-0.0735634059165839
1.42436974789916,-0.0696515276237655
1.42436974789916,-0.0735377809142328
1.42436974789916,-0.069685522207255
1.42436974789916,-0.0735125452702015
1.42436974789916,-0.0697188527867389
1.42436974789916,-0.073487691488662
1.42436974789916,-0.0697515369701485
1.42436974789916,-0.0734632122943388
1.42436974789916,-0.0697835917050078
1.42436974789916,-0.0734391006229593
1.42436974789916,-0.0698150333121994
1.42436974789916,-0.0734153496082932
1.42436974789916,-0.0698458775166593
1.42436974789916,-0.0733919525782873
1.42436974789916,-0.069876139475344
1.42436974789916,-0.0733689030480171
1.42436974789916,-0.0699058338040608
1.42436974789916,-0.0733461947039977
1.42436974789916,-0.069934974604525
1.42436974789916,-0.0733238214107779
1.42436974789916,-0.0699635754884618
1.42436974789916,-0.0733017771870657
1.42436974789916,-0.0699916495978421
1.42436974789916,-0.0732800562164151
1.42436974789916,-0.0700192096278478
1.42436974789916,-0.0732586528272172
1.42436974789916,-0.0700462678471077
1.42436974789916,-0.0732375614954286
1.42436974789916,-0.0700728361174789
1.42436974789916,-0.0732167768368406
1.42436974789916,-0.0700989259095088
1.42436974789916,-0.0731962936009403
1.42436974789916,-0.0701245483233528
1.42436974789916,-0.0731761066620429
1.42436974789916,-0.0701497141017349
1.42436974789916,-0.0731562110258857
1.42436974789916,-0.070174433644727
1.42436974789916,-0.0731366018128021
1.42941176470588,-0.0789810916127571
1.42941176470588,-0.0330048220662498
1.42941176470588,-0.0789810908174751
1.42941176470588,-0.0330048118684978
1.42941176470588,-0.0789810902254651
1.42941176470588,-0.0330048042806546
1.42941176470588,-0.0789810897854544
1.42941176470588,-0.0330047986356057
1.42941176470588,-0.07898108945788
1.42941176470588,-0.0330047944355165
1.42941176470588,-0.0789810892143201
1.42941176470588,-0.033004791310109
1.42941176470588,-0.0789810890324922
1.42941176470588,-0.0330047889853979
1.42941176470588,-0.0789810888978444
1.42941176470588,-0.0330047872551553
1.42941176470588,-0.0789810887973026
1.42941176470588,-0.0330047859681777
1.42941176470588,-0.0789810887227951
1.42941176470588,-0.0330047850102098
1.42941176470588,-0.0789810886669322
1.42941176470588,-0.0330047842978054
1.42941176470588,-0.0789810886258486
1.42941176470588,-0.0330047837684369
1.42941176470588,-0.0789810885952242
1.42941176470588,-0.0330047833740146
1.42941176470588,-0.0789810885725579
1.42941176470588,-0.0330047830804325
1.42941176470588,-0.0789810885552349
1.42941176470588,-0.033004782861429
1.42941176470588,-0.078981088542573
1.42941176470588,-0.0330047826991553
1.42941176470588,-0.0789810885329807
1.42941176470588,-0.0330047825782636
1.42941176470588,-0.0789810885261168
1.42941176470588,-0.0330047824882946
1.42941176470588,-0.0789810885208446
1.42941176470588,-0.0330047824215178
1.42941176470588,-0.0789810885169366
1.42941176470588,-0.0330047823721351
1.42941176470588,-0.0789810885138245
1.42941176470588,-0.0330047823349169
1.42941176470588,-0.0789810885121902
1.42941176470588,-0.0330047823069073
1.42941176470588,-0.0789810885103286
1.42941176470588,-0.0330047822868558
1.42941176470588,-0.0789810885093765
1.42941176470588,-0.0330047822710107
1.42941176470588,-0.078981088508197
1.42941176470588,-0.033004782259372
1.42941176470588,-0.0789810885078133
1.42941176470588,-0.0330047822515986
1.42941176470588,-0.0789810885068611
1.42941176470588,-0.0330047822451895
1.42941176470588,-0.0789810885064774
1.42941176470588,-0.0330047822401447
1.42941176470588,-0.0789810885065485
1.42941176470588,-0.0330047822370325
1.42941176470588,-0.0789810885067332
1.42941176470588,-0.0330047822333519
1.42941176470588,-0.0789810885061222
1.42941176470588,-0.0330047822320587
1.42941176470588,-0.0789810885061932
1.42941176470588,-0.0330047822312203
1.42941176470588,-0.0789810885060369
1.42941176470588,-0.0330047822296997
1.42941176470588,-0.0789810885057669
1.42941176470588,-0.0330047822296571
1.42941176470588,-0.0789810885057243
1.42941176470588,-0.0330047822293871
1.42941176470588,-0.0789810885056816
1.42941176470588,-0.0330047822293444
1.42941176470588,-0.078981088505639
1.42941176470588,-0.0330047822293018
1.42941176470588,-0.0789810885051416
1.42941176470588,-0.0330047822292592
1.42941176470588,-0.0789810885057811
1.42941176470588,-0.0330047822292165
1.42941176470588,-0.0789810885057385
1.42941176470588,-0.0330047822294013
1.42941176470588,-0.0789810885059232
1.42941176470588,-0.033004782229586
1.42941176470588,-0.078981088506108
1.42941176470588,-0.0330047822295434
1.42941176470588,-0.0789810885056106
1.42941176470588,-0.0330047822295008
1.42941176470588,-0.078981088505568
1.42941176470588,-0.033004782228776
1.42941176470588,-0.0789810885050706
1.42941176470588,-0.0330047822294155
1.42941176470588,-0.0789810885061648
1.42941176470588,-0.0330047822293729
1.42941176470588,-0.0789810885056674
1.42941176470588,-0.033004782229785
1.42941176470588,-0.0789810885056248
1.42941176470588,-0.0330047822297423
1.42941176470588,-0.0789810885053548
1.42941176470588,-0.0330047822294723
1.42941176470588,-0.0789810885053122
1.42941176470588,-0.0330047822292023
1.42941176470588,-0.0789810885059516
1.43445378151261,-0.075934192324933
1.43445378151261,0.00100246301154172
1.43445378151261,-0.0759341923252315
1.43445378151261,0.00100246301158435
1.43445378151261,-0.0759341923248478
1.43445378151261,0.00100246301196805
1.43445378151261,-0.0759341923248051
1.43445378151261,0.00100246301201068
1.43445378151261,-0.0759341923248762
1.43445378151261,0.00100246301193962
1.43445378151261,-0.0759341923248336
1.43445378151261,0.00100246301084539
1.43445378151261,-0.0759341923250183
1.43445378151261,0.00100246301145646
1.43445378151261,-0.075934192324862
1.43445378151261,0.00100246301195384
1.43445378151261,-0.075934192324933
1.43445378151261,0.00100246301188278
1.43445378151261,-0.0759341923251178
1.43445378151261,0.00100246301238016
1.43445378151261,-0.0759341923248478
1.43445378151261,0.00100246301162699
1.43445378151261,-0.0759341923251462
1.43445378151261,0.00100246301155593
1.43445378151261,-0.0759341923253309
1.43445378151261,0.00100246301148488
1.43445378151261,-0.0759341923251746
1.43445378151261,0.00100246301186857
1.43445378151261,-0.0759341923250183
1.43445378151261,0.0010024630119112
1.43445378151261,-0.0759341923247483
1.43445378151261,0.00100246301184015
1.43445378151261,-0.075934192324933
1.43445378151261,0.0010024630108596
1.43445378151261,-0.0759341923251178
1.43445378151261,0.00100246301181173
1.43445378151261,-0.0759341923248478
1.43445378151261,0.0010024630115133
1.43445378151261,-0.0759341923250325
1.43445378151261,0.00100246301178331
1.43445378151261,-0.0759341923251036
1.43445378151261,0.00100246301205331
1.43445378151261,-0.0759341923249472
1.43445378151261,0.00100246301152751
1.43445378151261,-0.0759341923252457
1.43445378151261,0.00100246301134277
1.43445378151261,-0.075934192325203
1.43445378151261,0.00100246301172646
1.43445378151261,-0.075934192324933
1.43445378151261,0.00100246301199647
1.43445378151261,-0.0759341923252315
1.43445378151261,0.00100246301124329
1.43445378151261,-0.0759341923249615
1.43445378151261,0.00100246301185436
1.43445378151261,-0.0759341923246915
1.43445378151261,0.00100246301166962
1.43445378151261,-0.0759341923251036
1.43445378151261,0.00100246301080276
1.43445378151261,-0.0759341923255157
1.43445378151261,0.00100246301152751
1.43445378151261,-0.0759341923252457
1.43445378151261,0.0010024630119112
1.43445378151261,-0.0759341923249757
1.43445378151261,0.00100246301195384
1.43445378151261,-0.0759341923242509
1.43445378151261,0.00100246301051854
1.43445378151261,-0.0759341923251178
1.43445378151261,0.00100246301124329
1.43445378151261,-0.0759341923246204
1.43445378151261,0.00100246301105855
1.43445378151261,-0.0759341923248051
1.43445378151261,0.00100246301132856
1.43445378151261,-0.0759341923245351
1.43445378151261,0.00100246301114382
1.43445378151261,-0.0759341923247199
1.43445378151261,0.0010024630107317
1.43445378151261,-0.0759341923253594
1.43445378151261,0.00100246301100171
1.43445378151261,-0.0759341923250894
1.43445378151261,0.0010024630096801
1.43445378151261,-0.0759341923248193
1.43445378151261,0.0010024630108596
1.43445378151261,-0.0759341923250041
1.43445378151261,0.00100246301022011
1.43445378151261,-0.0759341923249615
1.43445378151261,0.00100246301026274
1.43445378151261,-0.0759341923251462
1.43445378151261,0.00100246301053275
1.43445378151261,-0.0759341923244214
1.43445378151261,0.00100246301103013
1.43445378151261,-0.0759341923246062
1.43445378151261,0.00100246301107276
1.43445378151261,-0.0759341923245636
1.43445378151261,0.00100246301043327
1.43445378151261,-0.075934192325203
1.43445378151261,0.00100246301070328
1.43445378151261,-0.075934192324933
1.43445378151261,0.00100246301120066
1.43445378151261,-0.0759341923244357
1.43445378151261,0.00100246301078855
1.43445378151261,-0.0759341923253025
1.43949579831933,-0.0717693829431418
1.43949579831933,0.036337549641285
1.43949579831933,-0.0717693829434403
1.43949579831933,0.0363375496423508
1.43949579831933,-0.0717693829429429
1.43949579831933,0.0363375496411429
1.43949579831933,-0.0717693829434687
1.43949579831933,0.0363375496414129
1.43949579831933,-0.0717693829431987
1.43949579831933,0.0363375496421376
1.43949579831933,-0.0717693829432697
1.43949579831933,0.036337549642635
1.43949579831933,-0.0717693829433408
1.43949579831933,0.036337549642564
1.43949579831933,-0.0717693829429571
1.43949579831933,0.036337549641015
1.43949579831933,-0.0717693829433692
1.43949579831933,0.0363375496420808
1.43949579831933,-0.0717693829432129
1.43949579831933,0.0363375496413276
1.43949579831933,-0.0717693829433976
1.43949579831933,0.0363375496426208
1.43949579831933,-0.0717693829434687
1.43949579831933,0.0363375496426634
1.43949579831933,-0.0717693829434261
1.43949579831933,0.036337549642365
1.43949579831933,-0.0717693829434971
1.43949579831933,0.0363375496425213
1.43949579831933,-0.0717693829432271
1.43949579831933,0.0363375496411997
1.43949579831933,-0.0717693829430708
1.43949579831933,0.036337549641015
1.43949579831933,-0.0717693829435966
1.43949579831933,0.0363375496425355
1.43949579831933,-0.0717693829432129
1.43949579831933,0.0363375496414413
1.43949579831933,-0.0717693829431703
1.43949579831933,0.0363375496410292
1.43949579831933,-0.0717693829434687
1.43949579831933,0.0363375496425498
1.43949579831933,-0.0717693829433124
1.43949579831933,0.0363375496424787
1.43949579831933,-0.0717693829433834
1.43949579831933,0.0363375496425213
1.43949579831933,-0.0717693829435682
1.43949579831933,0.0363375496426777
1.43949579831933,-0.0717693829434118
1.43949579831933,0.0363375496419245
1.43949579831933,-0.0717693829430281
1.43949579831933,0.0363375496410576
1.43949579831933,-0.0717693829433266
1.43949579831933,0.0363375496412139
1.43949579831933,-0.0717693829431703
1.43949579831933,0.0363375496417113
1.43949579831933,-0.071769382943355
1.43949579831933,0.0363375496418676
1.43949579831933,-0.0717693829434261
1.43949579831933,0.036337549642365
1.43949579831933,-0.071769382943156
1.43949579831933,0.0363375496410434
1.43949579831933,-0.0717693829434545
1.43949579831933,0.0363375496424503
1.43949579831933,-0.0717693829430708
1.43949579831933,0.0363375496415834
1.43949579831933,-0.0717693829429145
1.43949579831933,0.0363375496433314
1.43949579831933,-0.0717693829424171
1.43949579831933,0.036337549643374
1.43949579831933,-0.0717693829428292
1.43949579831933,0.0363375496397786
1.43949579831933,-0.0717693829427866
1.43949579831933,0.0363375496430045
1.43949579831933,-0.0717693829431987
1.43949579831933,0.0363375496403187
1.43949579831933,-0.0717693829427013
1.43949579831933,0.0363375496403613
1.43949579831933,-0.0717693829437955
1.43949579831933,0.0363375496435872
1.43949579831933,-0.0717693829432982
1.43949579831933,0.0363375496424929
1.43949579831933,-0.071769382942346
1.43949579831933,0.0363375496413987
1.43949579831933,-0.0717693829427581
1.43949579831933,0.0363375496396223
1.43949579831933,-0.0717693829431703
1.43949579831933,0.0363375496442124
1.43949579831933,-0.0717693829429003
1.43949579831933,0.0363375496426634
1.43949579831933,-0.0717693829426302
1.43949579831933,0.0363375496429335
1.43949579831933,-0.0717693829432697
1.43949579831933,0.0363375496409297
1.43949579831933,-0.0717693829434545
1.43949579831933,0.0363375496432461
1.43949579831933,-0.0717693829427297
1.43949579831933,0.0363375496421519
1.43949579831933,-0.0717693829426871
1.43949579831933,0.0363375496424219
1.43949579831933,-0.0717693829426445
1.43949579831933,0.0363375496429192
1.43949579831933,-0.0717693829435113
1.44453781512605,-0.0672500139599315
1.44453781512605,0.0739729163179668
1.44453781512605,-0.0672500139600025
1.44453781512605,0.0739729163172136
1.44453781512605,-0.0672500139600736
1.44453781512605,0.0739729163173699
1.44453781512605,-0.0672500139600309
1.44453781512605,0.0739729163182083
1.44453781512605,-0.0672500139599883
1.44453781512605,0.0739729163181373
1.44453781512605,-0.0672500139594909
1.44453781512605,0.0739729163176115
1.44453781512605,-0.0672500139597894
1.44453781512605,0.0739729163162899
1.44453781512605,-0.0672500139600878
1.44453781512605,0.0739729163170146
1.44453781512605,-0.0672500139600452
1.44453781512605,0.0739729163177394
1.44453781512605,-0.0672500139597751
1.44453781512605,0.073972916315622
1.44453781512605,-0.0672500139598462
1.44453781512605,0.0739729163153235
1.44453781512605,-0.0672500139601446
1.44453781512605,0.073972916318322
1.44453781512605,-0.0672500139599883
1.44453781512605,0.0739729163158636
1.44453781512605,-0.0672500139602867
1.44453781512605,0.0739729163154514
1.44453781512605,-0.067250013959903
1.44453781512605,0.0739729163171994
1.44453781512605,-0.067250013959633
1.44453781512605,0.0739729163175831
1.44453781512605,-0.0672500139600452
1.44453781512605,0.073972916317512
1.44453781512605,-0.0672500139601162
1.44453781512605,0.0739729163161904
1.44453781512605,-0.0672500139601873
1.44453781512605,0.0739729163171425
1.44453781512605,-0.0672500139601446
1.44453781512605,0.0739729163176399
1.44453781512605,-0.0672500139597609
1.44453781512605,0.0739729163155225
1.44453781512605,-0.0672500139599457
1.44453781512605,0.0739729163151104
1.44453781512605,-0.0672500139602441
1.44453781512605,0.0739729163182226
1.44453781512605,-0.0672500139599741
1.44453781512605,0.0739729163178104
1.44453781512605,-0.0672500139595904
1.44453781512605,0.0739729163173983
1.44453781512605,-0.0672500139600025
1.44453781512605,0.0739729163175546
1.44453781512605,-0.0672500139595051
1.44453781512605,0.0739729163163467
1.44453781512605,-0.0672500139601446
1.44453781512605,0.0739729163174125
1.44453781512605,-0.067250013960102
1.44453781512605,0.0739729163176825
1.44453781512605,-0.0672500139600594
1.44453781512605,0.0739729163169294
1.44453781512605,-0.0672500139601304
1.44453781512605,0.0739729163178815
1.44453781512605,-0.0672500139597467
1.44453781512605,0.0739729163151956
1.44453781512605,-0.0672500139603862
1.44453781512605,0.0739729163187626
1.44453781512605,-0.0672500139594341
1.44453781512605,0.0739729163140304
1.44453781512605,-0.0672500139596188
1.44453781512605,0.0739729163154372
1.44453781512605,-0.0672500139602583
1.44453781512605,0.0739729163184357
1.44453781512605,-0.0672500139593062
1.44453781512605,0.0739729163162046
1.44453781512605,-0.0672500139597183
1.44453781512605,0.0739729163171567
1.44453781512605,-0.0672500139596757
1.44453781512605,0.0739729163149256
1.44453781512605,-0.067250013959633
1.44453781512605,0.0739729163151956
1.44453781512605,-0.0672500139602725
1.44453781512605,0.0739729163166025
1.44453781512605,-0.0672500139600025
1.44453781512605,0.0739729163164178
1.44453781512605,-0.0672500139599599
1.44453781512605,0.0739729163169152
1.44453781512605,-0.0672500139599173
1.44453781512605,0.0739729163162757
1.44453781512605,-0.0672500139605567
1.44453781512605,0.0739729163197289
1.44453781512605,-0.0672500139596046
1.44453781512605,0.073972916312723
1.44453781512605,-0.0672500139602441
1.44453781512605,0.0739729163170857
1.44453781512605,-0.0672500139597467
1.44453781512605,0.0739729163169009
1.44453781512605,-0.0672500139599315
1.44453781512605,0.0739729163192173
1.44453781512605,-0.067250013958752
1.44453781512605,0.0739729163147125
1.44453781512605,-0.0672500139605283
1.44957983193277,0.11440796280063
1.44957983193277,-0.0626006954473901
1.44957983193277,0.114407962803401
1.44957983193277,-0.0626006954473475
1.44957983193277,0.114407962801284
1.44957983193277,-0.0626006954474185
1.44957983193277,0.114407962802918
1.44957983193277,-0.0626006954476033
1.44957983193277,0.114407962801938
1.44957983193277,-0.0626006954479017
1.44957983193277,0.114407962800389
1.44957983193277,-0.0626006954476317
1.44957983193277,0.114407962803728
1.44957983193277,-0.0626006954477027
1.44957983193277,0.114407962800019
1.44957983193277,-0.0626006954481149
1.44957983193277,0.114407962802108
1.44957983193277,-0.0626006954476175
1.44957983193277,0.114407962801582
1.44957983193277,-0.0626006954474612
1.44957983193277,0.114407962800147
1.44957983193277,-0.0626006954473048
1.44957983193277,0.114407962804169
1.44957983193277,-0.0626006954473759
1.44957983193277,0.114407962801597
1.44957983193277,-0.0626006954476743
1.44957983193277,0.11440796280289
1.44957983193277,-0.062600695447518
1.44957983193277,0.114407962801454
1.44957983193277,-0.0626006954475891
1.44957983193277,0.114407962799451
1.44957983193277,-0.0626006954477738
1.44957983193277,0.114407962802563
1.44957983193277,-0.0626006954476175
1.44957983193277,0.114407962803174
1.44957983193277,-0.0626006954478022
1.44957983193277,0.114407962801966
1.44957983193277,-0.062600695447987
1.44957983193277,0.114407962802463
1.44957983193277,-0.0626006954478306
1.44957983193277,0.114407962801256
1.44957983193277,-0.0626006954475606
1.44957983193277,0.114407962800161
1.44957983193277,-0.0626006954474043
1.44957983193277,0.114407962804183
1.44957983193277,-0.0626006954477027
1.44957983193277,0.114407962801838
1.44957983193277,-0.0626006954475464
1.44957983193277,0.114407962801426
1.44957983193277,-0.0626006954479585
1.44957983193277,0.114407962802378
1.44957983193277,-0.0626006954475749
1.44957983193277,0.114407962801284
1.44957983193277,-0.0626006954476459
1.44957983193277,0.114407962802122
1.44957983193277,-0.062600695448058
1.44957983193277,0.114407962801597
1.44957983193277,-0.0626006954481291
1.44957983193277,0.114407962802662
1.44957983193277,-0.0626006954474043
1.44957983193277,0.114407962802023
1.44957983193277,-0.0626006954479301
1.44957983193277,0.114407962801156
1.44957983193277,-0.0626006954473191
1.44957983193277,0.114407962802449
1.44957983193277,-0.0626006954478449
1.44957983193277,0.114407962807721
1.44957983193277,-0.0626006954466654
1.44957983193277,0.114407962799124
1.44957983193277,-0.0626006954482143
1.44957983193277,0.114407962801895
1.44957983193277,-0.0626006954481717
1.44957983193277,0.114407962804666
1.44957983193277,-0.062600695447447
1.44957983193277,0.114407962800161
1.44957983193277,-0.0626006954478591
1.44957983193277,0.114407962804297
1.44957983193277,-0.0626006954471343
1.44957983193277,0.114407962804339
1.44957983193277,-0.0626006954477738
1.44957983193277,0.114407962800289
1.44957983193277,-0.0626006954481859
1.44957983193277,0.114407962805334
1.44957983193277,-0.0626006954474612
1.44957983193277,0.11440796279992
1.44957983193277,-0.0626006954476459
1.44957983193277,0.11440796279928
1.44957983193277,-0.062600695448058
1.44957983193277,0.11440796280046
1.44957983193277,-0.0626006954482428
1.44957983193277,0.114407962803458
1.44957983193277,-0.062600695447518
1.44957983193277,0.114407962800772
1.44957983193277,-0.0626006954481575
1.44957983193277,0.114407962802861
1.44957983193277,-0.0626006954476601
1.44957983193277,0.114407962804268
1.44957983193277,-0.0626006954476175
1.44957983193277,0.114407962804538
1.44957983193277,-0.0626006954468927
1.44957983193277,0.114407962799124
1.4546218487395,0.158098638672602
1.4546218487395,-0.0579079568848506
1.4546218487395,0.158098650126366
1.4546218487395,-0.0579079557748834
1.4546218487395,0.15809864192811
1.4546218487395,-0.0579079565693981
1.4546218487395,0.158098647799395
1.4546218487395,-0.0579079560001254
1.4546218487395,0.158098643593025
1.4546218487395,-0.0579079564081049
1.4546218487395,0.158098646604177
1.4546218487395,-0.0579079561163418
1.4546218487395,0.158098644445761
1.4546218487395,-0.0579079563255966
1.4546218487395,0.158098645994333
1.4546218487395,-0.05790795617526
1.4546218487395,0.158098644882973
1.4546218487395,-0.0579079562827651
1.4546218487395,0.15809864568087
1.4546218487395,-0.0579079562055291
1.4546218487395,0.15809864511191
1.4546218487395,-0.0579079562610794
1.4546218487395,0.158098645516109
1.4546218487395,-0.0579079562217011
1.4546218487395,0.158098645225341
1.4546218487395,-0.0579079562497391
1.4546218487395,0.158098645433544
1.4546218487395,-0.0579079562296876
1.4546218487395,0.158098645285339
1.4546218487395,-0.0579079562441969
1.4546218487395,0.158098645393157
1.4546218487395,-0.0579079562338087
1.4546218487395,0.158098645313391
1.4546218487395,-0.0579079562413831
1.4546218487395,0.158098645369368
1.4546218487395,-0.0579079562363383
1.4546218487395,0.158098645332235
1.4546218487395,-0.0579079562395926
1.4546218487395,0.158098645358425
1.4546218487395,-0.0579079562372762
1.4546218487395,0.158098645339937
1.4546218487395,-0.0579079562388252
1.4546218487395,0.15809864535078
1.4546218487395,-0.0579079562374183
1.4546218487395,0.158098645346389
1.4546218487395,-0.0579079562380578
1.4546218487395,0.158098645347795
1.4546218487395,-0.0579079562379015
1.4546218487395,0.158098645345337
1.4546218487395,-0.0579079562381999
1.4546218487395,0.158098645348677
1.4546218487395,-0.0579079562378162
1.4546218487395,0.158098645346104
1.4546218487395,-0.0579079562384557
1.4546218487395,0.158098645352514
1.4546218487395,-0.0579079562377309
1.4546218487395,0.158098645344712
1.4546218487395,-0.0579079562387115
1.4546218487395,0.158098645351348
1.4546218487395,-0.0579079562373046
1.4546218487395,0.158098645343888
1.4546218487395,-0.0579079562383988
1.4546218487395,0.158098645350865
1.4546218487395,-0.0579079562375604
1.4546218487395,0.158098645345451
1.4546218487395,-0.0579079562383136
1.4546218487395,0.158098645345493
1.4546218487395,-0.0579079562384983
1.4546218487395,0.158098645348264
1.4546218487395,-0.0579079562386831
1.4546218487395,0.158098645353991
1.4546218487395,-0.0579079562375036
1.4546218487395,0.158098645345849
1.4546218487395,-0.057907956238143
1.4546218487395,0.158098645350211
1.4546218487395,-0.0579079562383278
1.4546218487395,0.158098645349117
1.4546218487395,-0.0579079562380578
1.4546218487395,0.158098645349387
1.4546218487395,-0.0579079562380151
1.4546218487395,0.158098645350112
1.4546218487395,-0.0579079562375178
1.4546218487395,0.158098645347426
1.4546218487395,-0.057907956238612
1.4546218487395,0.158098645350197
1.4546218487395,-0.0579079562381146
1.4546218487395,0.158098645347057
1.4546218487395,-0.0579079562387541
1.4546218487395,0.158098645347327
1.4546218487395,-0.0579079562380294
1.4546218487395,0.158098645348279
1.4546218487395,-0.0579079562384415
1.4546218487395,0.158098645349913
1.4546218487395,-0.0579079562379441
1.4546218487395,0.158098645349046
1.4546218487395,-0.0579079562381288
1.4546218487395,0.158098645350226
1.4546218487395,-0.0579079562380862
1.4546218487395,0.158098645349131
1.4546218487395,-0.0579079562382709
1.4546218487395,0.158098645353949
1.45966386554622,0.22267690239126
1.45966386554622,-0.0517430810165429
1.45966386554622,0.188717343081183
1.45966386554622,-0.0546989476405066
1.45966386554622,0.222269999820174
1.45966386554622,-0.0517774582752288
1.45966386554622,0.189116558719864
1.45966386554622,-0.0546631129434481
1.45966386554622,0.221878218682964
1.45966386554622,-0.0518105803810904
1.45966386554622,0.189501111338988
1.45966386554622,-0.0546286204713944
1.45966386554622,0.221500627135914
1.45966386554622,-0.0518425236935975
1.45966386554622,0.189871893530412
1.45966386554622,-0.0545953872737677
1.45966386554622,0.221136375787598
1.45966386554622,-0.0518733578694714
1.45966386554622,0.190229719740959
1.45966386554622,-0.0545633377380206
1.45966386554622,0.22078468840623
1.45966386554622,-0.0519031466201803
1.45966386554622,0.190575334969683
1.45966386554622,-0.0545324027696132
1.45966386554622,0.220444853923272
1.45966386554622,-0.0519319483514273
1.45966386554622,0.190909422324413
1.45966386554622,-0.0545025190719208
1.45966386554622,0.220116219434306
1.45966386554622,-0.0519598167313582
1.45966386554622,0.191232609581707
1.45966386554622,-0.0544736285305056
1.45966386554622,0.21979818414987
1.45966386554622,-0.051986801180437
1.45966386554622,0.191545474884609
1.45966386554622,-0.054445677671513
1.45966386554622,0.21949019407889
1.45966386554622,-0.0520129473008417
1.45966386554622,0.191848551804899
1.45966386554622,-0.0544186171853234
1.45966386554622,0.219191737338992
1.45966386554622,-0.0520382972575426
1.45966386554622,0.192142333715598
1.45966386554622,-0.0543924015167114
1.45966386554622,0.218902340094122
1.45966386554622,-0.052062890107198
1.45966386554622,0.192427277676789
1.45966386554622,-0.0543669884978648
1.45966386554622,0.218621562888831
1.45966386554622,-0.0520867620960139
1.45966386554622,0.192703807881916
1.45966386554622,-0.0543423390207387
1.45966386554622,0.21834899747039
1.45966386554622,-0.0521099469171311
1.45966386554622,0.192972318688678
1.45966386554622,-0.0543184167589779
1.45966386554622,0.21808426392592
1.45966386554622,-0.0521324759443651
1.45966386554622,0.193233177319318
1.45966386554622,-0.0542951879080285
1.45966386554622,0.217827008140706
1.45966386554622,-0.0521543784380931
1.45966386554622,0.193486726276124
1.45966386554622,-0.0542726209645856
1.45966386554622,0.217576899564808
1.45966386554622,-0.0521756817272667
1.45966386554622,0.193733285479087
1.45966386554622,-0.0542506865210477
1.45966386554622,0.217333629154655
1.45966386554622,-0.0521964113792599
1.45966386554622,0.193973154224839
1.45966386554622,-0.054229357084413
1.45966386554622,0.217096907549507
1.45966386554622,-0.0522165913437966
1.45966386554622,0.194206612879444
1.45966386554622,-0.0542086069174594
1.45966386554622,0.21686646350803
1.45966386554622,-0.0522362440824402
1.45966386554622,0.194433924422842
1.45966386554622,-0.054188411897659
1.45966386554622,0.216642042370342
1.45966386554622,-0.0522553907006973
1.45966386554622,0.194655335896758
1.45966386554622,-0.0541687493763199
1.45966386554622,0.216423404770172
1.45966386554622,-0.0522740510391948
1.45966386554622,0.194871079637299
1.45966386554622,-0.0541495980676281
1.45966386554622,0.216210325411584
1.45966386554622,-0.0522922437882762
1.45966386554622,0.195081374398175
1.45966386554622,-0.0541309379390533
1.45966386554622,0.216002592036478
1.45966386554622,-0.0523099865614434
1.45966386554622,0.19528642643505
1.45966386554622,-0.0541127501188079
1.45966386554622,0.215800004368663
1.45966386554622,-0.0523272959892616
1.45966386554622,0.195486430402301
1.45966386554622,-0.0540950168051246
1.45966386554622,0.215602373301227
1.46470588235294,0.102249073459763
1.46470588235294,-0.0627134636742035
1.46470588235294,0.420723951370409
1.46470588235294,-0.0373617273761262
1.46470588235294,0.102249073456779
1.46470588235294,-0.062713463674573
1.46470588235294,0.420723951368675
1.46470588235294,-0.0373617273759272
1.46470588235294,0.102249073457887
1.46470588235294,-0.062713463674374
1.46470588235294,0.420723951368647
1.46470588235294,-0.0373617273762967
1.46470588235294,0.102249073457518
1.46470588235294,-0.0627134636745161
1.46470588235294,0.420723951367822
1.46470588235294,-0.0373617273765525
1.46470588235294,0.102249073457035
1.46470588235294,-0.0627134636745446
1.46470588235294,0.42072395136552
1.46470588235294,-0.0373617273763536
1.46470588235294,0.102249073460303
1.46470588235294,-0.0627134636741182
1.46470588235294,0.420723951370721
1.46470588235294,-0.0373617273759272
1.46470588235294,0.102249073455727
1.46470588235294,-0.0627134636746014
1.46470588235294,0.420723951366941
1.46470588235294,-0.037361727376183
1.46470588235294,0.102249073458768
1.46470588235294,-0.0627134636744024
1.46470588235294,0.420723951369983
1.46470588235294,-0.0373617273759841
1.46470588235294,0.102249073454306
1.46470588235294,-0.0627134636749993
1.46470588235294,0.420723951371432
1.46470588235294,-0.0373617273761262
1.46470588235294,0.102249073454505
1.46470588235294,-0.0627134636751414
1.46470588235294,0.42072395136606
1.46470588235294,-0.037361727376382
1.46470588235294,0.102249073460388
1.46470588235294,-0.0627134636741467
1.46470588235294,0.420723951366487
1.46470588235294,-0.037361727376183
1.46470588235294,0.102249073457973
1.46470588235294,-0.0627134636746298
1.46470588235294,0.420723951367595
1.46470588235294,-0.0373617273762115
1.46470588235294,0.102249073458626
1.46470588235294,-0.0627134636748856
1.46470588235294,0.420723951372342
1.46470588235294,-0.0373617273760125
1.46470588235294,0.102249073453482
1.46470588235294,-0.0627134636750277
1.46470588235294,0.42072395136481
1.46470588235294,-0.037361727376382
1.46470588235294,0.10224907345982
1.46470588235294,-0.0627134636744877
1.46470588235294,0.420723951366714
1.46470588235294,-0.037361727376183
1.46470588235294,0.102249073458541
1.46470588235294,-0.0627134636747435
1.46470588235294,0.420723951370096
1.46470588235294,-0.0373617273755293
1.46470588235294,0.102249073455329
1.46470588235294,-0.0627134636752267
1.46470588235294,0.42072395137075
1.46470588235294,-0.0373617273753304
1.46470588235294,0.10224907345496
1.46470588235294,-0.0627134636753688
1.46470588235294,0.420723951367879
1.46470588235294,-0.0373617273756999
1.46470588235294,0.102249073456182
1.46470588235294,-0.062713463674374
1.46470588235294,0.420723951375013
1.46470588235294,-0.0373617273749325
1.46470588235294,0.102249073452402
1.46470588235294,-0.0627134636754256
1.46470588235294,0.420723951366686
1.46470588235294,-0.0373617273759841
1.46470588235294,0.102249073457262
1.46470588235294,-0.0627134636746582
1.46470588235294,0.420723951372683
1.46470588235294,-0.0373617273752167
1.46470588235294,0.102249073454391
1.46470588235294,-0.0627134636748004
1.46470588235294,0.420723951370267
1.46470588235294,-0.0373617273758136
1.46470588235294,0.102249073455841
1.46470588235294,-0.0627134636753972
1.46470588235294,0.420723951366487
1.46470588235294,-0.0373617273759557
1.46470588235294,0.1022490734582
1.46470588235294,-0.0627134636748572
1.46470588235294,0.420723951370437
1.46470588235294,-0.037361727375643
1.46470588235294,0.102249073456012
1.46470588235294,-0.0627134636754541
1.46470588235294,0.420723951370523
1.46470588235294,-0.0373617273757851
1.46470588235294,0.102249073456779
1.46974789915966,0.0830723225404491
1.46974789915966,-0.0642949613747028
1.46974789915966,0.593835019143061
1.46974789915966,-0.0288498798092611
1.46974789915966,0.0830723225746404
1.46974789915966,-0.0642949613707522
1.46974789915966,0.593835019189644
1.46974789915966,-0.0288498798074706
1.46974789915966,0.0830723225579
1.46974789915966,-0.0642949613727133
1.46974789915966,0.593835019160625
1.46974789915966,-0.0288498798088632
1.46974789915966,0.0830723225695813
1.46974789915966,-0.0642949613713775
1.46974789915966,0.593835019165599
1.46974789915966,-0.0288498798086643
1.46974789915966,0.0830723225668244
1.46974789915966,-0.0642949613716333
1.46974789915966,0.593835019176939
1.46974789915966,-0.0288498798077832
1.46974789915966,0.0830723225627032
1.46974789915966,-0.0642949613717754
1.46974789915966,0.593835019172932
1.46974789915966,-0.0288498798083801
1.46974789915966,0.0830723225648349
1.46974789915966,-0.0642949613716901
1.46974789915966,0.59383501917063
1.46974789915966,-0.0288498798084085
1.46974789915966,0.0830723225667391
1.46974789915966,-0.0642949613714912
1.46974789915966,0.593835019171056
1.46974789915966,-0.0288498798084369
1.46974789915966,0.0830723225672791
1.46974789915966,-0.064294961372088
1.46974789915966,0.593835019177963
1.46974789915966,-0.0288498798082379
1.46974789915966,0.0830723225630443
1.46974789915966,-0.0642949613720027
1.46974789915966,0.593835019170999
1.46974789915966,-0.0288498798084937
1.46974789915966,0.0830723225667676
1.46974789915966,-0.0642949613715764
1.46974789915966,0.593835019174268
1.46974789915966,-0.0288498798081811
1.46974789915966,0.0830723225650338
1.46974789915966,-0.0642949613714912
1.46974789915966,0.593835019166168
1.46974789915966,-0.0288498798084369
1.46974789915966,0.0830723225669381
1.46974789915966,-0.064294961371747
1.46974789915966,0.593835019176712
1.46974789915966,-0.0288498798080106
1.46974789915966,0.083072322565318
1.46974789915966,-0.0642949613716617
1.46974789915966,0.593835019173842
1.46974789915966,-0.0288498798082664
1.46974789915966,0.0830723225634706
1.46974789915966,-0.0642949613723722
1.46974789915966,0.593835019163468
1.46974789915966,-0.0288498798088632
1.46974789915966,0.0830723225668528
1.46974789915966,-0.0642949613721733
1.46974789915966,0.593835019186745
1.46974789915966,-0.0288498798076411
1.46974789915966,0.0830723225596621
1.46974789915966,-0.0642949613723154
1.46974789915966,0.593835019167049
1.46974789915966,-0.0288498798081243
1.46974789915966,0.0830723225658865
1.46974789915966,-0.0642949613720027
1.46974789915966,0.593835019174183
1.46974789915966,-0.0288498798082664
1.46974789915966,0.0830723225657444
1.46974789915966,-0.0642949613721449
1.46974789915966,0.593835019176314
1.46974789915966,-0.0288498798081811
1.46974789915966,0.0830723225621917
1.46974789915966,-0.0642949613727417
1.46974789915966,0.593835019172307
1.46974789915966,-0.0288498798085506
1.46974789915966,0.0830723225638685
1.46974789915966,-0.0642949613724291
1.46974789915966,0.593835019179441
1.46974789915966,-0.0288498798077832
1.46974789915966,0.0830723225584968
1.46974789915966,-0.0642949613727986
1.46974789915966,0.593835019160881
1.46974789915966,-0.0288498798086074
1.46974789915966,0.083072322569496
1.46974789915966,-0.064294961371349
1.46974789915966,0.593835019183476
1.46974789915966,-0.0288498798076127
1.46974789915966,0.0830723225609411
1.46974789915966,-0.064294961372628
1.46974789915966,0.593835019158778
1.46974789915966,-0.0288498798082095
1.46974789915966,0.0830723225696666
1.46974789915966,-0.0642949613711785
1.46974789915966,0.593835019185466
1.46974789915966,-0.0288498798081243
1.46974789915966,0.08307232255952
1.47478991596639,0.866675776038921
1.47478991596639,-0.0236969116110863
1.47478991596639,0.134599931944084
1.47478991596639,-0.0579387601310124
1.47478991596639,0.866675776051057
1.47478991596639,-0.0236969116115695
1.47478991596639,0.13459993195065
1.47478991596639,-0.0579387601303587
1.47478991596639,0.866675776045003
1.47478991596639,-0.0236969116118253
1.47478991596639,0.134599931947779
1.47478991596639,-0.0579387601312966
1.47478991596639,0.866675776043952
1.47478991596639,-0.0236969116116263
1.47478991596639,0.134599931946386
1.47478991596639,-0.0579387601312114
1.47478991596639,0.866675776051881
1.47478991596639,-0.0236969116118821
1.47478991596639,0.134599931953179
1.47478991596639,-0.0579387601301029
1.47478991596639,0.866675776035027
1.47478991596639,-0.0236969116115695
1.47478991596639,0.134599931945989
1.47478991596639,-0.0579387601311545
1.47478991596639,0.866675776048186
1.47478991596639,-0.0236969116112569
1.47478991596639,0.134599931945619
1.47478991596639,-0.0579387601314103
1.47478991596639,0.866675776047362
1.47478991596639,-0.0236969116111716
1.47478991596639,0.134599931946614
1.47478991596639,-0.057938760130984
1.47478991596639,0.86667577604722
1.47478991596639,-0.0236969116114274
1.47478991596639,0.134599931945903
1.47478991596639,-0.0579387601312398
1.47478991596639,0.86667577604776
1.47478991596639,-0.0236969116114558
1.47478991596639,0.134599931946784
1.47478991596639,-0.0579387601308134
1.47478991596639,0.866675776052279
1.47478991596639,-0.0236969116110295
1.47478991596639,0.134599931951303
1.47478991596639,-0.0579387601301597
1.47478991596639,0.866675776045543
1.47478991596639,-0.0236969116118537
1.47478991596639,0.134599931947864
1.47478991596639,-0.057938760130984
1.47478991596639,0.866675776046197
1.47478991596639,-0.0236969116116548
1.47478991596639,0.13459993194795
1.47478991596639,-0.0579387601308987
1.47478991596639,0.866675776047988
1.47478991596639,-0.0236969116115695
1.47478991596639,0.134599931946671
1.47478991596639,-0.0579387601309271
1.47478991596639,0.8666757760483
1.47478991596639,-0.0236969116115979
1.47478991596639,0.134599931946529
1.47478991596639,-0.0579387601309556
1.47478991596639,0.866675776049522
1.47478991596639,-0.0236969116119674
1.47478991596639,0.134599931946955
1.47478991596639,-0.0579387601307566
1.47478991596639,0.866675776046993
1.47478991596639,-0.0236969116115411
1.47478991596639,0.134599931947836
1.47478991596639,-0.0579387601310124
1.47478991596639,0.86667577604776
1.47478991596639,-0.0236969116112284
1.47478991596639,0.134599931949285
1.47478991596639,-0.0579387601316093
1.47478991596639,0.866675776039433
1.47478991596639,-0.02369691161228
1.47478991596639,0.134599931947324
1.47478991596639,-0.0579387601310692
1.47478991596639,0.866675776050204
1.47478991596639,-0.0236969116112853
1.47478991596639,0.13459993195082
1.47478991596639,-0.0579387601305292
1.47478991596639,0.866675776050517
1.47478991596639,-0.0236969116112
1.47478991596639,0.134599931950223
1.47478991596639,-0.0579387601308987
1.47478991596639,0.866675776026955
1.47478991596639,-0.0236969116115695
1.47478991596639,0.134599931942123
1.47478991596639,-0.0579387601317229
1.47478991596639,0.866675776056145
1.47478991596639,-0.0236969116110295
1.47478991596639,0.134599931950849
1.47478991596639,-0.0579387601300461
1.47478991596639,0.866675776046453
1.47478991596639,-0.0236969116116263
1.47478991596639,0.134599931951616
1.47478991596639,-0.0579387601310977
1.47478991596639,0.866675776039489
1.47478991596639,-0.0236969116119958
1.47478991596639,0.134599931946926
1.47478991596639,-0.0579387601305577
1.47478991596639,0.866675776055946
1.47983193277311,0.231717824570257
1.47983193277311,-0.0483786215235291
1.47983193277311,1.03972543183841
1.47983193277311,-0.0251770113154386
1.47983193277311,0.440799217420977
1.47983193277311,-0.0351923364159354
1.47983193277311,0.483950566595556
1.47983193277311,-0.0330993019651977
1.47983193277311,0.414457863968455
1.47983193277311,-0.0365638183975143
1.47983193277311,0.534082240256854
1.47983193277311,-0.0309013021183411
1.47983193277311,0.350985856933665
1.47983193277311,-0.0401720802384382
1.47983193277311,0.680840835542345
1.47983193277311,-0.0259984135354365
1.47983193277311,0.247588795994449
1.47983193277311,-0.0471541693414288
1.47983193277311,0.989614230177612
1.47983193277311,-0.0243473344683913
1.47983193277311,0.356136449682072
1.47983193277311,-0.0398616377715832
1.47983193277311,0.667486761968323
1.47983193277311,-0.0263435134254486
1.47983193277311,0.252795760360659
1.47983193277311,-0.0467626466402926
1.47983193277311,0.973021428126973
1.47983193277311,-0.0241323272570391
1.47983193277311,0.334745043967576
1.47983193277311,-0.0411695896982458
1.47983193277311,0.724354777037011
1.47983193277311,-0.0250249297558334
1.47983193277311,0.235702087663487
1.47983193277311,-0.0480667491448408
1.47983193277311,1.02724949979643
1.47983193277311,-0.0249461652043443
1.47983193277311,0.416511622009171
1.47983193277311,-0.0364536899804087
1.47983193277311,0.529915191241773
1.47983193277311,-0.0310743247359859
1.47983193277311,0.355621073781908
1.47983193277311,-0.0398931100142654
1.47983193277311,0.668849925172427
1.47983193277311,-0.0263073085095904
1.47983193277311,0.252229803787703
1.47983193277311,-0.0468049655942089
1.47983193277311,0.974826321309283
1.47983193277311,-0.0241542062951261
1.47983193277311,0.336935357470526
1.47983193277311,-0.041033068502788
1.47983193277311,0.718343096411562
1.47983193277311,-0.0251454230463857
1.47983193277311,0.23688982481217
1.47983193277311,-0.0479743576072913
1.47983193277311,1.0235129214037
1.47983193277311,-0.0248800724721185
1.47983193277311,0.409686881809325
1.47983193277311,-0.0368191094997492
1.47983193277311,0.54377332483131
1.47983193277311,-0.0305057883144038
1.47983193277311,0.340624806873837
1.47983193277311,-0.0408050594833078
1.47983193277311,0.708354389867541
1.47983193277311,-0.0253556400222728
1.47983193277311,0.239183167729568
1.47983193277311,-0.0477967302058637
1.47983193277311,1.01627998376785
1.47983193277311,-0.0247562056144695
1.47983193277311,0.397030838526735
1.47983193277311,-0.0375097716338821
1.47983193277311,0.570597822283251
1.47983193277311,-0.0294617797120544
1.47983193277311,0.314861108085456
1.47983193277311,-0.042437878370567
1.47983193277311,0.780830632005465
1.47983193277311,-0.0241183203957327
1.47983193277311,0.231604482508818
1.47983193277311,-0.0483875462584713
1.47983193277311,1.0400795070282
1.47983193277311,-0.0251837880770758
1.47983193277311,0.441523671970874
1.47983193277311,-0.0351556386407488
1.47983193277311,0.482657999796746
1.47983193277311,-0.033159309696746
1.47983193277311,0.416329127345012
1.47983193277311,-0.0364640756331944
1.47983193277311,0.530321232990648
1.47983193277311,-0.0310573872927797
1.47983193277311,0.35516457468113
1.47983193277311,-0.0399204706545397
1.47983193277311,0.670022037027199
1.47983193277311,-0.0262763548400109
1.47983193277311,0.251749468710262
1.47983193277311,-0.0468409272206038
1.47983193277311,0.976357973520326
1.47983193277311,-0.0241730644471012
1.47983193277311,0.338819432283305
1.47983193277311,-0.0409161178884183
1.47983193277311,0.713205763167029
1.47983193277311,-0.0252519847308328
1.47983193277311,0.238019343108181
1.48487394957983,0.754238454673686
1.48487394957983,-0.024082274807558
1.48487394957983,0.402865139555789
1.48487394957983,-0.0363554028568025
1.48487394957983,0.883448886080931
1.48487394957983,-0.0230432900486797
1.48487394957983,0.448857958798417
1.48487394957983,-0.034021046250988
1.48487394957983,0.754223376017155
1.48487394957983,-0.0240825124642647
1.48487394957983,0.402866316297153
1.48487394957983,-0.0363553402255299
1.48487394957983,0.883445247551936
1.48487394957983,-0.0230432913023613
1.48487394957983,0.448854863306199
1.48487394957983,-0.0340211958467798
1.48487394957983,0.754231211308838
1.48487394957983,-0.0240823889679014
1.48487394957983,0.402865704652474
1.48487394957983,-0.0363553727798127
1.48487394957983,0.883447138783129
1.48487394957983,-0.0230432906503104
1.48487394957983,0.448856472265252
1.48487394957983,-0.0340211180906103
1.48487394957983,0.754227138716335
1.48487394957983,-0.0240824531571384
1.48487394957983,0.402866022528659
1.48487394957983,-0.0363553558612217
1.48487394957983,0.883446155885213
1.48487394957983,-0.0230432909890403
1.48487394957983,0.448855636066103
1.48487394957983,-0.0340211585017904
1.48487394957983,0.754229255297918
1.48487394957983,-0.0240824197970433
1.48487394957983,0.402865857313433
1.48487394957983,-0.0363553646547281
1.48487394957983,0.883446666745261
1.48487394957983,-0.0230432908135647
1.48487394957983,0.448856070673092
1.48487394957983,-0.0340211374985451
1.48487394957983,0.754228155209336
1.48487394957983,-0.0240824371358208
1.48487394957983,0.402865943179226
1.48487394957983,-0.036355360084233
1.48487394957983,0.883446401240963
1.48487394957983,-0.0230432909044573
1.48487394957983,0.448855844801162
1.48487394957983,-0.0340211484143573
1.48487394957983,0.754228726932656
1.48487394957983,-0.0240824281248315
1.48487394957983,0.402865898548558
1.48487394957983,-0.03635536245989
1.48487394957983,0.883446539239333
1.48487394957983,-0.0230432908573341
1.48487394957983,0.448855962200387
1.48487394957983,-0.0340211427405315
1.48487394957983,0.754228429787492
1.48487394957983,-0.0240824328083313
1.48487394957983,0.402865921740162
1.48487394957983,-0.0363553612253078
1.48487394957983,0.88344646753642
1.48487394957983,-0.0230432908822884
1.48487394957983,0.448855901206773
1.48487394957983,-0.0340211456878059
1.48487394957983,0.754228584169841
1.48487394957983,-0.0240824303749214
1.48487394957983,0.402865909692938
1.48487394957983,-0.0363553618671268
1.48487394957983,0.883446504793358
1.48487394957983,-0.0230432908696123
1.48487394957983,0.448855932896809
1.48487394957983,-0.0340211441566147
1.48487394957983,0.75422850394644
1.48487394957983,-0.0240824316392896
1.48487394957983,0.402865915959186
1.48487394957983,-0.0363553615336265
1.48487394957983,0.883446485413334
1.48487394957983,-0.0230432908760356
1.48487394957983,0.448855916408409
1.48487394957983,-0.0340211449539574
1.48487394957983,0.754228545699466
1.48487394957983,-0.0240824309808723
1.48487394957983,0.402865912694043
1.48487394957983,-0.0363553617071695
1.48487394957983,0.883446495513898
1.48487394957983,-0.0230432908724545
1.48487394957983,0.448855925003077
1.48487394957983,-0.0340211445381478
1.48487394957983,0.754228523948843
1.48487394957983,-0.024082431324036
1.48487394957983,0.402865914394969
1.48487394957983,-0.036355361616959
1.48487394957983,0.883446490243546
1.48487394957983,-0.0230432908743303
1.48487394957983,0.448855920516028
1.48487394957983,-0.0340211447553465
1.48487394957983,0.754228535293141
1.48487394957983,-0.024082431144695
1.48487394957983,0.402865913514521
1.48487394957983,-0.0363553616636274
1.48487394957983,0.883446492975157
1.48991596638655,-0.0245097102359644
1.48991596638655,0.695735541662234
1.48991596638655,-0.0245097102784406
1.48991596638655,0.695735542893846
1.48991596638655,-0.0245097102513405
1.48991596638655,0.695735542109677
1.48991596638655,-0.0245097102688057
1.48991596638655,0.695735542608578
1.48991596638655,-0.0245097102576217
1.48991596638655,0.695735542289501
1.48991596638655,-0.0245097102646277
1.48991596638655,0.695735542486336
1.48991596638655,-0.0245097102602649
1.48991596638655,0.695735542368599
1.48991596638655,-0.0245097102629508
1.48991596638655,0.695735542448336
1.48991596638655,-0.0245097102613165
1.48991596638655,0.695735542394264
1.48991596638655,-0.0245097102622971
1.48991596638655,0.695735542430345
1.48991596638655,-0.024509710261686
1.48991596638655,0.695735542405945
1.48991596638655,-0.0245097102622118
1.48991596638655,0.695735542413036
1.48991596638655,-0.0245097102621692
1.48991596638655,0.695735542415466
1.48991596638655,-0.0245097102622402
1.48991596638655,0.695735542418806
1.48991596638655,-0.0245097102617429
1.48991596638655,0.695735542398385
1.48991596638655,-0.0245097102620413
1.48991596638655,0.69573554243026
1.48991596638655,-0.0245097102614302
1.48991596638655,0.695735542404609
1.48991596638655,-0.0245097102620697
1.48991596638655,0.695735542415338
1.48991596638655,-0.0245097102620271
1.48991596638655,0.695735542426636
1.48991596638655,-0.0245097102620981
1.48991596638655,0.69573554240792
1.48991596638655,-0.0245097102621692
1.48991596638655,0.695735542419218
1.48991596638655,-0.0245097102615581
1.48991596638655,0.695735542397887
1.48991596638655,-0.0245097102625387
1.48991596638655,0.695735542421463
1.48991596638655,-0.0245097102619276
1.48991596638655,0.695735542402634
1.48991596638655,-0.024509710262226
1.48991596638655,0.695735542414955
1.48991596638655,-0.0245097102621834
1.48991596638655,0.695735542431482
1.48991596638655,-0.0245097102615723
1.48991596638655,0.695735542396054
1.48991596638655,-0.0245097102626666
1.48991596638655,0.695735542430999
1.48991596638655,-0.0245097102616008
1.48991596638655,0.695735542394662
1.48991596638655,-0.0245097102625813
1.48991596638655,0.69573554243529
1.48991596638655,-0.0245097102619702
1.48991596638655,0.695735542407707
1.48991596638655,-0.0245097102620413
1.48991596638655,0.695735542410024
1.48991596638655,-0.0245097102621123
1.48991596638655,0.695735542410521
1.48991596638655,-0.0245097102621834
1.48991596638655,0.695735542414884
1.48991596638655,-0.0245097102621408
1.48991596638655,0.695735542415722
1.48991596638655,-0.0245097102622118
1.48991596638655,0.69573554242395
1.48991596638655,-0.0245097102620555
1.48991596638655,0.695735542408645
1.48991596638655,-0.0245097102618992
1.48991596638655,0.695735542410166
1.48991596638655,-0.0245097102626524
1.48991596638655,0.695735542426238
1.48991596638655,-0.0245097102620413
1.48991596638655,0.695735542406045
1.48991596638655,-0.0245097102619987
1.48991596638655,0.695735542415068
1.48991596638655,-0.0245097102624108
1.48991596638655,0.695735542419204
1.48991596638655,-0.0245097102611176
1.48991596638655,0.695735542398555
1.48991596638655,-0.0245097102624392
1.48991596638655,0.695735542425883
1.48991596638655,-0.0245097102610323
1.48991596638655,0.69573554240046
1.48991596638655,-0.0245097102628087
1.48991596638655,0.695735542429833
1.48991596638655,-0.0245097102618566
1.48991596638655,0.69573554243215
1.48991596638655,-0.0245097102613592
1.48991596638655,0.695735542389674
1.48991596638655,-0.024509710262226
1.48991596638655,0.695735542460429
1.48991596638655,-0.0245097102608192
1.48991596638655,0.695735542359973
1.48991596638655,-0.0245097102630503
1.49495798319328,-0.0583624535178906
1.49495798319328,-3.07482092132257
1.49495798319328,0.123407614507702
1.49495798319328,-0.058362453517848
1.49495798319328,-3.07482092132196
1.49495798319328,0.123407614508086
1.49495798319328,-0.0583624535180896
1.49495798319328,-3.07482092130907
1.49495798319328,0.123407614507446
1.49495798319328,-0.0583624535177627
1.49495798319328,-3.07482092130806
1.49495798319328,0.123407614507261
1.49495798319328,-0.0583624535177769
1.49495798319328,-3.07482092130597
1.49495798319328,0.123407614507645
1.49495798319328,-0.0583624535180753
1.49495798319328,-3.07482092131901
1.49495798319328,0.123407614507858
1.49495798319328,-0.0583624535177485
1.49495798319328,-3.07482092130907
1.49495798319328,0.123407614507901
1.49495798319328,-0.0583624535181038
1.49495798319328,-3.0748209213262
1.49495798319328,0.123407614508057
1.49495798319328,-0.0583624535184022
1.49495798319328,-3.07482092130592
1.49495798319328,0.123407614507531
1.49495798319328,-0.0583624535181322
1.49495798319328,-3.07482092131702
1.49495798319328,0.123407614507688
1.49495798319328,-0.0583624535175211
1.49495798319328,-3.07482092133482
1.49495798319328,0.123407614507844
1.49495798319328,-0.058362453518388
1.49495798319328,-3.07482092131682
1.49495798319328,0.123407614507887
1.49495798319328,-0.0583624535182317
1.49495798319328,-3.07482092131712
1.49495798319328,0.123407614507247
1.49495798319328,-0.0583624535179617
1.49495798319328,-3.07482092133617
1.49495798319328,0.123407614507745
1.49495798319328,-0.0583624535181464
1.49495798319328,-3.07482092131817
1.49495798319328,0.123407614508469
1.49495798319328,-0.0583624535179901
1.49495798319328,-3.07482092132722
1.49495798319328,0.123407614508057
1.49495798319328,-0.0583624535179474
1.49495798319328,-3.07482092132172
1.49495798319328,0.123407614507759
1.49495798319328,-0.0583624535179048
1.49495798319328,-3.07482092130747
1.49495798319328,0.123407614507688
1.49495798319328,-0.0583624535180896
1.49495798319328,-3.0748209213155
1.49495798319328,0.123407614507617
1.49495798319328,-0.058362453518388
1.49495798319328,-3.07482092130715
1.49495798319328,0.123407614507546
1.49495798319328,-0.0583624535183453
1.49495798319328,-3.07482092132837
1.49495798319328,0.123407614508157
1.49495798319328,-0.0583624535176206
1.49495798319328,-3.07482092129536
1.49495798319328,0.123407614506835
1.49495798319328,-0.0583624535184875
1.49495798319328,-3.07482092132101
1.49495798319328,0.123407614507673
1.49495798319328,-0.0583624535184448
1.49495798319328,-3.07482092131653
1.49495798319328,0.12340761450783
1.49495798319328,-0.0583624535181748
1.49495798319328,-3.07482092131876
1.49495798319328,0.123407614508213
1.49495798319328,-0.0583624535176774
1.49495798319328,-3.07482092133623
1.49495798319328,0.123407614508029
1.49495798319328,-0.0583624535185443
1.49495798319328,-3.07482092132163
1.49495798319328,0.123407614507958
1.49495798319328,-0.0583624535182743
1.49495798319328,-3.07482092131113
1.49495798319328,0.123407614508
1.49495798319328,-0.0583624535182317
1.49495798319328,-3.07482092131893
1.49495798319328,0.123407614508157
1.49495798319328,-0.0583624535186438
1.49495798319328,-3.07482092130946
1.49495798319328,0.123407614507517
1.49495798319328,-0.0583624535184875
1.49495798319328,-3.07482092130236
1.49495798319328,0.12340761450756
1.49495798319328,-0.0583624535182174
1.49495798319328,-3.07482092132824
1.49495798319328,0.123407614508512
1.49495798319328,-0.0583624535177201
1.49495798319328,-3.07482092131979
1.49495798319328,0.123407614507872
1.49495798319328,-0.0583624535177911
1.49495798319328,-3.074820921336
1.5,-0.0297756599757371
1.5,3.05166374979117
1.5,0.152768432828321
1.5,-0.0551433086571613
1.5,-2.0469610789583
1.5,0.0744293140942069
1.5,1.30342269225885
1.5,-2.17698512289475
1.5,-0.131954301771952
1.5,0.94504618916616
1.5,-2.37247260191664
1.5,-2.44460466821793
1.5,2.09550368925539
1.5,0.475070841689334
1.5,-1.78126016934832
1.5,1.18499421106569
1.5,2.62071118463635
1.5,1.50845574269629
1.5,-0.043109849621306
1.5,0.0701766585921995
1.5,1.35468619334909
1.5,2.68370917490956
1.5,0.958573585678653
1.5,-0.0224752980332177
1.5,-3.08344215301419
1.5,0.116040507943939
1.5,-0.0585280188204145
1.5,-2.3666231163122
1.5,-3.00959269659807
1.5,0.121630064930873
1.5,-0.0572739034249174
1.5,-2.27010655597728
1.5,-1.43706906874027
1.5,1.43358600943623
1.5,-2.05226385752107
1.5,0.0665754250902175
1.5,-0.728349509032835
1.5,0.938622214256863
1.5,-2.33741585507869
1.5,-1.8462169982762
1.5,2.81886807162379
1.5,0.390161825116937
1.5,-0.0366264252438278
1.5,-2.43399534062573
1.5,2.22612747204871
1.5,1.22631638776006
1.5,-2.49530548060919
1.5,1.89450441229193
1.5,-0.0146034630466936
1.5,-0.0725118390036421
1.5,0.671853011641421
1.5,-0.0230378350427749
1.5,1.86525882765526
1.5,-0.0672826885858377
1.5,-0.0199349275628968
1.5,-0.072671594947483
1.5,0.421575474602296
1.5,-0.0320944927389633
1.5,2.96226853162279
1.5,0.21557907056836
1.5,-0.049079965808259
1.5,-1.8395088770228
1.5,-3.03469371916541
1.5,0.127119902053195
1.5,-0.0565498625765408
1.5,-2.21296437535407
1.5,-0.737132019621788
1.5,1.15167202538246
1.5,-2.4122673513952
1.5,-3.14006212921045
1.5,0.122197139755761
1.5,-0.0581756198660059
1.5,-2.31392314833625
1.5,-2.11608803020541
1.5,-0.0676310926587744
1.5,0.979163556482083
1.5,-2.41609619869904
1.5,3.07525257000506
1.5,0.142014483790904
1.5,-0.0562411002239744
1.5,-2.12767533134442
1.5,-0.120015736846527
1.5,0.949378939041109
1.5,-2.37861694921165
1.5,-2.55269108619472
1.5,1.04841838884429
1.5,-0.0208727356941814
1.5,3.11531780374142
1.5,0.128649097603018
1.5,-0.0575823452305855
1.5,-2.24927952279127
1.5,-1.15487655216463
1.5,1.33433359682215
1.5,-1.94938800143179
1.5,0.555561382758612
1.5,-0.0323353332733385
1.5,-2.41520658918005
1.5,2.49471056656212
1.5,-2.171229623818
1.5,-0.100776350208317
1.5,0.957730639617635
